TOURNAMENT,PLAYER,COMMENTARY 
CHENGDU,T. Daniel,"CHENGDU: ""The conditions suit me well because the balls fly a bit due to us being in the mountains,"" said T. Daniel. ""I played well here last year."""
,Kachmazov,"after beating T. Daniel: ""It was very hot. I couldn't hit a lot of balls because it's very tough to move. But today was my day. It was very important to win the first set, this made it tough for him. Then I was hitting the balls perfectly, but these are very tough conditions. I don't know how many degrees it is now?!"""
,Shang,"CHENGDU: ""The conditions suit me with the fast court and slight altitude,"" said Shang after beating Nishikori."
,Balls,"SHANGHAI: Yonex has been selected as the official ball supplier for the ATP Tour Rolex Shanghai Masters 1000, Kinoshita Group Japan Open 500, and Chengdu Open 250 for the 2025 season. 2024 Record of Usage in Tournaments: ATP250 Chengdu Open - WTA500 Toray Pan Pacific Open - WTA250 Guangzhou Open."
,Mpetshi,"CHENGDU: ""The court here is pretty fast and the bounce is high, which suits my serve and allows me to play aggressively, so I like the conditions,"" said Mpetshi Perricard."
,,
HANGZHOU,Medvedev,"the ATP is now working to change the courts. For example, in Hangzhou it was very fast, in Beijing and here – slow, terribly slow."" On his own preference: ""I used to hate it, but now, generally speaking, I'm getting the hang of it."""
,,
,,
,,
LAVER CUP,,
KINOSHITA GROUP JAPAN OPEN TENNIS CHAMPIONSHIPS,Fritz,"on the Tokyo conditions: “I’ve been here before and like playing here but to be honest, the conditions are so different from the year I won my title here. When I won it was with different balls and it was extremely quick, lightning fast so I loved it. Different conditions but I think it helps being familiar where you are and knowing you’ve had success here.”"
,Rune,"on the balls in Shanghai: ""The ball is not that hard to play with. It’s just a little heavier, so you have to hit it a little more strongly. I’m not a player lacking power. It’s different from the Dunlop ball we had in Tokyo last week."""
,Colin,"TOKYO: ""It's so effective being able to take the ball early on these courts,"" Colin Fleming said on tennis TV. ""It's also a relatively low bouncing court."""
,J.Melzer,"""The hard court is a touch slower than expected. That might also be because it's relatively cold in the hall. Otherwise, the conditions are perfectly fine; it's a fair surface,"" said Austrian Davis Cup captain J. Melzer."
,,"TOKYO: ""...multiple players have pointed out that the court is fast and the bounce is low. Nishioka's general strategy is to throw his opponent off balance with high-bouncing topspin, but it didn't work here."""
,Tommy,"TOKYO: “It’s pretty quick, we also changed balls from last week, so they were flying a little more here,” T. Paul said after beating Altmaier."
,Tommy,"TOKYO: ""Super fast conditions,"" T. Paul said ahead of his match with Altmaier."
,Shapovalov,"TOKYO: ""The courts are playing pretty quickly, so if you're putting a lot of first serves in, I think the percentage to win the point is really high here,"" said Shapovalov."
,Kygrios,"TOKYO: ""The court is obviously playing faster compared to normal hard court events,"" said Kyrgios. ""I'm not complaining about that, to be honest. I think big servers and guys who like to take the ball early and have flat backhands, I think it suits our game style. The court's probably faster than average, but I like it."""
,Fognini,"TOKYO Olympics: ""This is not tennis,"" said Fognini. ""Conditions are extreme. It's so hot. Courts are fast and the ball almost flies."""
,Bagnis,"TOKYO Olympics: “The courts aren't that fast, but the ball bounces very high and you need to be careful because otherwise you end up sending the ball very far away,” said Bagnis."
,,
CHINA OPEN,Shang,"""It's tough to serve with a heavy ball. In Shanghai and Beijing, both of these tournaments are quite slow, the courts and the ball gets fluffy. But overall I think I found a good rhythm, more placements instead of speed. I'm not the strongest guy ever, so I got to look for the placements and play really smart."
,Cobolli,"BEIJING: ""I like [the balls] a lot, I feel good,"" said Cobolli. ""When they open up a bit I play better and have fewer problems than in opposite situations like in New York, for example. I benefit from playing with balls like these from Beijing. You have to be careful about the string tension and other external factors, but in general I feel very good. I also like the court, with rather high bounces."" Ball: Head"
,De Minaur,"BEIJING: ""The conditions are slow so I gave myself a bit of room to return,"" said De Minaur. ""When the balls are so big and also quite slow, it’s tough to be aggressive and almost counterproductive at certain times. I’m still finding out what’s the best way forward in terms of tactically on these slower courts.”"
,Medvedev,"BEIJING: ""I would say it’s not slow and it’s not fast,"" said Medvedev. ""More to the slow side, but nothing like Indian Wells for example."""
,Medvedev,"BEIJING: ""It was a tough match. It's not easy to play here,"" Medvedev said after beating Monfils. ""The balls... every week on the calendar, I feel they can't get any slower, but every week I feel they are at least as slow as the previous ones. They become huge, after two games it's almost impossible to hit a winning shot unless you have a very, very fast hand, like Sinner, Alcaraz, or maybe Grigor Dimitrov. There was a moment when we were both aware that we couldn't make winners: we ran, ran, and kept the ball in play. I was able to do it better, so happy to win. I think he got a bit more tired than me, so I could keep doing it and he lost a bit of rhythm."""
,Medvedev,"BEIJING: “I don’t know who is capable of playing aggressively with these balls,” Medvedev said. “They only get bigger and slower. Apart from maybe Sinner and Alcaraz, I don’t know who can play aggressively with these balls.”"
,Berrettini,"BEIJING: “I always love playing on hard courts but every court is different and I think this one is slower,"" said Berrettini. ""My serve worked well today and it suits my game well.”"
,Zverev,"BEIJING: “The conditions really changed, it went from a day match to a night match,” A. Zverev said after beating Jarry in three. “It became slower which seemed to suit him as he was able to hit the ball harder and flatter and still keep the ball inside the court.”"
,Sinner,"BEIJING: “I feel good on this court,” said Sinner. “It’s are a little bit different. It depends how hot it is but tonight it felt like playing indoors and it felt a little slower.”"
,,
ROLEX SHANGHAI MASTERS,Musetti,"The balls are heavy due to the humidity, the conditions are slow. The heat and humidity have affected matches and led to many withdrawals. You have to be careful, stay hydrated. I feel very good, having some ‘off’ days allows you to better manage your daily routine.”"
,De Minaur,"""The conditions are tough, very slow,"" said De Minaur. ""It is very different from what we have been playing. It feels like the slowest conditions I have played in on the circuit. The balls become huge after a couple of games, and the court speed is very, very slow. But there is nothing you can do other than adapt and accept it. So, I am glad to have found a way to win."""
,Medvedev,"SHANGHAI: ""Compared to 2019 the courts are 25 times slower, they're so slow,"" said Medvedev. ""It reminds me of Indian Wells. I used to hate playing Indian Wells but now I play my best tennis there. It is what it is. It's very slow. I don't think it's the balls, it's the court, it's very, very rough. It's ok for me and I'm looking forward."""
,Shang,"In Shanghai and Beijing, both of these tournaments are quite slow, the courts and the ball gets fluffy. But overall I think I found a good rhythm, more placements instead of speed. I'm not the strongest guy ever, so I got to look for the placements and play really smart."""
,Fritz,"SHANGHAI: ""It is really different than Tokyo, the ball bounces really slow and I was struggling to get a read on it. I had to play really differently and I didn’t have time to play any practice sets. It is incredibly slow here and if I’m being honest the condition change this year is incredibly bad. Last year the courts were obviously fast on the speed index but the balls were slow so I felt the conditions were actually on the slow side but now the slowed the courts down, the balls are maybe not as slow but they fluff up very quickly so it’s difficult to do anything with them. That’s not to mention the humidity, it feels like the ball is going nowhere,"" said Fritz."
,Fritz,"“It’s brutal to be on the side of the draw that plays Friday instead of Saturday. I injured myself in the Tokyo final and I am still feeling it a bit on my leg. I’m feeling way better than I expected. It is incredibly tough conditions here. It is really different than Tokyo, the ball bounces really slow and I was struggling to get a read on it. I had to play really differently and I didn’t have time to play any practice sets. It is incredibly slow here and if I’m being honest the condition change this year is incredibly bad. Last year the courts were obviously fast on the speed index but the balls were slow so I felt the conditions were actually on the slow side but now the slowed the courts down, the balls are maybe not as slow but they fluff up very quickly so it’s difficult to do anything with them. That’s not to mention the humidity, it feels like the ball is going nowhere.”"
,,"SHANGHAI: ""They use thicker enamel paint here and the balls really shoot off the lines,"" said Tennis TV's Leif Shiras."
,Rune,"on the balls in Shanghai: ""The ball is not that hard to play with. It’s just a little heavier, so you have to hit it a little more strongly. I’m not a player lacking power. It’s different from the Dunlop ball we had in Tokyo last week."""
,Nishioka,"agreed with Medvedev's comments about the balls used in Shanghai: ""Recently, there are many balls and courts that have this tendency, and powerful players have an overwhelming advantage, and from the side that fights with timing and speed, there are more and more moments when nothing works. No matter how much you hit, you can't push your opponent, so you just get hit and lose, and there are more and more patterns, and you can't do anything on those courts and balls."""
,T.Daniel,"on the balls used in Shanghai: ""Wilson balls have a very hard feel and don't have much spin, and the feeling is different every year. They're so heavy I feel like I could play ground golf with them."""
,Medvedev,"""I feel at this point, the ball companies are trying to make the worst possible balls and the ATP are doing nothing about it. Beijing, Shanghai and Roland Garros, it's not good enough for professional tennis. They get big. I tried to hit the ball but it just doesn't go from the racquet. Sinner and Alcaraz, guys like that, can generate more power."""
,Shelton,"SHANGHAI: ""I like most hard courts,"" said Shelton. ""But I really like the hard courts where the ball doesn't get destroyed and shredded, and this is a mid-speed hard court that bounces pretty well, and it's usually not too windy."""
,Djokovic,"""Historically, the courts in Shanghai were among the fastest on the entire circuit, but since last year, they seemed to have slowed down somewhat,"""
,Djokovic,"""It's still a rather fast court; what has changed are the balls, which slow the game down a bit more. In any case, a good serve is a great advantage here. We are witnessing increased speed on all courts, like at the US Open, where the change from one year to the next was drastic. I consider it important for changes to be more gradual."""
,Tommy,"“The balls get a little big, but the courts are nice and fast and they don’t bounce that high,”"
,Fritz,"""The courts are always fast, but you switch balls, the balls are very, like, soft, slow, they can be kind of dead,"" said Fritz. ""So I would say the combination of the two makes it like a medium, I would say a medium speed. I think it goes through, especially on the serve, but sometimes when you kind of spin a ball from the baseline it's a bit, I fee"
,Korda,"The balls get pretty fluffy out here so it gets a little bit slower,"" said Korda."
,Medvedev,"SHANGHAI: “It used to be one of the fastest courts on Tour, but now I don’t know what is slower, here or Indian Wells,” said Medvedev. “But I’ve played well on slow hard courts so I hope to keep going.”"
,,
ALMATY,Medvedev,"on serving in Almaty: ""It’s a mix of everything and for sure the altitude here helps, because you can see in every match that whenever the serve is precise – not even strong – it’s tough to return it, so you don’t have to go full power, compared to somewhere like Shanghai, for example. For sure when you don’t go full power you can gain a higher percentage."""
,Medvedev,"""It’s very fast, especially on the centre court. I was a bit surprised at the beginning because I’d only played on the practice courts, and on this court it’s a bit faster and the ball is sliding more, so I had to adjust my game."""
,Khachanov coach,"""Of course, it's very difficult to prepare for the high altitude until you've arrived here and aren't preparing here. So, essentially, we've only just begun preparing for it. Although there aren't that many meters here, about 800, it's still a challenge. We were here last year, and it wasn’t easy — especially returning serve. You just need to get used to it, and that takes time."" On the adjustment process: ""Sometimes on the first day, you expect it to be hard to feel the ball, and then you actually feel it right away. But the next day you think, 'Oh, great! I felt it yesterday,' and suddenly the ball starts flying away. We even discussed this with Karen — it’s funny how quickly it changes. I told him, 'Okay, let’s go back and act like it’s the first day again, expecting it to be difficult.' You can’t be 100% prepared unless you come here 10 days in advance, but we’re doing everything possible. There’s no other way."""
,Khachanov,"ALMATY: “It’s kind of a slow court, with a low bounce, but there’s altitude so you have to adjust,” said Khachanov."
,Engel,"“The balls are flying, but I practiced here for three days and I love to play here.”"
,Nakashima,"""You have to get used to the altitude, but I got here early and adjusted to the conditions."""
,,
BNP PARIBAS FORTIS EUROPEAN OPEN,Musetti,"BRUSSELS: ""The conditions weren't easy, because the court is very fast and it's not, let's say, ideal for my game,"" said Musetti."
,Aliassime,"The last two weeks in Basel and Brussels, the balls were normal. When you play tennis every day of your life, there's a real difference, it's monumental."""
,,
,,
,,
,,
BASEL,Fritz,"""I wasn’t expecting that level necessarily. As we played the match I started to see why those conditions suited him really well. When the balls got worn out and I was struggling to put anything on the ball, it slowed down a lot because the balls got big. I thought that was when he was controlling me the most and dominating me. In the slower conditions he played much better. In the last game I got the break with new balls. I was more in control of the match when it was playing a bit faster.”"
,Fritz,"I’ve always felt the conditions in Basel suited me better. I was actually shocked by how fast it is this year — I remembered it being quicker than Vienna, but it’s even faster than I thought. I like it, though. I’m excited to play in these conditions, and I’ve always really enjoyed this tournament."""
,Shelton,"It’s a fast court, and I really like playing here. The atmosphere is great; I think it’s really cool how the crowd is kind of in the dark while the court is in the spotlight."
,Fokina,"BASEL: ""It’s not easy to adjust from Brussels,"" said Davidovich Fokina. ""I only had one day to practice, and it was on another court with a different speed. The centre court is slower, and the balls are getting heavy."""
,Aliassime,"BASEL: “The ball is going pretty fast here, and with a high bounce,” said Auger-Aliassime. ""The court here plays slightly different to the last couple of weeks so I am slowly adjusting to it."""
,Alcaraz,"BASEL: ""For me, it's a bit slower than the other tournaments,"" said Alcaraz. ""But obviously I had to handle that, I had to work on my problems and change my tactics a little bit in the second set."""
,,
VIENNA ,Cobolli,"VIENNA: ""[Indoor] is now one of my favorite conditions; on a court like this that isn’t very fast and where the balls bounce up I feel very comfortable,"
,Berrettini,"VIENNA: “The conditions are really good,” said Berrettini. “I really like the conditions. It’s kind of bouncy and feels like there’s a little bit of altitude.”"
,Medvedev,"VIENNA: ""When you play on this kind of a faster surface, with two good servers like me and Stefanos, to break you need this one game where you play good,"" said Medvedev. ""On slower hard courts, you can build this pressure, getting to 30-30 and then to deuce, but here on these faster courts, you need to have that one game where you play well and get to the break point and then play well on the break points, which I did well today."""
,,
PARIS MASTERS,,
,,
BYBIT STOCKHOLM OPEN ,Cilic,The conditions are a little slower
,Norrie,"STOCKHOLM: ""I think the conditions here [suit me], the ball is quite slow so I think I feel good here,"" said Norrie."
,Dimitrov/ Rublev,"STOCKHOLM: (X.com) ""Grigor Dimitrov about the controversial Robin Soderling balls that are used in Stockholm and also a never ending ball topic on the ATP tour: Using so many different types of balls is 'unheard of in any other sport'. Calls Robin Soderling balls 'very interesting'. Andrey Rublev called them 'broken' earlier today"
,,
NITTO ATP FINALS,,
UNITED CUP ,,
BRISBANE INTERNATIONAL PRESENTED BY ANZ,Michelsen,""" The conditions are very fast,"
,Michelsen,"""It was definitely tough out there. The conditions are very fast and he was hitting the ball well,"
,Mpetshi,"BRISBANE: ""I love the surface here it’s very fast,"" said Mpetshi Perricard."
,Medvedev,"BRISBANE: “The court is pretty fast so you need to serve well. It was a bit different playing in the day but today wasn’t that hot or humid. Today feels very cool though and I didn’t sweat too much. Even though last match was a night session I still sweated a lot more. Hopefully it can stay cool until the end of the tournament,” said Medvedev."
,Medvedev,"BRISBANE: “Last year, even though I played poorly by my standards, it was a good year in terms of ball conditions and court speeds,"" said Medvedev. ""Here in Brisbane the court is super fast. It felt like the US Open last year. Courts are getting faster again, and I like it.”"
,Safiullin,"BRISBANE: ""It's a fast hard court, and fast balls, so if you can serve well it puts more pressure on your opponent,"" Safiullin said after beating Arnaldi."
,,
BANK OF CHINA HONG KONG TENNIS OPEN,Bublik,"HONG KONG: ""It’s great to play here and I felt well on the court, this is probably one of the fastest courts I played throughout the season,"" said Bublik. ""It’s an enjoyable atmosphere, I enjoyed the city, I enjoyed the court, I hope to continue the same way."""
,Cilic,"HONG KONG: “It’s always tricky against Mannarino; he is fantastic on these kinds of fast courts,"" said Cilic."
,Sonego,"HONG KONG: ""But the court is really fast … it was easier for me to stay aggressive and go to the net,” Sonego said after beating Nakashima"
,,"HONG KONG: TennisAsia on X.com: ""The courts in HK seem to be playing noticeably quicker in the daytime than evening matches."""
,,
ADELAIDE INTERNATIONAL,Vacherot,"ADELAIDE: ""The conditions were not easy at the beginning with the sun and the wind coming in,"" Vacherot said after beating Kecmanovic. ""I didn’t expect the wind to get in that much with the roof, but it did. The courts fit his game pretty well, which is why I'm very happy with the win. When it got cooler later, the court slowed down a bit, which helped me."""
,Korda,"after beating Davidovich Fokina in Adelaide: “It’s hot and fast here; it feels like home.” On his fitness: “I had a little hiccup in Brisbane with my back, but I’m just happy to be back and to win my first match of the year.”"
,Kokkinakis,"ADELAIDE: ""Serving only four aces is not something I'm used to, especially on a fairly quick playing surface,"" Kokkinakis complained after his loss to Lajovic. ""When the balls get super slow it feels like there's a ton of time on return. He was rolling them on his sweat to try to speed them up a bit. The balls, after a few rallies, get super slow and they turn into lemons. It makes it tough, especially when it's colder, to get much power on the ball."""
,Lehecka,"ADELAIDE: “I am very confident on this court with in these conditions,” said Lehecka. “I like it very fast.”"
,Djokovic,"ADELAIDE: ""He is one of the best servers in the world, definitely on these courts where it is quick and the ball skids through, it is tough to play him,"" Djokovic said after beating Medvedev."
,Cilic,"ADELAIDE: ""[The] courts here are quite quick. I feel that’s good for my game,"" said Cilic after his win over Djere."
,,
ASB CLASSIC,Raducanu,"AUCKLAND (indoor): ""The courts are incredibly slick,"" Raducanu said last week."
,Ruud,"AUCKLAND (indoor): ""The court was blistering fast,"" said Ruud. ""In a way, it’s unlucky and a shame for the tournament that we have to play these matches indoors."""
,Norrie,"AUCKLAND M: ""I felt Centre Court was very fast and it really suited his game well, so I had to play well and I obviously the start of the season pretty decently,"" said Norrie after beating Lehecka."
,,
AUSTRALIAN OPEN,Sinner,"AUSTRALIAN OPEN: ""...the ball is bouncy here,"" Sinner said after beating Shelton. ""Playing in the evening helps a bit because it's less bouncy, but it's still very difficult [to return his serve]."""
,Sinner,"AUSTRALIAN OPEN: ""The court loses pace,"" said Sinner. ""From 7:30 onwards, it's a bit different. The conditions changed in the third set; there was a moment when everything became quite slow, the ball was inflating a bit more."""
,Harri,The conditions were hot and the bounce was high
,Bublik,"AUSTRALIAN OPEN: ""I had played all my matches on Margaret Court, which was pretty fast there,"" said Bublik. ""Rod Laver Court was definitely slower. The court was really slow. It's one of the slowest courts I've ever played on, I'd say along with Indian Wells, but that's not an excuse. It's just a fact. I should have adapted faster. I should have had a game plan in case the court was slow, because I had never hit on Rod Laver before. I had always practiced on Margaret Court or John Cain. I thought the conditions would be similar, and it was probably my mistake not to delve deeper and control it better."""
,Sonego,"the conditions are very good, the courts are very fast and I can do a lot with the service"
,JM Cerundolo,"AUSTRALIAN OPEN: ""It was tough conditions,"" Thompson said after beating JM Cerundolo. ""It was so hot at the start, the court was playing quick, playing a lefty, playing at your home Slam, and he was playing well. To sneak a break at the end of the second set and then roll away with the match was probably the most pleasing part."""
,Halys,"AUSTRALIAN OPEN: ""The courts are quite fast; these are probably the fastest playing conditions we have all year,"" said Halys. ""I really like it. We did a lot of soul-searching at the end of last year. We realized that the conditions on tour had slowed down considerably and no longer suited my aggressive game, so we had to rethink a lot of things and work differently. It was very hot today, so I’m glad I only played three sets."""
,Mcdonald,"I enjoy the conditions. It’s quite quick when the sun’s out like today, the ball flies through the air, and there’s a little bit more oomph. Then with the crowd behind me it’s a win-win."
,Medvedev,"""The conditions felt slow, so we were both breaking each other’s serve a lot,"""
,Alcaraz,"AUSTRALIAN OPEN: ""[The balls} could be slightly heavier compared to the end of last year, as two months have passed,"" said Alcaraz. ""I train with different balls in the preseason, so I can’t compare them to last year’s; I don’t remember them too well. I feel them slightly heavier. The conditions are fast, the courts are fast, and when it’s hot, even more so. However, the ball may be slightly heavier."""
,Humbert,"AUSTRALIAN OPEN: “The conditions are fast, and I like that! It suits my game,"" said Humbert. ""I’ve acclimated well, even with the heat, including two days of 38-39 degrees.”"
,Kygrios,"AUSTRALIAN OPEN: ""This court plays really slow at night and the kick serve doesn't really work as well,"" Kyrgios said in commentary."
,Korda,"AUSTRALIAN OPEN: ""...the conditions are super quick and it's always packed here,"" said Korda."
,Sonego,"AUSTRALIAN OPEN: ""...the conditions with the sun were very fast, the ball was flying,"" Sonego said after losing to Alcaraz."
,Dimitrov,"AUSTRALIAN OPEN: ""It was hot and the courts were lively today,"" said Dimitrov."
,Parcell,"AUSTRALIAN OPEN: ""I played Casper in Cincinnati in relatively lively conditions,"" Purcell said. ""Balls are a little lighter there and more bouncy, but it’s hot here."""
,Machac,"""I play well here, the surface is quite fast,"""
,Murray,"AUSTRALIAN OPEN: “The courts are not slow. But the balls… when we started tonight, at the beginning of the match, it felt like there was no pressure in the ball, flat almost. Thanasi was complaining about it quite a lot during the match as well. So it’s just difficult to hit winners,” said Murray. "" You've seen it. There was a 70-shot rally yesterday, multiple 35-45-shot rallies, which is not normal."""
,Aliassime,"AUSTRALIAN OPEN: “I never complain about this but the balls are not bouncing,” Auger-Aliassime could be heard saying. ""I mean, we’re hitting normal but I don’t know. I know you can’t do anything, but I don’t know if it’s the batch of cans but it’s terrible."" The umpire replied: “I’ll double check this to make sure they’re feeling normal.” Auger-Aliassime handed the ball to the umpire but was fuming. “I’m bouncing the ball to serve, I know, I know (what it is supposed to feel like),” the sixth seed said. “I’ve never seen it before.”"
,Svrcine,"AUSTRALIAN OPEN: ""The conditions were different today, the balls didn't jump as much,"" Svrcina said after losing to Nishioka. ""It was played in the evening and it was cold. It was a completely different match than the others."""
,Medvedev,"AUSTRALIAN OPEN: “I’m not sure the court is as slow as people are saying,” Medvedev said after beating Giron. “We played at night and it was pretty humid, but if you play in the day I think the courts are pretty fast.”"
,Djokovic,"AUSTRALIAN OPEN: ""The court is the quickest its been here for 15 years,"" said Djokovic. ""I feel comfortable playing here. But this is the fastest it has ever been – it’s not only my opinion, I’ve been talking to a lot of players."""
,Duckworth,"AUSTRALIAN OPEN: ""The courts are quicker which is going to favour those with a more attacking style,"" said Duckworth. ""It's also going to be a bit warmer in a couple of days so that will help also."""
,Bolt,"AUSTRALIAN OPEN: ""The conditions are defiantly a lot faster this year,"" said Bolt. ""Not sure whether is the courts or the balls, but the court certainly felt a little slicker out there today. I like the quicker conditions as it allows me to get a bit more out of my serve."""
,Kygrios,"AUSTRALIAN OPEN: ""It was really, really slow, especially when the sun went down. It was freezing in that arena,"" said Kyrgios."
,Federer,"AUSTRALIAN OPEN: ""I think the surface is pretty quick with the new balls, but as the balls fluff up after a couple of games, it definitely slows down a lot,"" said Federer. ""I do however believe the courts are likely to speed up the more we play on them throughout the week."""
,,
OPEN OCCITANIE,Borna,"MONTPELLIER: ""I would say that Belgium [Ottignies-Louvain-La-Neuve] was a little bit slower, but the conditions here are similar, yep,"" said Borna Coric following his win over P. Martinez Portero."
,Mayot,"MONTPELLIER: ""The ball was slow a bit on this court,"" said Mayot. ""The serve is not counting so much."""
,,
NEXO DALLAS OPEN,Tommy,"DALLAS: ""It was tough for him on these courts since they are quite fast and the balls don’t bounce much,"" T. Paul said after beating Opelka."
,Fritz,"DALLAS: “It was great,"" said Fritz. ""I’d say it’s playing pretty medium speed. When the balls get a bit more worn out it gets a little slower. But a pretty solid speed overall.”"
,Sandgren,"DALLAS: ""Is it possible to play on a court that actually bounces?"", said Sandgren during his loss to Giron."
,,
ABN AMRO OPEN,Rublev,"ROTTERDAM: ""For me it looks like it is slow but in the end when I start to play rallies I didn't really have rallies,"" said Rublev. ""I think maybe it because of the balls. The court looks not that fast, but it is really tough to control the ball and keep inside the court is tough. I guess this is one of the reasons."""
,De Minaur,"ROTTERDAM: ""The court is very slow, very heavy,"" said De Minaur. ""A huge contrast from the Australian Open. It makes you adjust a lot tactically, the way you play, you cant be as aggressive as you give your opponent a lot of time to pass you or retrieve a lot of balls. You have to be smart when you are attacking or defending. Expect to see a lot of rallies."""
,Hurkacz,"ROTTERDAM: ""I have already been able to train on the centre court. It's a relatively slow track, so I think we'll see a lot of rallies,"" said Hurkacz."
,Tsitsipas,"ROTTERDAM: ""The conditions here are very slow, so I has to stay in the rally and then go for the point,"" said Tsitsipas."
,Medvedev,"ROTTERDAM: ""The courts are really slow here,"" said Medvedev."
,Evans,"ROTTERDAM: Dan Evans had a somewhat contradictory view of conditions, saying ""They're pretty quick. I find it hard to hit the ball quite hard, if that makes sense. They're definitely great for the slice and the serve."" He had just played on court 1."
,Goffin,"ROTTERDAM: ""The surface, for an indoor tournament, is not that fast. So a lot of players can play well here, guys with a big serve, but also you can play some rallies and play solid,"" said Goffin."
,Fognini,"ROTTERDAM: ""I think the ball at the beginning is really fast. After 7, 10 minutes they get bigger. The court [surface] is quite good,"" said Fognini. Presumably by nice, he means not too quick."
,Busta,"ROTTERDAM: ""This court here is not that fast and that is good for my game,"" said Carreno Busta."
,,
IEB+ ARGENTINA OPEN,,
QATAR EXXONMOBIL OPEN,Medvedev,"DOHA: ""It’s very different here,"" said Medvedev. ""During the day it can feel fast because of the heat, but at night it’s a completely different story. The court feels slower, there are a lot of rallies, and you can get more breaks of serve."""
,Medvedev,"DOHA: ""Marseille was actually pretty fast, surprisingly, because usually it’s quite slow,"" said Medvedev. ""Then Rotterdam was super slow, and here in Doha, it’s even slower."""
,Federer,"DOHA: ""It's just that when we were practising, the court was faster in the past so this was slower,"" said Federer. ""I knew it could be a little bit tricky, [working out] how to construct the point against him on a slow court, but look, it felt great to be out there again regardless of the outcome."""
,,
RIO OPEN PRESENTED BY CLARO,Berrettini,"ahead of Santiago: “One of the motivations for coming was to play at altitude. It’s a condition I adapt to well. I played good matches in Buenos Aires and here in Rio de Janeiro, and I hope to repeat that level.”"
,Etcheverry,"RIO DE JANEIRO: ""Here, the conditions are very different when you start playing at 16:30, like what happened to me: there, with the heat, the ball is very fast,"" Etcheverry. ""Then, when it gets late, it becomes very slow. And the ball couldn't move after the rain. Now I have another great opportunity and I'm gaining confidence."""
,Fonseca,"RIO DE JANEIRO: ""The courts are quite similar,"" said Fonseca. ""Buenos Aires feels more like Europe, and here the ball goes a bit slower, but it's also good. The most different thing is the weather compared to Europe. It's hotter here with more humidity, and I think the fans are very important. It's part of the culture of Argentina and Brazil, maybe because of football. They cheer a lot, sometimes it's too much, but I think it's a great atmosphere and that's the best thing about South America."""
,Zverev,"ahead of Rio de Janeiro: ""I like playing in warm conditions, the ball kicks a bit higher. Yesterday I practiced for three hours. I expect to play better than in Buenos Aires."" On Brazil: ""Beautiful country, looking forward to play this tournament for the first time. The club is really nice, hopefully it's a good week."""
,Fils,"comparing the South American clay courts to the European: ""These are frankly completely different conditions. The humidity, the clay is much heavier. In South America, it's quite fast but you have to hit ten balls just to make a point. It did however allow me to train a lot on the surface. I was a little sick at the start of the South American swing but at the end of Rio de Janeiro and in Santiago, we worked well. Now, I feel comfortable travelling and playing the game. Some people haven't played on clay for a year... We'll say that South America was a great experience. I didn't win many matches, but I trained well. Now I'm fine."""
,Norrie,"""I feel like the balls get quite big so it's, it can be quite slow and the court is quite heavy and it was,"
,Norrie,"RIO DE JANEIRO: ""I know it’s difficult, you know, the conditions are tough,"" said Norrie. ""It's really humid, and yeah, everyone is tough regardless of their ranking here on this tournament, you know, with the condition here being quite slow and you have to win the point three or four times. But yeah, I think from last year I can take a lot of confidence knowing that I can do really well in these conditions and I can be really tough to beat."""
,,
DELRAY BEACH OPEN,Fritz,on next playing Alejandro Davidovich Fokina: “Davidovich Fokina is a tough player. He’s really quick. It’s slow conditions in Delray Beach so I’m going to have to work extra hard for a lot of points. I love the crowd here in Delray Beach and the late night matches are great.”
,Sean,"DELRAY BEACH: ""Conditions here in Delray Beach at night are very slow. It's very humid. The ball fluffs up so it's not easy conditions,"" said Sean Calvert."
,Nishioka,"DELRAY BEACH: ""As other players have said, even though it's the same ball as last week, it feels completely different, heavier. The ball doesn't fly well, and despite the high temperature, I'm even contemplating slowing it down further. I wonder if it's the quality of the balls or if it feels that way because of the weather,"" said Nishioka."
,Karlovic,"DELRAY BEACH: “It was pretty fast here. It’s always fast, but never like this. It’s really good for my game,” said Karlovic after his win over Andujar."
,Opelka,"DELRAY BEACH: Opelka said, ""The conditions were much different last week [in New York, which was] indoors, but much slower. This court is where I want to play [Nishioka]. These are much better conditions for me to play him. I played well."""
,Opelka,"after beating Kwon: ""[The conditions were] ugly, but that's part of it. Given the circumstances I served unbelievably. It was one of the windiest matches I've played in a while, so I'll take it... I think it's common to see servers do well here [in Delray Beach]. The court is so live and the balls are so live."""
,,
ABIERTO MEXICANO TELCEL PRESENTADO POR HSBC,Cobolli,"ACAPULCO: ""We know it’s difficult to play here, it’s very hot and humid, and the balls are very slow and so is the court,"" said Cobolli."
,Rune,"ACAPULCO: “It’s nice conditions. It’s very humid and it takes a little bit of time to get used to it, but I love it. The fans are great. The balls are a little bit slower, but I’m sure I’ll get used to it,” said Rune."
,Ruud,"on playing Acapulco: “Acapulco is a tournament with a lot of history. I wish I could’ve experienced it on clay as it used to be but hard court before Indian Wells makes more sense. It is a slower hard court though. Everything is comforting here, we play evening matches which is fun because there isn’t as much sun. It’s definitely one of the best ATP 500’s.”"
,T.Daniel,"ACAPULCO: ""Here, the court is slow and the ball bounces tremendously, so the rally becomes long and it becomes a physical battle,"" said T. Daniel after coming through qualifying."
,,
DUBAI DUTY FREE TENNIS CHAMPIONSHIPS,Medvedev,"DUBAI: ""If I get fast courts like this, I can do great things, but there aren't many courts like this on the circuit,"" said Medvedev. ""I only remember Brisbane's court, and I played well there. I'm happy with how I played today, and my serve was also on point. When you don't have to hit the line to get an ace, it's quite appreciated. Overall, very pleased with how everything went and eagerly looking forward to playing the final."""
,Humbert,"DUBAI: ""I can’t complain because we don’t have many fast courts anymore,"" said Humbert. ""I think it’s nice to have these kinds of conditions. It’s fast, but I enjoy it, and it’s good to have more specialists."""
,Mensik,"""We are both great servers, so on a fast surface like this it will be a battle of the serves."
,Bublik,"DUBAI: ""On such a fast surface like here, outdoors, it works better,"" Bublik said of his serve."
,Wawrinka,"DUBAI: ""Yeah, it’s a bit different from the practice court,"" said Wawrinka, following his win over Hassan which finished around 18:15 in the evening. ""It’s a bit slower, a bit more humid. Today the conditions were slower with the ball, so it was tough at the beginning to really find my game. I was a little bit tight, but I served well. I stayed really focused, really positive, and I’m super happy with this match."""
,De Minaur,"DUBAI: ""It’s very different conditions coming from Doha here to Dubai,"" said De Minaur. ""It’s a lot warmer here, and the conditions are a lot quicker. It’s going to take a little bit getting used to these conditions."""
,Rublev,"DUBAI: ""I mean, here is completely different conditions in Dubai,"" Rublev said yesterday. ""I don’t know if it’s because of the balls or the courts or it’s because of the desert or air. Yeah, let’s say last week, Doha, and this week, completely different conditions. In my opinion, here is much tougher to play, much tougher to control the ball. I have no idea why because it’s only one hour or even less fly. The weather more or less the same. The balls were the same also I think there. But I don’t know, to be honest. It’s not easy to play here, it’s true. Like I said, when you play during the day, then at night, even completely different conditions."""
,Rublev,"DUBAI: “I think this surface fits well to Bublik,"" said Rublev. ""It is fast and it suits his fast shots and drop shots. I hope I can play well here also as you can see from my past results. I hope that I play well tomorrow.”"
,Medvedev,"DUBAI: “I’m feeling good here,” said Medvedev. “Its a pretty fast court.”"
,Mcdonald,"DUBAI: ""The surface is extremely fast, especially court 1. I don't like that, but that is what it is. Now Indian Wells, I love playing there, I had pretty good results and I'm moving on,"" said Krajinovic after losing to McDonald."
,Djokovic,"DUBAI: ""I think that this court is playing very quick, actually the quickest I ever experienced the surface here in Dubai,"" said Djokovic.- ""It was always fast, but a lot of players that I talked to have been saying the same thing — it's very, very fast."""
,Goffin,"after losing to Nishikori: ""I know now why I didn't come to Dubai in the past because it's very tough, it's so fast, fast to control, it's not easy for my game, especially when you play Kei."""
,Shapovalov,"DUBAI: ""I like the quick courts, they favour my game,"" said Shapovalov."
,Thiem,"DUBAI: ""From Doha to Dubai! Since Saturday I have been preparing for my second tournament in the sheikhdom in the desert, the conditions are definitely slightly different: It is hotter in Dubai, the courts are faster as well,"" said Thiem."
,Rublev,"on Dubai: ""It’s always tough conditions to play here as the balls fly and it doesn’t suit my game style. It will be a great challenge for me, as I will need to find other ways to play matches."""
,Nishikori,"DUBAI: ""It's a fast court and the bounce is high, so I had to step in a little more on return,"" Nishikori said after beating Opelka."
,Tsitsipas,"DUBAI: ""The conditions here are much different from Marseille ... the ball bounces different, the surface is slower,"" said Tsitsipas."
,Herbert,"DUBAI: “It's always special. The conditions are different, there is no roof above, a much faster court, it was hot today, the balls were flying a little more than usual,"" said Pierre-Hugues Herbert."
,Monfils,"DUBAI: ""The conditions are definitely a bit different because we are now back on the outdoor courts,"" said Monfils. ""It’s a bit faster and the ball flying a bit more. I just have to make some adjustments."""
,,
BCI SEGUROS CHILE OPEN,Pellegrino,"on the playing conditions in Santiago: “Yes, I’ve always liked playing at altitude because it suits my game very well. Here in Santiago in 2023, we also won the doubles title playing very well with Vavassori. Since I arrived this year, I’ve felt good, and I’m happy to be in the quarterfinals.”"
,Tabilo,"conditions are very different. I have to approach the game differently; he serves very well, and here at altitude, the ball will move much faster for him. I have to go in determined and play my game.”"
,Prizimic,"SANTIAGO: ""The court is quite shiny, and I needed some time to adapt,"" said Prizmic. On day vs night conditions: “I think that’s normal in tennis. Every tournament is like this, you always have to adapt. It is what it is.”"
,Berrettini,"“One of the motivations for coming was to play at altitude. It’s a condition I adapt to well. I played good matches in Buenos Aires and here in Rio de Janeiro, and I hope to repeat that level.”"
,Monteiro,"SANTIAGO: ""The conditions here are different from Rio, much faster, the ball moves more,"" said Monteiro."
,Martinez,"SANTIAGO: ""It’s never easy to win here because of the altitude,"" said P. Martinez Portero."
,JM Cerundolo,"SANTIAGO: ""The court is fast here, it is fast and hard to return here,"" said JM Cerundolo."
,Hanfmann,"after beating Coria in Santiago last year: ""I love [the altitude]. It suits my game — maybe not at night — but even still it suits my game."" Hanfmann was then beaten by eventual tournament winner P. Martinez Portero, who he plays in R1 again this year."
,Monteiro,"SANTIAGO: ""I came from Rio, where it is also very hot,"" said Monteiro. ""But here it is also quite complicated with the altitude because the ball runs faster. Anyway, I was able to adapt well."""
,,
BNP PARIBAS OPEN,Alcaraz,"""The ball bounced really high, and after my serve, he was immediately in a good position to return it well almost every time. He always seemed to find the right opening for the passing shot or the shot that forced me to volley from an awkward position. Like I said, it was all very complicated, and he found a solution after every shot I made. I realized I had to change something. I'd already tried a few variations in the first set, but he kept finding the right answer to every attempt. I tried to play with more margin above the net, with more height and bounce, waiting for my opportunities. I tried to be aggressive on the return and then, in the first two or three shots of the rally, to keep the ball high and deep, to then find the right space to attack. I got to the net a few more times, with a certain effectiveness, not always but in most cases. I had my chances, but I didn't take them. I'd say the difference was that he saved four break points and I didn't save any. That was a big difference."""
,Alcaraz,"INDIAN WELLS: ""Today the ball was tough to control as it came super fast and bounced super high,"" Alcaraz said after beating Ruud. ""I just feel really comfortable here. I think this year the court is a little bit faster. But for me it doesn't matter about what kind of hard court it is, it's just more about how comfortable and how good I feel off the court. That's why I'm just playing such great tennis here, because off the court I'm with my team, I'm with my close people in a house, really good chilling there. I'm feeling like home, that's why I'm just pulling off a great tennis in the tournament."""
,Medvedev,on playing in Indian Wells: “I honestly prefer to play at night at here but today it wasn’t possible. Regardless of day or night I just try to win. In general I feel like I got the rhythm on these courts. Previous years I didn’t like it but this year it’s much faster so I think it’s great for me. You can win points with the serve and serve plus one which in previous years was basically impossible. I like it this year. Previous years doesn’t matter but I was playing good as well so I’m looking forward to this year.”
,Norrie,"on the Indian Wells conditions suiting his game: “The ball just feels so nice for me here. I don’t know what it is — it just keeps finding the court. I’m moving well, and it’s tough to get the ball past anyone on this surface. When it’s hot, the ball jumps, and my backhand stays really low, so it’s all good stuff for me.”"
,Draper,"INDIAN WELLS: ""It's nice out here to stand back and rip the return because the ball bounces quite high,"" said Draper."
,Fritz,"“I could talk for a long time about this but with new balls it’s faster. The new Dunlop balls are faster but they also wear out quicker than others. When we’re playing in a ball change after a tiebreak, by the way it’s the worst rule in tennis. It’s dumb how the tiebreak counts as one game towards the ball change and that has to change. When we begin the third set after a tiebreak, the balls are ridiculous. I’m hitting a serve on the line and the return comes back, I’m hitting as hard as I can open court and it doesn’t even win the point. It’s a big difference. It’s fast when it’s new and it’s slow when it’s old. As always in Indian Wells it’s a big difference between the day and night.”"
,Tiafoe,"INDIAN WELLS: “It’s interesting,"" said Tiafoe. ""It’s kind of fast right now. The last few years it’s been slow and gritty, but this year it feels quicker. At night it plays really good. We were kind of in between day and night conditions. The air feels a little warmer, the ball’s moving. I like it. I like what’s happening with the weather and the court speed.”"
,Zverev,"INDIAN WELLS: “It’s a bit quicker than the last few years, which I prefer,"" said Zverev. ""I’ve been pretty vocal about liking quicker courts. It’s still a slow surface, but definitely faster than before. It was windy, but better than the last couple of days. I actually feel sorry for the guys who played yesterday — I don’t know how they did it. I couldn’t even practice in that wind. Today the wind died down a bit for me, so overall I felt good.”"
,Berrettini,"INDIAN WELLS: ""It’s always tricky here,"" said Berrettini. ""It’s dry, so the ball flies, but the courts are rough. This year with the ball change I feel like I have more control. During the match the conditions changed a lot — at the beginning it was sunny and the ball was moving more, then after the sun went down I had more control. That’s what we do — we adapt — and I did it pretty well today."""
,Bellucci,"INDIAN WELLS: “The hardest thing was the bounce,"" said M. Bellucci. ""The ball jumps really high. If I stand close on the return it jumps over my shoulder, especially on second serves. If I stand far back, it’s not natural for me. I had to find a balance.”"
,Medvedev,"“I know I can play on any surface, and I have proved that at Indian Wells, where the hard courts are relatively slow. I have played great at this Masters over the last three years.” On the ball change at the tournament: “They have changed the balls there now, so we will see. Maybe it will suit me.”"
,Svrcina,"INDIAN WELLS: ""The courts are quite slow here, so that might suit me. The balls are also quite fast here, so the conditions are a bit slower. On the other hand, the air is a bit thinner here, almost like it's higher altitude, so the balls fly quite a bit here. The conditions are quite specific here,"" said Svrcina."
,Fritz,"The next tournament is Indian Wells, and honestly it’s going to be very interesting. This year they change the ball and we’ll play with Dunlop, which is the most widely used on tour. The thing is, Dunlop in general is slow, and when it wears out it becomes even slower. Lately it’s been wearing out very quickly. I truly believe the quality of the balls has dropped significantly.” On ball quality and wear: “On fast courts, Dunlop works very well, but on slow courts it’s terrible. This didn’t happen as much before. Seven or nine games between ball changes is too much. The other day at 3-3 in the first set I looked at the ball and thought, how are we playing professional tennis with this? It’s ridiculous.” On how it affects his game: “In places like Delray, you play two games and the balls already look like balloons. You can’t hit a winner even if you hit it as hard as you can. They become huge. This didn’t happen before.” On comparisons with other balls: “With Dunlop, people make fewer unforced errors than with others like the Wilson US Open ball. With Wilson, people miss more. That’s closer to how Indian Wells used to feel. Now points will be longer and the game will be slower.”"
,Alcaraz,"INDIAN WELLS: ""The court feels the same—very slow with a high bounce,"" said Alcaraz. ""It plays differently at night versus during the day, but when I trained in the heat this morning, the ball was bouncing a lot. I haven’t noticed any difference. They said they changed it, but if nobody had told me, I wouldn't have noticed."""
,Berrettini,"INDIAN WELLS: ""On Center Court, the ball flies, it bounces really high—I don't think I even played a shot at hip height,"" said Berrettini. ""I was a bit taken aback by the conditions and I also put a little less energy on the court than usual. I tried to fight somehow and stay in the match, but honestly, he played much better than me and deserved the win. I grew up playing on clay, so I’m used to it, but this is unusual for a hard court. It takes time to adjust because the ball-eye coordination has to be recalibrated. It really feels like a hard-court version of clay."""
,Medvedev,"INDIAN WELLS: ""I don't notice any difference, but if I had to say something, I would say it's even slower than before,"" said Medvedev. ""It's hard to say this because we know it's already the slowest on the circuit, but every year we return, we forget how slow it was last time. It's slow beyond what the speed index or any parameter says. It's slow no matter what people say; you can see in the matches how players strive to make a winning shot. It's very slow, but I feel I can play well here."""
,Rune,"INDIAN WELLS: ""The courts are lively, faster than last year,"" said Rune."
,Tsitsipas,"INDIAN WELLS: ""For me, this bounce is normal because I am very used to playing on clay,"" said Tsitsipas: ""However, I have to say that the bounce is not normal for a hard court. In Dubai, it didn't bounce as much, so I had to reconfigure some aspects of my game and adapt. This court is a hard version of clay, indeed."""
,Shelton,"INDIAN WELLS: “I think my serves get good bounces,"" said Shelton. ""I get liveliness out of the ball even when it is a little bit colder at night. The conditions are different every week so you have to be able to adapt and adjust. All the greats are able to do that. I think you just have to keep an open mind and put in the work on the practice court to get more acclimated. I got here early and put in a lot of work over the last 7 days so I’m happy to see it pay off today.”"
,Djokovic,"INDIAN WELLS: ""Honestly, the difference between the center court and the others is immense,"" said Djokovic. ""The ball bounces much higher on the central court than on clay courts. I struggled a lot with that, couldn't find my rhythm."""
,Shapovalov,on the Indian Wells conditions in 2019: “I’m really enjoying the conditions here. I played in the shade today but I don’t mind playing in the heat. It’s not that effective because it’s pretty dry out here. I feel like the ball is really traveling through the court but at the same time the court is pretty slow. It’s a good kind of combo for me – I have time to have my big wind-ups for my shots but at the same time I feel like I can play very aggressive.”
,Tsitsipas,"INDIAN WELLS: ""One thing that I felt was completely different here was the balls,"" said Tsitsipas. ""In Dubai, the balls are much heavier. The balls here are a little bit softer and have a lot more air movement than the ones in Dubai. Also, the surface here is rougher on the top layer. It makes the balls bounce a little bit more and not slide around the court as much. I just feel like playing an aggressive topspin game can help here. I'm trying to do that on the court."""
,Goffin,"on the conditions in Indian Wells: ""In general, I never liked the conditions of Indian Wells. Balls, changes... I always had a hard time adapting to these conditions, and yesterday it was the same. Goffin was better at adapting."""
,Zverev,"INDIAN WELLS: ""Is there a new surface? It seems the same to me, honestly,"" said A. Zverev. ""I trained here for four days, I didn’t notice anything. I didn’t know anything about it."""
,Norrie,"INDIAN WELLS: ""I think the conditions help me during the day, the ball is bouncing, it is tough to finish points,"" said Norrie. ""It felt slow tonight. It allowed me to stay relaxed and rip the ball. I think the good vibe here. The facilities are so nice. The weather is amazing."""
,Alcaraz,"on the change in court surface at Indian Wells: ""I have heard that they have changed, and I honestly don’t understand. Why did they change the court manufacturer after 25 years? Why now? They will find out. In any case, I can adapt and play good tennis in all types of conditions—I have proven that in the past."" On handling pressure as defending champion: ""I’m ready to deal with that pressure, but I don’t want to think about it too much. I want to enjoy my time here. Everything here is very relaxed, and I’m generally very happy here. And when I’m happy, I play better. Tennis is my passion, it’s my love. I’m living my dream, so I have to keep enjoying myself."""
,Murray,"INDIAN WELLS: ""The conditions are a little different this year,"" said Murray. ""The balls are definitely quicker and maybe the courts too."" José Morgado on X.com: ""Courts looking wayyyy faster this year in Indian Wells."""
,alcaraz,"on Indian Wells. “I really like these conditions. It's slower than other hard court but I feel really comfortable playing here, staying here. I felt the love since I came onto the court. I have great memories, I made my first semi-finals at a Masters 1000 here, had that match against Rafa... It's so special to come back here.”"
,Medvedev,"INDIAN WELLS: ""That's probably the slowest hard court on the Tour,"" said Medvedev."
,Rublev,"on the conditions in Indian Wells: ""At night it’s super, super slow, it’s a huge difference if you practise in the afternoon."""
,Nadal,"on Indian Wells: ""The dry desert conditions here suit me well. In Acapulco, Miami or Australia, I sweat a lot, but here I have always felt very comfortable."""
,,
MIAMI OPEN PRESENTED BY ITAÚ,Fritz,"MIAMI: ""It's quick,"" said Fritz. ""I think a lot of the courts play differently. I felt like center today played a bit slower than Grand Stand. I feel like Grand Stand is probably the fastest court here. Both of those two courts bounce lower than the practice courts bounce. You're never going to be able to get the center court the same speed as all the others when you're laying it over a turf field and then all the others are laid over like black top in a parking lot."""
,Sinner,"MIAMI: ""It's a court which is quite fast at times, sometimes not depending on how warm it is, but the ball is not bouncing as much,"" said Sinner. ""For me that's something what I really like."""
,Medvedev,"""The conditions are completely different here compared to Indian Wells. Usually it feels a bit quicker in Miami, but this year it actually felt slower"
,Sinner,"MIAMI: ""The playing context here feels very different from Indian Wells,"" said Sinner. ""The ball bounces much lower and slightly quicker. I've been surprised during practice as I've observed the conditions to be faster than expected, but I think it's due to the heat while being on the court. Each year is different; I just hope to play great tennis these weeks."""
,De Minaur,"Here in Miami, we know it's very humid, extremely hot during daytime matches, and playing at night means the ball moves slower or there's wind. Obviously, this affects certain shots of the player, with the return being one of the most crucial. I've been struggling with this over the years, so I have to find that balance between being aggressive and solid in my returns; this mix will boost my confidence. I know the issue isn't my return but rather that I need to improve that process to find the right formula."""
,Shelton,"""When I started on the circuit, I didn't like fast courts, I felt like I didn't have time to play my game. But over time, I'm feeling more comfortable with the low bounce and speed of the court. I hope to have a good tournament here because I believe the conditions suit my game well."""
,Fritz,"on the Miami conditions last year: ""I played really well here last year. It's the kind of tennis I like playing. A lot of that has to do with the court speed as well. It was pretty fast so you get rewarded when you took risks and hit good shots. It was a good serving court and when I wanted to take my chances and pull the trigger, I'd get rewarded."" On the semifinal loss: ""I was unlucky to lose the match in the semis. It was one of those that could've gone either way."""
,Mensik,"although I acknowledge that the Center Court is very different from the other courts, but I still found the formula to be effective."
,Fritz,"The only thing I find annoying about playing on center court is how different it is from the other courts,"" said Fritz. ""It will never be the same as the other courts because they are placed on a football field. It won't be able to replicate the same as the outdoor courts that are laid on asphalt or concrete. It's set on a field. It will always be a bit different. I would also say that around the time I'm playing or a little before, the shadow that crosses the middle of the court is also extremely bothersome."""
,Monfils,"Here in Miami, everything moves faster—the city, the courts, even the humidity. You need to adapt quickly, or you’ll struggle from the start."""
,Tommy,"on Miami: ""I'm really enjoying the quicker courts this week. It's quite a change-up from Indian Wells. I think most of the American players are enjoying that you get a lot more reward for your shots here. My game style has changed—I've changed in terms of how I try to attack and come to the net. Maybe in the past, I was a little too defensive and too neutral. Along with serving and returning better—those are the two most important shots in tennis. I'm trying to get the net more as well a take the ball down the line more."""
,Medvedev,"on the match balls in Miami: ""Who allows this? You can't play tennis with them. Who said, 'Yes, we can play with these balls'? Nobody, right? They're not good enough."""
,Monfils,"MIAMI: ""I was hitting hard but they came back almost as quickly,"" Monfils said after losing to Alcaraz. ""With these slower conditions at night, it's a little more complicated to get the ball past him as he covers the court so well. There were a lot of balls where I wanted to go into the court, but I couldn't."""
,Medvedev,"MIAMI: ""It's a bit strange,"" Medvedev said after beating Norrie. ""The court is pretty fast but the balls get old very fast. So at one moment in the rally, you feel like there isn't much you can do, so you can't go for the winner because the risk-reward isn't there. It's the same for the opponent, so we just hit, hit."""
,Medvedev,"MIAMI: “It's not easy to play at night, it felt slower and the serve wasn't counting so much, so there were a few breaks,” Medvedev said after beating Norrie."
,Cazaux,"MIAMI: ""Conditions are good, quite slow,"" said Van Assche. ""Which is surprising because the practice courts are quite fast. The day Arthur Cazaux felt unwell, it was particularly hot. But today (Wednesday), the weather was good."""
,Medvedev,"on Miami: “The courts are actually fast so I don’t think I’m gonna cry."""
,Sinner,"MIAMI: “In my opinion they are even faster than last year. The tournament courts maybe even more, except for the Central. I don't know about the Grandstand, but where I played today [on Butch Buchholz] it was quite fast. They are definitely different [than Indian Wells] and I haven't had a lot of time to adjust, two or three days, and the first match is always important,"" said Sinner."
,Sonego,I like to play in Miami because the conditions are really fast
,Ruud,"on the conditions in Miami: ""I haven't found any differences. The first day I arrived here I trained on center court with Medvedev and it was a good match. Since then I have not been able to play in the central until today. I haven't noticed any difference to be honest. The stadium is obviously bigger so you don't feel the wind more than on the outside courts, but maybe that's the only difference."""
,Fritz,"MIAMI: ""I think the conditions here are good for him (T. Paul). He's probably one of the best movers on tour. These are very slow courts, [it is] very tough to put the ball away here,"" said Fritz."
,Isner,"on the conditions in Miami: ""The ball bounces up really high and kicks all over the place. It is good serving conditions. I showed that out there today. Felix served well too. I love the surface. It is what I grew up on. I have great feelings here, I’ve had a lot of wins at this tournament over the years."""
,Khachanov,"MIAMI M: ""The courts are more slow here compared to last week in Dubai, so you have to adjust,"" said Karatsev."
,Nishikori,"MIAMI: ""Here is very slow, the court surface and the balls are heavy so it is tough to hit a winner,"" said Nishikori. ""It is very windy, humid and very hot."""
,,
TIRIAC OPEN,Navone,"BUCHAREST: ""The conditions change a lot, today it was faster but sometimes, like yesterday, it's cold and slower, but you just have to adapt every day,"" said Navone. ""You can’t control the weather, so it’s about adjusting as best as possible. It’s not easy, but I’m used to these kinds of conditions. In the end, the player who adapts better is the one who wins."""
,,"BUCHAREST: ""It’s a slow clay court with a lot of moisture on the surface, making it hard to hit through,"" noted the TennisTV commentator."
,Wawrinka,BUCHAREST: Wawrinka wasn't happy early in the match with the court in Bucharest. Complained in French at the first changeover to the umpire about one player already being hurt and the court not being suitable. He also had the supervisor out at the 2nd changeover to voice his displeasure.
,,
FAYEZ SAROFIM & CO. U.S. MEN’S CLAY COURT CHAMPIONSHIP,Shelton,"HOUSTON: ""It was super windy, the court was slick and moving fast and that's how it is a lot of the time in Houston,"" said Shelton. ""It's actually easier to serve and volley on for me than any other tournament on the calendar."""
2026,Nakashima,"HOUSTON: ""The clay here, first of all, it bounces up a little bit higher,"" said Nakashima. ""When it's pretty sunny, the conditions get pretty fast, so it kind of favors the big servers. In the beginning, it's a little bit tough to get the footing, it could be a little bit slippery at times, but it's just a matter of getting used to it."""
2026,Mcdonald,"after his win over McDonald: “I’m feeling great and super happy. I think I’m playing at a great level and can beat anyone at this level. I’m playing really good and my team and I are really improving this year. I feel so comfortable here in Houston. Good conditions today, it was a bit more humid but I adjusted to the wind. I was very solid in my game to beat Mackie. I’m going to be watching the next match because I really want to do well this week and hopefully I can find this level again. I’m very happy my first time here in Houston.”"
2026,Etcheverry,It was difficult conditions and very windy. The ball moved everywhere on my ball toss on serve
2025,Tiafoe,It was tough conditions with the winds
2024,Darderi,"on the conditions in Houston: “it is my first time here in Houston. The conditions, I really like it. It is really fast during the day. I feel really good.”"
2024,Mmoh,"on conditions in Houston: ""The courts specifically plays a little bit faster than most clay courts, which suits my game. I have a pretty big serve and like fast conditions. This is probably the fastest clay court in the world which suits me."""
2024,Darderi,on Houston: “Yeah I think the clay is different to South America but at the moment I like it!”
,,
GRAND PRIX HASSAN II,Darderi,"MARRAKECH: ""I really like the conditions here,"" said Darderi. ""[When] it’s hot and the ball moves fast, it suits my game well and helps me play with confidence."""
2026,Buse,"MARRAKECH: ""The conditions are quite fast, especially coming from the U.S. swing, but I’m really happy to be back on clay,"" said Buse."
2025,Bellucci,“I am feeling good in Marrakech. He likes high bouncing conditions and coming to the net.
2024,Navone,"MARRAKECH: “The court in the first set was really fast, but then I managed to adapt my game,” Navone said after beating Wawrinka."
ROLEX MONTE-CARLO MASTERS,,
2026,Berrettini,"MONTE CARLO: ""The surface is good, the ball bounces and I like it,"" said Berrettini. ""It's not extra slow, but it depends a lot on the weather: today it was cool and overcast and the ball was picking up more clay, while in recent days with the sun it was travelling a lot more."""
2025,Medvedev,"MONTE CARLO: ""It’s funny, really. After Indian Wells and Miami, which are quite slow — even though Miami is a little faster — I went back to play on clay… and I swear, I don’t see any difference, except that you slide and the ball bounces higher,"" said Medvedev. ""There are sometimes bad bounces, the movements are different, but in terms of speed… I would almost say that clay is faster than hard. They’re certainly not much slower."""
2025,Medvedev,"MONTE CARLO: ""I think Karen hit just the one ace, and he’s a big server, so it’s pretty slow,"" said Medvedev. ""There were a lot of breaks."""
2024,Hurkacz,"MONTE CARLO: ""The conditions are always a bit different,"" said Hurkacz. ""Even though it’s clay. Here it’s actually a bit less slippery than Estoril. The balls are flying differently. It’s not easy. You come a day before the match, you won the tournament but you’re a little bit behind here."""
2024,De Minaur,"MONTE CARLO: “I was trying to find a little bit of purchase off the court, which was a struggle today,” said De Minaur. “It was really tough to get a lot out of the court in these slow conditions.”"
2022,Zverev,"MONTE CARLO: ""...especially on a clay court, especially here where it's a little bit slower I think than other clay courts that we play on,"" said A. Zverev."
2022,Fritz,"MONTE CARLO: ""The courts are different to Houston last week, where they are much quicker,"" said Fritz. ""Its almost a completely different surface. It was more like a hard court last week."""
2021,Evans,"MONTE CARLO: ""Obviously clay is not my favorite surface. But I think the conditions have actually suited me this week. It's not been very warm. The ball stayed low. I'm moving way better on the clay. That's definitely helped,"" said Evans."
,,
BARCELONA OPEN BANC SABADELL,Fils,"The conditions were difficult—very windy—and I struggled a lot more with them than he did. The ball was moving in the air and I just wasn’t comfortable. I made too many mistakes, gave away too many free points. When you do that, it’s hard to win. He played a good match and managed to maintain a high level despite the wind. I couldn’t get anything going."""
2025,Alcaraz,"on the conditions: “The first thing we have to be grateful for is the sun. The sun was out, it wasn’t raining. There was [however] a lot of wind today, so I had to survive. It wasn’t about playing fantastic tennis, brilliant shots… It was about making the shots you have to do, no more than that."
2025,Rune,"on the court conditions in Barcelona: ""No, I think the court is good. I said it yesterday or today: I think it's a good court. I've played on much worse courts than this one, so I'm not complaining. Of course, it's not Roland Garros – which is the perfect court – but I think it's almost impossible to reproduce a court like this. This is a very good court. And then I'm in the final, so I'm happy!"" On playing in different weather conditions: ""To be honest, I don't really care. Yesterday it was warmer and the ball bounced more, today it was colder, but it was fine anyway. If I really have to choose, I prefer when it's sunny: it's more pleasant, warmer, more comfortable to play. And if there's no wind, even better. But of course it's not always like that, so we have to adapt. It's part of a tennis player's job."""
2024,Ruud,"The clay is a bit different here in Barcelona. It’s a really good clay court. Nothing to complain about. But it’s a bit more lively, a bit drier, bouncy.. when it comes to clay they aren’t that many differences but you can feel it here and there. Luckily we’re playing with the same ball we had in Monte Carlo."
2023,Sinner,"Here the central court is especially slower; it is quite heavy. But every tournament is different. I like playing here, it's always nice."""
BMW OPEN BY BITPANDA,,"Wednesday, April 19, 2023"
2026,Fonseca,"on choosing Munich over Barcelona: ""What made me decide to come here is the altitude since I will be playing in Madrid, and the conditions regarding altitude in Munich are similar to what I will have next week. It's a great tournament, and I talked to Patrick, the tournament director, and he is a very nice guy. Organized and it has been a good experience."""
2026,Cobolli,"On conditions: ""With the sun and the altitude, it helps my game. I like to play in these conditions."""
2026,Zverev,"MUNICH: ""The temperatures don’t really help an aggressive style of tennis,"" said Zverev. ""It’s tough to hit winners when it's like this. We are at altitude, so it helps the servers, but with these temperatures it kind of evens out."""
2026,Fonseca,"On conditions: ""It was very cold, so it was difficult. I needed a good warm-up just to stay in the match."" On adapting: ""Every week is different, different surface, altitude, weather, so you have to adapt quickly."" On the next match: ""It’s going to be difficult again. He serves well, especially here, but I’m confident and ready."""
2026,Shelton,"MUNICH: ""It’s a bit colder, but with the altitude the ball is still flying, so it still makes big servers really tough to play against,"" said Shelton. ""It’s a special place for me and I’m excited to keep the run going."""
2026,Shelton,"MUNICH: ""Here you play at altitude, so it requires different skills,"" said Shelton. ""It’s similar to Madrid, where the ball bounces high and moves fast, so I’m trying to build my clay game step by step."""
2025,Shelton,"""It was tough conditions, going from cold weather to really warm today. Compared to yesterday, it went from no bounce to a lot of bounce."""
2025,Marozsan,"after beating Bergs in Munich: ""It means a lot to reach the semifinal. It’s a big moment for me. This match was very tough. Last time we played in Monte Carlo, it was much faster. Here, because it was very cold, the balls were very slow and there were a lot of long rallies. He played better than last time, so it wasn’t easy to beat him."""
2025,Shelton,"MUNICH: “When you get hot weather over here in Europe, the clay plays really fast,” said Shelton. ""But if it’s cold and heavy, you can swing for the fences and it only goes five feet. The weather is so much more of a factor — it affects how the ball flies through the air and comes off the ground."""
2025,F Cerundolo,"On the Munich conditions: ""The ball bounces a lot. It’s a little bit fast, not too much. The weather is fantastic. I thought it was going to be colder,"
2025,Struff,"MUNICH: “Normally German clay is a bit tricky because it’s very heavy,” said Struff. “But here it’s flying through the air more because of the altitude, and I would say clay is my favourite surface. I can play on all surfaces, but if you gave me one surface to play on, it would be clay — fast clay.”"
2025,Hanfmann,"The conditions, with the altitude, and the ball bouncing quite a bit"
2025,Shapovalov,"ahead of Munich: ""I'm feeling good. It's my first time here, but it's going well on the practice courts, and the little bit of altitude helps me and suits my game on the clay surface."""
2025,Zverev,"on the Munich conditions: ""I definitely enjoy the altitude and playing in these types of conditions."""
2025,Shelton,"on the Munich conditions: ""Normally, it helps me a lot with my serve when it’s going fast through the air, but I struggled for a set and a half while he was serving really well. As the match went on, I felt more and more comfortable."""
2024,Fritz,"after beating Garin: “The conditions were much better today. Especially in the second set, when the sun came out, when I went after the ball I felt like it went a little faster.”"
2024,Zverev,"There was nothing I could really do. My power was taken away [by the heavy conditions]. I was slipping with every step I took. Every single thing that I normally use to win was taken away from me,. My serve, which I normally use to score a lot of points, is being taken away from me. My backhand, which causes problems for a lot of opponents, is being taken away from me - due to the cold and the surface. I can't win the tournament [when it is like this]. That's a fact."""
2024,Thiem,"“I like playing at altitude. I arrived here pretty early on Friday and had some good practice sessions over the last couple of days,” said Thiem."
2023,Rune,"""It was a tough match. It was obviously very cold. I'm happy with the way I played. It's always difficut to play the first match, coming from different conditions"
2022,Rune,"after beating Lehecka: ""I didn't mind the cool conditions today. Similar to Denmark."""
,,
 MUTUA MADRID OPEN ,Blockx,"MADRID: ""It’s a perfect combination — slow clay gives me time, but the altitude makes it faster, which suits my game,"" said Blockx."
2026,F Cerundolo,"MADRID: ""The inside courts are a little bit slower,"" said F. Cerundolo. ""They have more of a roof, they're in shade almost the whole day. Outside they're always with sun. It's totally different. The outside ones are faster, slippery and smaller. More like faster points, more free points outside than inside. Inside you have to play more rallies."""
2026,Medvedev,"on playing in Madrid specifically: ""When I'm in the zone, I probably prefer a tiny bit not exactly slower clay courts but not altitude. When I was playing unreal in Rome or Roland Garros, I could play better than here. But here if you serve well you have your chances. I do know that if I manage to play well here in Madrid on this surface with this altitude, I could maybe do something."""
2026,Khachanov,". Madrid is at high altitude, so the clay is faster and the bounce is higher"
2026,Vallejo,"on the conditions in Madrid: ""The conditions in Madrid suit me well, there is a little bit of altitude and the ball bounces higher. I am a player who makes the ball bounce quite a lot, and against a player like him that works in my favour, because I can make it feel like we are playing on clay. I am feeling very good and I hope to continue like this."""
2026,Aliassime,"on what game style works best in Madrid: ""If you serve well it's very effective. You have to play with topspin. If you play flat it might fly on you a little bit. All players that serve well have a better chance of going deep and doing some damage. I need to take care of that part of my game and if I do, then I can put pressure on some return games and have fun with that."" On committing fully to every shot in the altitude: ""It feels like on other conditions, sometimes you kind of hit half a shot, so to speak, like you don't fully finish the shot, and the ball was still going to court. Here it's very important to once you have your feet set up to really go through every shot and finish every shot and then recover for the next one. It's true on every surface and every condition, but I think even more so here."""
2026,Sinner,"MADRID: ""The court is a bit slippery,"" said Sinner. ""It is harder to move on it. The ball flies a bit faster. The speed of the game depends on the position of the sun. I practiced on the first day, it was evening, so everything is a bit different. When someone serves very well, it is not easy to return. Yes, this is a very unique court. It is very different from Rome and Paris. I think this is a separate tournament on clay courts."""
2026,Lehecka,"on the conditions in Madrid: ""The way I feel here is that normally with the way the ball bounces in the altitude, the thing that's under the clay is solid concrete. So whenever whoever plays a good kick serve, you are on the fence actually. The conditions here are more like if you are playing on a hardcourt because you can hold your serve in a much easier way. If you put a good serve, it's a good serve done. And on the return, a good return pays off. If you really go for it, you can play a little bit more from the baseline."""
2026,Shelton,"MADRID: ""With the altitude, it’s tougher to control the ball and it plays even faster than Munich,"" said Shelton. ""Some parts of my game can be really effective here and difficult to deal with."""
2026,Fils,"on Madrid: ""I have never played well here. I have not won a match here yet, but I think this year it will happen. I just have a few adjustments to find and it will work out. I come with a very positive mindset and we will see what happens."" On the conditions: ""The ball flies more at altitude, it escapes a little more and sometimes you miss shots that you are not used to missing. Either you decide to increase the tension of your racket, or you find another way to put the ball in the court. The goal is to control the ball."""
2026,Hurkacz,"MADRID: ""The Madrid surface? I think it helps my game, it's a bit faster and it certainly helps my serve too,"" said Hurkacz."
2026,Sinner,"MADRID: ""I have never played very well here,"" said Sinner. ""It's very particular, you play at altitude. It can be windy, it's very hard to play. It's one of the most difficult challenges for me."""
2025,F Cerundolo,"""Here it’s super fast and really suits the big servers, but I’ve beaten some good guys."""
2025,Khachanov,"on the surface differences in Madrid: ""Yes. Slippery. Although, by the way, I wouldn’t say so. On the third court, the clay itself is wetter, but at the same time, for example, today I felt a couple of times that when I was returning, I was slipping a little and it was harder to start, even on these courts. But, of course, there are differences."""
2025,Tsitsipas,"on the Madrid court: ""The court was unplayable today, it felt like an ice rink when I tried to slide. I had never felt something like this on a clay court. It is a different kind of clay from what is usually used, and I have a lot of experience on this surface, so it is frustrating to play like this."""
2025,Fonseca,I love playing on clay as it’s the surface I grew up playing. Since we’re playing at altitude I wanted to focus on my serve and play aggressive.
2025,Bublik,“The conditions definitely help here. Madrid is way faster than the other clay court Masters 1000’s. We basically play indoors which makes it faster. I have no disrespect toward clay but sometimes when you play outdoor it’s a bit rough and rusty. Playing indoors on clay is much more consistent and it’s amazing.”
2024,Fritz,"""It bounces very high here, so it's great for me forehand,"""
2024,Khachanov,I held my serve until the end which is especially important here in Madrid as conditions are quicker and it’s tougher to return
2024,Hurkacz,"The conditions here in Madrid are usually quite fast, as there is a bit of altitude and the balls fly very fast through the air, but as people can see, it's been a little cold the last few days. So the balls aren't as fast as they usually are, which means maybe we're not hitting as fast. I have room to hit the ball a little better."""
2024,Medvedev,"on Madrid: ""It is not easy for me to play in Madrid because it is a very peculiar clay court, being faster and even a bit similar to hard courts. If I play on clay, I prefer typical conditions of that surface to make the required changes in my game. In the third set today I played with the confidence that I had in Rome last year, dominating the game."""
2024,Ruud,On Madrid: “There’s a bit of altitude so it flies off the racquet a bit more. It takes some adjusting to.”
2024,Alcaraz,"on Madrid: “The altitude is good for me. I’ve played in Madrid since I was little and I’m very comfortable. The altitude benefits my game and the energy of the fans really spurs me on."" On playing Seyboth Wild: ""He’s a very good player, with a lot of shots. Today he beat Musetti and he’s on a roll. I’ve seen him several times and I think his level is very high."""
2024,Sinner,"""Here in Madrid the conditions are somewhat different compared to other tournaments, because we play with altitude, the ball flies and is quite fast,"
2023,Baez,"MADRID: “It is an altitude very similar to Chile,"" said Baez. ""It can be a little drier. It is a good surface and good conditions to play. I see the altitude as what it is, I can't control it and you have to learn to play in these conditions."""
2023,Fokina,"on the conditions in Madrid: ""I played on the center court yet this year, but I remember from previous years that the center court was a little slower. However, they are now telling me that they are the same as the outside ones, so I don't know exactly."""
2023,Medvedev,"on Madrid: ""I was able to just come out of tennis a little bit and then continue my preparation for Madrid. It’s not always easy to play here because of the altitude. I’m trying to adapt and prepare my next match. It’s time to fix some small things, make small adjustments and try to play better. Because of the altitude, maybe I can play better in Madrid than in other clay court tournaments. On clay, the toughest thing for me is the movement. I like to move on hard courts and run in front of the ball in long rallies, but on clay that’s not the case. I’m still trying to learn to slide right because I lose five seconds after every shot. But every year is a new opportunity, this year is another one and I’m gonna try to just play my best. Even on clay when I play well I feel capable of beating great guys, playing good tennis and going far in tournaments, like in Monte-Carlo this year."""
2023,Molcan,"""It’s fast here, the balls are fast in the altitude"
2023,Tsitsipas,"on the conditions in Madrid: ”Of course, here we’re dealing with a little bit of altitude, which is a different scenario than Barcelona. I’m getting adjusted to that. It’s something that I’ve done pretty well in the past few years. I like the altitude, I think it’s good for my game. I see that as a small advantage.”"
2023,Rincon,". In Madrid the conditions are always difficult. With the altitude, the ball bounces high"
,,
INTERNAZIONALI BNL D’ITALIA,Sinner,"on the final conditions vs Ruud: ""The final was difficult, with the schedule and so much sun and shade. For an hour it wasn't easy. And the wind was changing, it was hard to play good tennis. I felt pressure before the match, the most normal thing there is. I knew what I was playing for. I tried to stay calm, even if I didn't start too well. After about half an hour I felt better — at the beginning I struggled to get into it. The day was important for Italian tennis, starting with the doubles."""
2026,Sinner,"""It was very tough conditions with the wind, and Andrey is a very dangerous player when he plays at his highest level. I don’t think either of us played our best tennis today because the conditions were difficult,"
2026,Medvedev,I think I played very well. I like the conditions here on the center court: the ball bounces a little higher and travels a little slower
2026,Medvedev,"""I like the court because in Rome every court feels a little bit different, and the center court is not too fast and not too slow. It’s kind of medium speed, and I really like it. If I’m not wrong, I still haven’t lost on center court. I lost on the grandstand, but from the quarterfinals onward we only play on center court, so I’m happy. I’ll try to play my best tennis there."""
2026,Zverev,"after losing to Darderi: ""I think this is the worst court I ever played [BNP Paribas Arena]. Junior, Futures, professional or practice. I've never played on a court which where the court quality is that bad. I mean I have match point and the ball jumps over my head and I have break point, the ball rolls like that."""
2026,Sinner,"On the conditions: ""It was tricky conditions. In the beginning the wind made it not easy, even if it calmed down a bit later. I’m happy with how I’m trying to handle these situations because the stages are getting bigger and bigger. Tomorrow it’s important for me to rest and hopefully be ready for the quarters."""
2026,Ruud,"on the conditions: ""It was very windy, and against the wind on clay it’s tough because if you rally too much it becomes difficult to hold your ground. I tried to make the points shorter on that side, served really well, and didn’t let Lorenzo into the points too much. With the wind behind my back, I tried to play as heavy as I could and use it to my advantage. The sun and shade changing all the time also made it tricky, but I’m really happy with the performance."""
2026,Sinner,"on Rome versus Madrid conditions: ""You can control a little bit more the rallies because they are going to be always a little bit more rallying when the conditions are slower and a bit heavier. In Madrid, if someone serves very well it gives you a huge impact in a very good way. Here it's definitely different."""
2026,Rublev,"""It was super tough to even play tennis with the wind — the ball was moving all the time."
2026,Khachanov,"""Here every year it's kind of very heavy, especially on a day like today which was also raining, cloudy, the humidity you could feel it in the air. It's much more difficult to just get advantage with a serve and then with a shot. You cannot just make one easy winner from the baseline and rip the ball. Either you take a lot of risk so the margin of error is much more, or you build the point much more."""
2026,Humbert,"These are conditions that are very hard for me. The balls stay very heavy all the time, it's cold, it doesn't move very fast."
2026,Humbert,"the conditions were really different, it wasn't fast at all, it was cold, quite humid,"
2026,Zverev,"Here in Rome, and I think also in a place like Madrid, the centre court feels really very, very different because you can move back as much as you want, whereas on the other courts you cannot. The return position is the most important thing that changes."""
2026,Bellucci,"on the conditions: ""The playing conditions are nice, you can play well. The only thing is the back of the court is white and in the first few games it reflected a bit. Especially when my opponent lifted the ball a bit higher I struggled a little. But this was also because at the start there weren't that many people in the back part of the court. Anyway, the conditions weren't slow and that helped me a bit, as did my serve."""
2026,Rublev,"""The courts here have always been like this. It happens on any ordinary bounce, it's always the same, the courts are as bad as you can imagine. It has always been this way; the surprising thing would be to be surprised by this when we arrive here. I don't know if at some point the bounces were good and then became bad... but if they have always been this bad, I don't really understand the point of the question."" On the comparison with Roland Garros: ""These courts have no similarity to the ones in Paris. I have been playing in Paris for many years and there everything is more slippery, there isn't much sand, especially on the outside courts. Things have changed there too; since the pandemic they are not the same, it's as if there is no longer any clay, as if you were playing on a hard surface. On the smaller courts there is almost no sand. We'll see how they are this year, but in the last 2-3 years there was no clay at all."""
2026,Fonseca,"ROME: ""The surface is the same, but the conditions are completely different: first you play in Monte Carlo, at sea level, where the ball bounces quite high and travels a little faster,"" said Fonseca. ""Munich and Madrid are at altitude, and now we return to a slower clay where you can hit faster and the ball doesn't go out of control. It's more like where I usually play."""
2026,Medvedev,"on the courts in Rome: ""Usually I quite like the courts in Rome. What I really did not like — and as far as I know nobody liked it — was the second most important court, the Grandstand, because it had a different surface. It was similar to Madrid, while the other courts were looser with more clay. The problem was not with the court itself, it was fine, but the fact that it was different, and nobody could figure it out. But they have now demolished it, or rather moved it. I have not played on it yet, but apparently everyone is saying that it has finally all become more or less consistent. So wherever they put me — we will get to work."""
2026,Ruud,"ROME: ""You can tell that the conditions are very slow because we are coming from playing in Madrid, where everything is faster,"" said Ruud. ""It is crucial for me to be sharp with my forehand and to train well these days to gain confidence. The key is to stay healthy for the upcoming weeks."""
2026,Fonseca,"on the difference between Monte Carlo, Madrid and Rome: “It’s the same surface, but the conditions are different. Monte Carlo is at sea level, Madrid has more altitude, and now we are in slower conditions where you can do more with the ball, conditions in which I was raised. I’m feeling good in the first training sessions and I hope to do well.” On defeat to Jodar in Madrid: ""I think I felt bad after Madrid, but I had good training sessions."" On improvements: “I always think I can do better, of course there are things I can improve. The mental and technical aspects are what I have the most room to develop, especially the mental side. I had some good matches, I can't complain. I learned a lot and that's very important, it's important to keep evolving and I'm focused on that.”"
2026,Khachanov,"Here the conditions are different, you still have to get used to it. After the altitude it feels like the balls here are heavier, they don't fly and all that. So you need time to adapt."""
2026,Musetti,"""We'll see if the conditions differ depending on the court. It's slower than Madrid, where the altitude speeds everything up, and more similar to Monte Carlo, at sea level. I don't see many differences compared to other seasons."""
2026,Thiem,"on the Madrid-to-Rome transition: ""The transition from Madrid to Rome is really, really difficult. Madrid is high altitude, super fast court, and Rome is a bit slower, not high altitude anymore, so it is quite different. That's why I think if somebody is playing super well in Madrid, that doesn't mean that they will also continue playing super well in Rome."""
2025,Musetti,"the conditions were very slow. It was my first time playing at night here, so very different from the previous matches."
2025,Zverev,"""Balls were a joke today. Generally speaking this is a subject we've had over the last three, four years now. Players are talking about it all the time. They say we play with the same ball in Monaco, Madrid, Munich. Then we come here and the ball is totally different. The ball is very, very big. It's very difficult to hit winners here. It's just how it is these days. Of course, for me, for my game style, today was not easy because at the end of the day I'm still somebody that tries to play aggressive. I'm still somebody that tries to serve very fast. That's how it is. It's difficult to get free points today."""
2025,Musetti,"With the humidity of the court at night, it made for heavy conditions so the ball didn’t bounce as high as normal. That was definitely an advantage, especially in the last game.”"
2025,Zverev,"“The balls are much slower this year. They say it’s the same ball, but there’s no way—it feels totally different. I’m stringing my racket three kilos lower than in the rest of the clay season.”"
2025,Medvedev,"The courts are slow. Especially after Madrid, it feels slow. It’s a good clay, but when you slide on it, you dig holes. I feel good on slow clay, fast clay — feel good here. I’m tough to hit winners against."""
2025,Ruud,"ROME: “The conditions here are significantly slower than in Madrid; I think all players would tell you the same,"" said Ruud. ""Even though we say this is standard clay, Madrid’s surface is more unusual.”"
2025,Griekspoor,"ROME: ""It’s slow conditions here, especially coming from Madrid,"" said Griekspoor. ""But the sun came out and that helped. I felt like the Centre Court is maybe a little faster than the other courts."""
2025,Griekspoor,"on Rome: ""It’s quite a slow court so I was surprised to see 16 aces on the board, but I’m really happy with my serve today. I wasn't happy with the rain at the start as it makes it a lot slower, but then the sun came,"" said Griekspoor."
2024,Hurkacz,"said of the conditions and of his form after beating Etcheverry, “Especially here on Pietrangelli it is quite slow. There is more clay I think than on other courts so you have to be quite patient. It is hard to be aggressive after only one shot, you have to combine shots. I think this is the most confident I have felt about my game on clay. Tomas is a great player, it gives me confidence to get through this one.”"
,,
HAMBURG OPEN,Shelton,"HAMBURG: ""It was definitely slow under the roof and the ball was staying low, but I think it’s a great place for me to keep developing my clay-court tennis,"" said Shelton."
2025,Rublev,"on the heavy conditions with the roof closed: ""Of course the conditions were different — heavier ball, heavier court. But it’s the same for everyone. When you come to Germany, you know this can happen: sun, rain, sun, rain — all day like this."" On reaching the semifinals in Hamburg again: ""I’m happy to be back in the semifinals in Hamburg. It’s what I needed. I missed this type of match — the ones where I suffer but somehow win in the end. They give me a lot of confidence."""
2025,Fokina,"On Hamburg: ""It's slower here, always raining. It's much slower than Rome."""
2025,F. Cerundolo,"HAMBURG: ""It’s a bit slower here than other tournaments, but I like slower conditions,"" said F. Cerundolo. ""I actually like both types. I played my whole life in Buenos Aires where it’s super slow, so it’s nothing new for me. But I also played well in Madrid, where it’s super fast."""
2025,Darderi,"HAMBURG: ""I think it’s slower this year because of the cooler weather,"" said Darderi. ""Maybe I need to improve my serve and attack more because the court is slower."""
,,
GONET GENEVA OPEN,Ruud,"GENEVA: ""The balls aren't the same, and there's a bit of altitude here,"" Ruud said said of the conditions compared to Rome."
2026,Michelsen,"GENEVA: ""The courts are playing pretty quickly,"" said Alex Michelsen. ""The altitude helps, there’s not a ton of clay on the court, and with the new balls they’re really moving."""
2025,Norrie,"The conditions were really heavy. It’s been beautiful weather everyday in Geneva so it was very different today and not easy to play in conditions like this. Thanks to everyone who stayed, the atmosphere was very decent."
2025,Arnaldi,"after beating Gaston in Geneva: ""I'm super happy to win. It was difficult conditions — the ball was bouncing a lot. I stepped up and pushed through. He's a very good player, so it was tough. I never played here before, so it was tough at the start. Like I said, the ball was bouncing a lot, so I had to adjust."""
,,
ROLAND-GARROS,Vacherot,"FRENCH OPEN: ""The heat is changing the conditions of the tournament enormously,"" said Vacherot. ""We have never had a Roland Garros this hot in May. On court 14 the conditions were especially fast: the ball was moving a lot, bouncing very high, and on top of that the balls are quite hard. Clearly there are players who benefit much more than others from these conditions."""
2026,Vacherot,"on his foot after beating Faurel: ""It's okay. It's not perfect, but it's not terrible either. I just need to be careful."" On the heat changing conditions: ""The heat changes the playing conditions more than the physical aspect. It's never been this hot at Roland Garros. The conditions on Court 14 were really rough. The game is pretty fast on the angles, the ball bounces a lot. It's definitely going to suit some players better than others."""
2026,Tommy paul,"on faster conditions suiting Americans: ""I think they're right, most Americans like slightly faster conditions. Anytime I can improve my timing, it helps me."" On his relationship with clay: ""I like to say that I enjoy playing on all surfaces. Right now, I'm getting good results everywhere. I'm very comfortable on all surfaces. I think my relationship with clay is fantastic. This year has been a little stranger than others, but I've been getting good results in the 250s and 500s. I played well in the Masters 1000s, and here at Roland Garros."""
2026,Rinderknech,"on the court conditions: ""The organizers water the court so much in the evening, in anticipation of the heat the next day, that I actually found it quite muddy. The entire beginning of the match was quite heavy and damp. The balls were covered in dirt, wet. If they didn't water it so much, it would be like a beach all day long."" On the heat being unusual for Paris: ""We're not used to this kind of heat in Paris, at Roland Garros. We play in similar conditions all year round. Between Madrid, Rome, and Monaco, it's never really hot. It can be pleasant, but it never goes above 30 degrees. This is the best of five sets, so it makes a big difference."""
2026,De Minaur,"On the hot conditions: ""It's great. We're not really used to seeing the sun come out, especially at this time of year. It's going to be very hot for the whole first week, so it definitely changes the conditions and the style of play. Everything is much faster, more dynamic."""
2026,Lehecka,"ahead of of Roland Garros: ""The conditions are a little different every year. At the start they were slower, now they are starting to speed up. But it is still clay tennis. The principle stays the same, whether it is hot or cold. The rallies are longer and slower. It is also a lot about physical readiness. I am well prepared, I like playing in the heat."""
2026,Medvedev,"FRENCH OPEN: ""Roland Garros has also changed over time,"" said Medvedev. ""When I was just starting out, the courts in Paris were exactly like in Madrid — it was concrete you could slide on, and I really enjoyed it because there's no altitude and the ball bounces lower. I enjoyed playing there, even though I was losing in the first rounds. I'm not saying this because I was winning at Roland Garros, I just liked playing on that clay. And probably over the last three or four years it has completely changed — there is a lot of clay now, especially on the center court. It is as loose as possible, a lot of clay, and they switched the balls to Wilson — the heaviest balls in the world. The game has completely changed. But still, those who know how to play on clay are the ones showing good results — it's not like the match winners have completely changed. But the game has changed, and so right now there is probably no tournament that is closest to Roland Garros, because everywhere else they use Dunlop, which flies — fast balls. There it's Wilson, so it's a completely different game. But if we're talking about the clay itself, then probably Rome is the closest."""
2025,Shapovalov,these balls (Wilson) are better
2024,Djokovic,"FRENCH OPEN: ""The weather conditions we have had this year are quite unusual,"" said Djokovic. ""There was a lot of rain, very wet, muddy, really heavy conditions that affected the court, the humidity and everything else, and that affected the surface which is a living surface, like grass. But you can't do much on grass. The hard court is as it is. But the clay is a surface on which we can intervene in some way with a little work and care of the land. When it comes to the quality of clay courts, Roland Garros is by far the best in the world, there's no doubt about it. I have known the course maintenance workers for many years and have an excellent relationship with them; Today, when I was warming up on center court a few hours before my match, I talked to one of them about sweeping the courts every two or three court changes instead of waiting for the end of the set."""
2024,Musetti,"FRENCH OPEN: ""Yes, quite fast, especially with new balls, Roland Garros has always been like that,"" said Musetti. ""I have been lucky enough to play on the Chatrier several times. Apart from Alcaraz last year, both with Nole and Tsitsipas I perhaps played my best tennis there for a while. I like the courts with lots of space, there is more space to defend and counterattack, which is in my repertoire. But it also went well today in a narrower court (C12). However, I have to concentrate on what I have to do, not on the size of the court."""
,,"FRENCH OPEN: Q: Are the playing conditions similar in Rome to Roland Garros? SVITOLINA: ""No, they are actually very different. In Rome the ground is a little slow and you can tell there is a lot of it [clay] on the court, but at Roland Garros there is little of it [clay] and it is faster. So no, the conditions are very different."""
2023,Djere,"on the Wilson balls: ""When I trained outside of Roland Garros, where the ball flies, but here it doesn’t. I don’t think I’m badly prepared physically, but after two and a half hours, hitting every ball at 200 per cent, it goes backwards.”"
2023,Paire,"during his loss to Norrie: ""The balls are really bad. It's balls of shit. Look at the color of the thing, the size of the thing."" After the match: ""You play with balls that get bigger after two seconds. The new balls don’t even last a game. The balls are rubbish. That’s not the reason why I didn’t win but you can’t play tennis, though, with that type of ball. You can’t attack. You can’t move ahead. It’s impossible to serve an ace. It’s another style of tennis, which is different. It requires physical qualities. It’s a question of who can keep the ball in the court for the longest. You have to hit every ball really hard because it’s not moving. It’s terrible. It’s Roland Garros, one of the greatest tournaments in the world, and we’re playing with these silly balls."""
2021,Medvedev,"FRENCH OPEN: ""Clay in Roland Garros feels great this year,"" said Medvedev. ""Especially Wilson balls. Said it from the beginning. To beat me, now guys have to play well."""
2021,Garin,"FRENCH OPEN: ""Here at Roland Garros it depends a lot on the weather, with sun it is very fast and when it is cloudy it is super slow,"" said Garin. ""I like it cloudy and the conditions are more like normal clay courts."""
,,
LIBEMA OPEN               2025,Shelton,on the conditions: “It was much hotter today. Sorry guys there weren’t very many rallies. I apologize. The ball was coming in really fast as I’m sure you saw. It was a hazard for the ball kids. I didn’t make that many returns but I hit a few in the big moments. This court is playing fast. I think in these conditions I’ll be tough to beat. I’m just happy to get some momentum here in Stuttgart.”
2023,Hurkacz,"STUTTGART: ""The court here is very fast,"" said Hurkacz."
2022,Murray,"STUTTGART: ""It’s quite quick compared to some of the courts we play, but I like it,"" said Murray."
2021,Cilic,"STUTTGART: ""The bounce here is a bit lower than Wimbledon and the surface is a bit quicker,"" said Cilic."
,,
TERRA WORTMANN OPEN,Zverev,"on playing on grass: ""There is a misconception about tennis on grass. People think it's all about aggressive play, but that's not the main thing. The defining factor on grass is the ability to move quickly and nimbly across the surface. And for me, at two meters tall and 95 kg, that's difficult. I played incredibly well on grass in 2024. I said at the time that I felt better than ever. And what happened? I slipped and broke a bone in my knee. These are things that can only happen on grass."" On the surface speed: ""I can play great on fast surfaces. I won Paris-Bercy two years ago. That was probably the fastest hard court in the last ten years. I won Cincinnati, which is one of the fastest hard court tournaments in the world. I won the Olympics, and the surface was very fast there too. The speed of the surface suits me. The problem is movement. That is my only problem, and I need to learn to solve it."""
2021,2025,"HALLE: ""This feels nice, it’s a bit slower here [compared to Stuttgart], a bit more comfortable. On grass you need practice, you need hours."""
,Federer,"HALLE: ""The court is so fast here, all of a sudden you can be in trouble,"" said Federer."
HSBC CHAMPIONSHIPS,,
VANDA PHARMACEUTICALS MALLORCA CHAMPIONSHIPS,Djokovic,"on the conditions: ""As I understand it, the weather next week will be somewhat more stable when the tournament starts, but yes, this week has been one of the hottest that I can remember in my over 20 years playing at Wimbledon. This will have an effect because grass is a living surface, any change in temperature or weather conditions affects how it responds. When it is very hot, the grass and soil soften, affecting the bounce, which can be lower. The surface can become faster, but the balls also react differently. When it is very hot and humid, they become bigger and softer, slowing down the game. It's an interesting situation because the ball's response and that of the surface are different. As for slips, the grass is always slippery. Fortunately, this week I played an exhibition match and several training sets, and I haven't fallen or slipped yet, I don't know if that's a good sign or if it means something is coming. You always have to be more careful than on other surfaces; I still slide on grass, but I have to adjust my support and steps more to move effectively."""
2026,Fokina,"on the conditions in Mallorca: ""As the match goes on, the balls get bigger and it becomes a little easier to return big serves. I knew it was going to be hot. Summer in Spain is always very hot, so I expected a tough battle."" On grass-court tennis: ""It's still grass, so you have to be ready and react very quickly to those serves."""
2026,Kopriva,"MALLORCA: ""The conditions are pretty specific,"" said Kopriva. ""The grass is bouncing a little higher and with the heat you want to keep the rallies short. The grass helps with that. It's not like clay or hard courts where you have to survive through long rallies. The return is especially important here because of the conditions. You have to serve well and return well. That's even more important here than at some other tournaments."""
2026,Dimitrov,"on the conditions in Mallorca: ""I love the heat. The warmer, the better for me. I really enjoy the crowd and I enjoy playing at this time of day. Thank you to everyone who came out to watch in those conditions."""
2026,Struff,"MALLORCA: ""It was very hot today, but at least it was on grass, so the rallies weren't too long,"" Struff said after beating Landaluce. ""I actually prefer it this way rather than when it's too cold."""
2026,Borges,"MALLORCA: ""It's a little slower than some of the other grass courts I've played on this year, which is a good change,"" said Borges. ""I felt really good."""
2025,Tien,on the conditions and playing on grass: “It’s been really hot in Mallorca for sure. I thought it might be a bit cooler at night but the temperature didn’t really change and I had to deal with it. I think I settled in pretty quickly with the heat and it wasn’t too bad. It didn’t affect my game too much. I haven’t played too much on grass as it’s just my third tour level grass event. I’m slowly becoming more comfortable on the surface. I love it here in Mallorca and I’m looking forward to the next round.”
,,"MALLORCA: “It’s not a traditional grass court,” said Tennis TV’s Leif Shiras. “It plays more like a hard court. It’s definitely a lot lower bouncing and the condition is certainly not as pristine as Queen's or Wimbledon.”"
,,"MALLORCA: “It’s a more old-school grass court, where the balls bounces lower,” said Tennis TV’s Simon Reed."
2023,Mannarino,"MALLORCA: ""The playing conditions are really not good,"" said Mannarino. ""The surface is really very bad, to put it mildly, it's just about managing it by all the time. Suddenly, it is difficult to engage in strikes due to all the bad bounces."""
2022,Bonzi,"MALLORCA: “The grass is faster [than in Germany], and the bounce is also higher,"" said Bonzi."
2021,Medvedev,"after beating Ruud: ""It was a tricky match. The court is getting a little tough. Tricky bounces. Many games were like 'who's going to get the bounce on the important points?' I feel it was kind of a funny match because the level wasn't the highest but I'm really happy to be in the semis and looking forward to tomorrow. I don't think grass is his best surface but in the first set he was playing top level. I couldn't get a break point. As soon as he started to serve a little worse and made some unforced errors I tried to use that as fast as I could. It was important to win the first set before the tie-break. It gave me a boost of confidence and it was enough for the second set."""
,,
LEXUS EASTBOURNE OPEN,Fritz,"on the conditions: “It wasn’t the most fun match to play. I’ve been in Eastbourne so many years and I love this tournament. I’ve been very lucky in all these years to not play in very windy conditions. It’s tough to not play the tennis I love to play and have to scrap all around the court. Especially the first set and a half was crazy wind. But I’m obviously very happy with the wind.” After his win over Giron: “Anytime you know someone as well as I know him, it’s a very big equalizer and will make the match very close. We both know each other’s tendencies so well. I’ve probably practiced and spent more time on court with Giron than any other player on tour.”"
2024,Giron,"The conditions were a little tough, it was a little slick, I think both of us had a tough time moving,"
,,
"THE CHAMPIONSHIPS, WIMBLEDON",Lehecka,"on the conditions and the match: ""Today, however, the conditions were completely different. They were much easier for me and I think it showed, it was simpler for me to develop my game. The ball was bouncing a bit higher and I could attack more easily, but I reacted too late. Unfortunately the first two sets didn't go my way. When you play against a player like Sascha, who has so much confidence and who, in my opinion, is playing the best tennis of his career on grass, losing the first two sets is simply not enough if you want to win the match."""
2026,Mensik,"on the conditions: ""As it got darker I had the feeling that dew started to fall. The court became terribly slippery and we both slipped a couple of times. During a match so many factors come together — first sunshine, then you play in the shade, the wind blows, then the roof closes and it starts to get slippery. It is really demanding to adapt to all these changes instantly."""
,Fucsovics,"after beating Tien: ""It was a tough match. There were breaks of serve going both ways, and that's tennis. On a court like this the conditions are slow, so you can't rely too much on your serve. That's why it became such a physical match, and fortunately I was the stronger player."" On the match: ""At the start of the second set my opponent needed a medical timeout. I could see she was physically struggling, and I felt I had to put her under even more pressure and finish the set strongly."" On the first set: ""The first set lasted 70 minutes and I felt it slipped away from me. I had more chances, more break points, and I was leading in the tie-break. I felt I was playing well, serving well, hitting the ball well and moving well, so I knew I just had to keep going."""
,F.Cerundolo,"WIMBLEDON: ""Here (Wimbledon) the grass is a bit longer, there (Queen's) it's a bit shorter,"" said F. Cerundolo."
,Cobolli ,"WIMBLEDON: ""I think the grass at Wimbledon is very different from what it was at the warm-up tournaments,"" said Cobolli. ""The court here is noticeably slower, and I think that could work in my favor and help me show my best tennis. Last year I managed to perform well here, and now I hope to at least match that result, and maybe even surpass it. The transition to grass is never easy, but I feel like I'm adapting better to it every day."""
,Fonseca,"WIMBLEDON: ""It is true that the surfaces are different,"" said Fonseca. ""Halle is faster, Eastbourne a bit slower, and here the grass is slower. You have to adapt to each tournament, but I always look forward to Wimbledon."""
2025,Djokovic,"after beating De Minaur: ""It wasn’t a great start for me, he broke my serve three times in the first set. It was very windy and swirly conditions, and he was managing them better from the back of the court. There was a lot of cat and mouse, a lot of slices. He’s one of the quickest, and on the grass, where the ball doesn’t bounce, he can expose a lot of weaknesses. He’s really tough to play on this surface. I’m just happy I could hang in there. There were a lot of challenging moments for me. I didn’t feel the ball so well, but I was trying to mix it up and find my game, and then in the end I found my forehand."" On grabbing his stomach a couple of times: ""It was all good. I was just trying to manage the breathing."""
2025,Alcaraz,"WIMBLEDON: ""This year has been a bit different, different tennis at Wimbledon with a different feel,"" said Alcaraz. ""I see everything a bit slower, the balls slower, a different sensation."""
2025,De Minaur,"WIMBLEDON: ""I think it's the same as in previous years,"" said De Minaur. ""Three, four, five years, it has always been the same kind of speed. It's slower, but it's something we all know and are accustomed to. Yes, if I had to compare it to Queen's, Queen's is always much faster than Wimbledon. You have a lot more time to adjust. Yes, it's about finding ways to use it to your advantage."""
2025,Fritz,"on the pace of the courts at Wimbledon: ""I think the speed is pretty solid. One thing I've noticed this year, and I hadn't realized in previous years with all the tournaments I've played, is that it feels slower the more you play. It plays faster when it's newer. Last year, when I was in the quarterfinals, I felt it was very slow."""
2025,Fokina,"WIMBLEDON - Davidovich Fokina: ""The only thing is that, with the heat, everything is a lot slower than in other years. The ball gets very heavy and it's slow compared to Eastbourne, for example."" Misolic: ""The grass is finer and a bit slower [than Roehampton]."" Medvedev: ""...the court was a little different. It was a little slower because of the heat."""
2025,Misolic,"on the difference between the grass at Roehampton and the grass at Wimbledon: ""For me, it's completely different here: much better, the grass is finer and a bit slower."""
2024,Medvedev,"WIMBLEDON, Centre Court with the roof closed: “For whatever reason, it feels much slower,” Medvedev said. “It’s a really slow bounce. I need to get used to it.”"
2023,Barrerre,"WIMBLEDON: ""It was slower here compared to the tournaments before on grass,"" said Barrere, who played in Eastbourne last week."
2023,Murray,"WIMBLEDON: ""The court is a bit slower at the beginning of the tournament, and because the ball is bouncing lower, certain shots work much better... dropshots, slice,"" said Murray. ""As the tournament goes on, it starts to play a little more like hard court. At the other majors, you don't get such a change in the conditions as the tournament goes on."""
2023,Marterer,"WIMBLEDON: ""I thought Roehampton was a little faster,"" said Marterer. ""It's a little slower here, probably because the grass is still quite high. It slows the ball a little."""
2023,Musetti,"WIMBLEDON: ""...but in general the ball bounces very little this year, it seems to me that the grass is higher, because many balls tend to stop,"" said Musetti."
2023,Norrie,"WIMBLEDON: ""The courts are very green and very lush,"" said Norrie. ""The balls are staying really low."""
2021,Aliassime,"WIMBLEDON: ""I would say muddy and humid,"" Auger-Aliassime said. ""The back of the court on one side, the back right was literally mud. So that can be tricky for sure. You’re careful with your movement, try to be stable and always on my toes."""
,,
NORDEA OPEN,Rublev,"after beating Darderi in Bastad: ""I don't really know what to say. I'm full of adrenaline and super pumped after this week. I'm just really happy to have won the title."" On the final: ""The conditions were completely different today. It was cold, cloudy, the balls were much heavier and the court was very wet, so the match was nothing like yesterday. There were longer rallies and a different style of tennis. We both had our chances, especially in the first set, but I was a little luckier in the important moments and managed to take them."""
2025,Darderi,"BASTAD: ""The court is really slow,"" said Darderi. ""It’s really different to Munich, where I was yesterday, but there was also a bit of altitude there."""
2024,Beana,"“The court was a little slippery in the first set so it was tough to run, but I am happy because I played a great match in the end.” On Bastad: “I love this place. It’s one of the best tournaments of the year.”"
2022,F Cerundolo,"BASTAD: ""The court is like in Buenos Aires, it's slow and windy,"" said F. Cerundolo."
2022,Musetti,"said after defeating Musetti, “I am here for the second set. The conditions are tough for me. The wind and a slippery court is difficult for me but I think I showed a good match today.”"
,,
2026,Van Asche,"UMAG: “At the beginning, the court was very fast,"" said Van Assche. ""I was just trying to hit the ball but he kept hitting winners. In the darkness, the court wasn’t as fast and it made it easier for me to get to the balls and push him further back.”"
2026,Dzumhur,"UMAG: ""I love the [court] changes,"" said Dzumhur. ""There are two extra metres on each side and it definitely helps me, especially in these hot conditions when the ball is bouncing high. Thanks to the organisers for making it even better for me."" Dzumhur is playing Umag for the ninth time."
2025,De Jong,"UMAG: ""The courts are so terrible this year, it's almost dangerous,"" said De Jong: ""It's quite shocking. We always have to fill out a tournament evaluation. But I can't imagine anyone saying the courts here are normal."""
2025,De Jong,"after beating Poljicak in Umag: ""Different circumstances here. It goes less fast than Bastad. It was a quick turnaround and it’s tough to adjust, but I’m playing with confidence."""
2021,Gasquet,"UMAG: ""It's always tough to play with this heat and humidity, it's a battle for everybody,"" said Gasquet."
2021,Alcaraz,"UMAG: ""It's not easy to play here, because the humidity is so high,"" said Alcaraz."
,,
GENERALI OPEN,Etcheverry,"KITZBUHEL: ""The altitude makes the conditions very different,"" said Etcheverry. ""You have to serve well, return well and stay focused on every point because things can change very quickly here."""
2026,Buse,"KITZBUHEL: ""The conditions here are similar to Hamburg, so I feel very comfortable,"" said Buse. ""I hope I can play well this week and keep the momentum going. I've been here before and really enjoy it. I even played some golf over the weekend, and hopefully I'll get another chance to play surrounded by these beautiful mountains."""
2026,Navone,"KITZBUHEL: ""It's my first time here and I'm really enjoying it,"" said Navone. ""The atmosphere has been incredible, and I like playing in these altitude conditions. It's similar to Madrid, and it suits my game."""
2025,Struff,"KITZBUHEL: “The fast conditions suit my game,” said Struff."
2025,Hanfmann,"after beating Neumayer: ""I think Kitzbuhel treats me well every year. Playing an Austrian player isn’t easy, but there were some German fans here too. I played a good match. The first set was a little tight, but then I felt a little more comfortable in the second. It was a good performance."" On Kitzbuhel: ""I like the court, the environment, and the altitude, which suits my game. I can also decompress here from tennis—go to the mountains and enjoy the Austrian lifestyle."""
2024,Gaston,"KITZBUHEL: ""The altitude makes it different than Hamburg last week but the surface is the same,"" Gaston said after beating Altmaier. ""I adapted my game. You have to be more patient here. I’m not so tall so I have to try different things and it went well."""
2020,Djere ,"on the conditions at altitude in Kitzbuhel: “It’s a bit faster. Rio is a different story. I beat Thiem in the first round, which gave me some extra energy and it pushed me through the whole tournament. I am also happy with my performance here. I am looking forward to the match.”"
,,
MILLENNIUM ESTORIL OPEN2026,Rublev,"ESTORIL: ""Tougher conditions than in Bastad,"" said Rublev. ""Windy, courts are tougher as well. But I still got time to adapt."""
2026,Gaston,"after beating Droguet: ""I played really good tennis today from the beginning. The conditions were difficult because of the wind, but I'm very happy with my performance and I'll be ready for the next match."" On the conditions: ""The wind made things tricky, so it was important to stay focused and adapt throughout the match."" On his drop shot: ""The drop shot is a big part of my game. I just try to use it at the right moments and execute it as well as I can."""
2023,Kecmanovic,"on conditions: ""I think it is pretty similar to Roland Garros. I think it bounces higher here and it is a bit faster than regular clay but it is not a big difference. It could be balls, could be the clay, could be the weather but I don't really know."""
2023,Thiem,"on the conditions: ""Yeah the higher the ball bounces the better for me and today was great. I like the balls and the court is pretty fast, and dry. It is taking the spin very well and it suits my game pretty good. Very happy to be able to play the quarter-finals tomorrow."""
,,
MUBADALA CITI DC OPEN,Tabilo,on playing Jodar next: “I feel like it’ll be a little bit different conditions than in Indian Wells. It’s a little faster here but it will definitely be a good match. I don’t know if that match was an off day for him but after that he didn’t stop winning so I kind of want to play him now and see where we’re at.”
2026,Fritz,"WASHINGTON: ""It's been a tough week to control the balls, but I felt like I was doing a really good job with my backhand, keeping it low and flat,"" said Fritz. ""I've been playing here a long time, and that year I made the semifinals, I was definitely feeling pretty good. So yeah, I would like to get in there at some point."""
2026,De Minaur,"WASHINGTON: ""Over here, it's very lively, it's hot, it's bouncy,"" said De Minaur. ""It's not easy to return. I won't have it as easy in other tournaments where it's not as lively, but this week I was able to take advantage of it."""
2026,De Minaur,"on the conditions in Washington: ""This is one of the few weeks of the year when the heat and humidity conditions are so tough that I sweat a lot through my feet and need several pairs of shoes per match. Last year, I even used five in a single match. You have to try to adapt, and I will be prepared."""
2026,Fritz,"WASHINGTON: ""These balls are always the hardest to control on tour, so it takes time to find the right feel and confidenc,"" said Fritz. ""These balls can really fly through the court. Sometimes it feels like I hit two shots exactly the same and one lands in while the other goes long. A lot of players feel the same, so it's just about getting used to them."""
2026,De Minaur,"WASHINGTON ""I think one of the things I learned from last year is the conditions are not particularly easy,"" said De Minaur. ""The ball is flying a fair bit. It's quite quick. It's very -- especially if you play during the day, it's very rare to find some of your best tennis. Obviously the way it's all playing, it's amazing serving conditions, so if you can serve well, it's going to definitely put you in the right spots. So a lot of focus on that."""
2025,Tiafoe,"WASHINGTON: ""These courts are really fast, and it helps... I kind of like that, short rallies and big serves,"" said Tiafoe."
2025,Fritz,"WASHINGTON: “Normally it changes from the day to night as it’s a lot slower here at night,"" said Fritz. ""But the first round match I played wasn’t too hot, definitely a more mild day. Tonight was a bit more humid but we haven’t had one of those really hot, humid middle of the day matches yet so those are the ones you have to prepare for.”"
2025,De Minaur,"WASHINGTON: ""It’s so tough to play in these conditions. The ball is super quick and the courts are rapid. If you can land a first serve it’s so important,"" said De Minaur."
2024,Kokkinakis,"WASHINGTON: “It’s humid as anything out here,” Kokkinakis said."
2023,Fritz,"WASHINGTON: “The ball was moving a little more than when I played late at night, but I had to come to the net (18/32 net points won) and play more dropshots,” Fritz said after beating Murray. “I had to move the ball more. It’s not so much the courts that are slow, it’s the balls [Wilson US Open BLX?]. They are awful. Humid conditions with the heaviest balls in the world.”"
2023,Murray,"WASHINGTON: ""The courts and the balls are extremely slow here, so you're having to work really hard in all of the games, it's not easy to finish points,"" said Murray."
2023,Fritz,"WASHINGTON: “The conditions out here are really, really slow,” said Fritz."
2022,Drapper,"WASHINGTON: ""The conditions here, it's quite lively and you have to play with a bit more control,"" said Draper."
,,
MIFEL TENNIS OPEN BY TELCEL OPPO,Svrcina,"LOS CABOS: ""We all knew how the conditions here are, so it's really difficult,"" said Svrcina. ""I think it's better for everyone to play in the evening because if the sun is out, it's almost impossible."" On coping with the humidity: ""You have to drink a lot of electrolytes and cold water. For me, the worst part is that my hand sweats so much, so it's really tough to have a strong grip on the racket."""
2026,Mendez,"The conditions were very difficult to play in, there was a lot of wind on the court and the ball flew a lot,"
2026,Zheng,"LOS CABOS: ""The conditions suit my game well,"" said M. Zheng. ""It's a bit slower with a higher bounce, which gives me more time to get behind the ball. Against a big hitter like Martin, I just tried to make him play one extra shot and hope he'd miss."""
2026,Norrie,""" On the conditions: ""It's very hot and the conditions are tough. We have to accept it and adapt to the climate."""
2025,Kovacevic,"LOS CABOS: “That win in Montpellier is in the past,"" Kovacevic said after beating Rublev. ""Just like any player you play, every match is a new challenge. I just thought about how I’d play against him based on how his game was last time. You can’t think too much of the past regardless. This is outdoors and it’s a much slower court, so completely different conditions. I adjusted my game for that reason and he played differently as well. These conditions are always tough though but I’m not complaining.”"
2025,Duckworth,"LOS CABOS: “I really enjoy playing here in Mexico,"" said Duckworth. ""I played a few Challengers here earlier this year and I love the conditions here. The ball is jumping around here quite a bit and it’s very lively."""
2025,Shapovalov,"LOS CABOS: ""It’s jumpy, bouncy and the balls are moving through the court so it’s good conditions for me,"" said Shapovalov. ""The conditions are very different from Acapulco which was the slowest court I’ve ever played on. I think the different balls (Wilson) help the ball move through the court much more here than in Acapulco.” Reddit: ""Wilson balls are the lightest. Humid conditions slow down the play a bit."""
2024,Zverev,"LOS CABOS: ""I thought today it was extremely cold and very slow, it was difficult to hit winners so I had to stay patient,"" A. Zverev said after beating Kokkinakis."
2024,Vukic,"LOS CABOS: ""The conditions got really slow,"" said Vukic. ""We were playing with used balls in the tiebreaks, which added to it."""
2024,Purcell,"LOS CABOS: ""It feels like the difference between night and day here is quite different, so I wasn't quite liking how slow and dead the balls felt late at night,"" said Purcell. ""Even close it out with those fresh balls there, I was thinking jeeze these feel kind of slow."""
2024,Tsitsipas,"on Los Cabos: “Last year I suffered, it was very hot and humid. Much better this year, friendlier conditions for the body, they are some of the best to play tennis. I want to have two good weeks in Mexico, I feel a great relationship with the fans, I feel very welcome, it is warm, wake up, be on the beach and do what I love which is to play tennis."""
2023,Tsitsipas,"LOS CABOS: ""The heat and the humidity here difficult but the night sessions create a good atmosphere,"" said Tsitsipas. ""Some of the best tennis is played under the lights."""
2022,Medvedev,"LOS CABOS: ""The most important factor is that I like these balls (Wilson), and I like the hard court (Solflex),"" said Medvedev."
2022,Aliassime,"LOS CABOS: ""I like to play under these conditions, fast and high rebounding, they are good for my game,"" said Auger-Aliassime."
,,
NATIONAL BANK OPEN PRESENTED BY ROGERS,,