date,tournament,series,court,surface,round,bestof,winner,loser,wrank,lrank,comment,b365w,b365l,psw,psl,maxw,maxl,avgw,avgl,avgsrc
2026-01-04,Brisbane International,ATP250,Outdoor,Hard,1st Round,3,Tiafoe F.,Vukic A.,30,87,Completed,1.44,2.75,1.52,2.7,1.53,2.95,1.47,2.63,file
2026-01-04,Brisbane International,ATP250,Outdoor,Hard,1st Round,3,Tien L.,Ugo Carabelli C.,26,48,Completed,1.14,5.5,1.2,5.21,1.18,5.5,1.16,5.06,file
2026-01-05,Brisbane International,ATP250,Outdoor,Hard,1st Round,3,Halys Q.,Popyrin A.,91,50,Completed,2.5,1.53,2.49,1.6,2.5,1.57,2.4,1.55,file
2026-01-05,Brisbane International,ATP250,Outdoor,Hard,1st Round,3,Korda S.,Vacherot V.,46,31,Completed,1.5,2.63,1.54,2.64,1.52,2.75,1.48,2.61,file
2026-01-05,Brisbane International,ATP250,Outdoor,Hard,1st Round,3,Lehecka J.,Machac T.,19,35,Completed,1.5,2.63,1.52,2.71,1.57,2.75,1.49,2.56,file
2026-01-05,Brisbane International,ATP250,Outdoor,Hard,1st Round,3,Majchrzak K.,Altmaier D.,59,44,Completed,1.91,1.91,,,1.95,1.91,1.91,1.84,file
2026-01-05,Brisbane International,ATP250,Outdoor,Hard,1st Round,3,Medvedev D.,Fucsovics M.,13,54,Completed,1.29,3.75,1.28,4.03,1.29,3.8,1.26,3.73,file
2026-01-05,Brisbane International,ATP250,Outdoor,Hard,1st Round,3,Michelsen A.,Duckworth J.,37,86,Completed,1.73,2.1,1.73,2.22,1.8,2.2,1.71,2.11,file
2026-01-05,Brisbane International,ATP250,Outdoor,Hard,1st Round,3,Opelka R.,Sweeny D.,60,183,Completed,1.62,2.3,1.6,2.49,1.62,2.6,1.56,2.39,file
2026-01-05,Hong Kong Tennis Open,ATP250,Outdoor,Hard,1st Round,3,Borges N.,Dzumhur D.,45,65,Completed,1.44,2.75,1.47,2.88,1.49,2.8,1.44,2.69,file
2026-01-05,Hong Kong Tennis Open,ATP250,Outdoor,Hard,1st Round,3,Cilic M.,Mannarino A.,70,68,Completed,1.8,2,1.77,2.16,1.81,2.06,1.76,2.02,file
2026-01-05,Hong Kong Tennis Open,ATP250,Outdoor,Hard,1st Round,3,Wu Y.,Marozsan F.,179,53,Completed,2,1.8,2.23,1.72,2.2,1.84,2.08,1.72,file
2026-01-06,Brisbane International,ATP250,Outdoor,Hard,1st Round,3,Collignon R.,Shapovalov D.,84,23,Completed,2.1,1.73,2.03,1.86,2.2,1.78,2.06,1.74,file
2026-01-06,Brisbane International,ATP250,Outdoor,Hard,1st Round,3,Dimitrov G.,Carreno Busta P.,47,92,Completed,1.44,2.75,1.51,2.74,1.55,2.8,1.47,2.67,file
2026-01-06,Brisbane International,ATP250,Outdoor,Hard,1st Round,3,Hijikata R.,Walton A.,111,77,Completed,1.73,2.1,1.79,2.13,1.76,2.1,1.73,2.08,file
2026-01-06,Brisbane International,ATP250,Outdoor,Hard,1st Round,3,Kovacevic A.,Kyrgios N.,58,670,Completed,1.62,2.3,1.6,2.47,1.65,2.5,1.6,2.29,file
2026-01-06,Brisbane International,ATP250,Outdoor,Hard,1st Round,3,Mpetshi G.,Paul T.,67,20,Completed,2.75,1.44,2.73,1.51,2.75,1.55,2.64,1.47,file
2026-01-06,Brisbane International,ATP250,Outdoor,Hard,1st Round,3,Nakashima B.,Davidovich Fokina A.,33,14,Completed,2.5,1.53,2.4,1.63,2.5,1.65,2.35,1.57,file
2026-01-06,Brisbane International,ATP250,Outdoor,Hard,1st Round,3,Norrie C.,Humbert U.,28,36,Completed,2.2,1.67,2.21,1.74,2.2,1.8,2.1,1.72,file
2026-01-06,Hong Kong Tennis Open,ATP250,Outdoor,Hard,1st Round,3,Diallo G.,De Jong J.,40,71,Completed,1.44,2.75,1.43,3.05,1.45,2.9,1.41,2.8,file
2026-01-06,Hong Kong Tennis Open,ATP250,Outdoor,Hard,1st Round,3,Etcheverry T.,Royer V.,57,56,Completed,1.8,2,1.95,1.93,1.91,2.1,1.84,1.93,file
2026-01-06,Hong Kong Tennis Open,ATP250,Outdoor,Hard,1st Round,3,Giron M.,Djere L.,64,95,Completed,1.67,2.2,1.73,2.22,1.73,2.2,1.69,2.11,file
2026-01-06,Hong Kong Tennis Open,ATP250,Outdoor,Hard,1st Round,3,Mmoh M.,Tabilo A.,285,81,Completed,2.3,1.62,2.38,1.65,2.6,1.68,2.35,1.57,file
2026-01-06,Hong Kong Tennis Open,ATP250,Outdoor,Hard,1st Round,3,Muller A.,Kecmanovic M.,52,51,Completed,2.3,1.62,2.26,1.7,2.3,1.73,2.23,1.62,file
2026-01-06,Hong Kong Tennis Open,ATP250,Outdoor,Hard,1st Round,3,Shang J.,Comesana F.,406,66,Completed,1.5,2.63,1.55,2.61,1.6,2.63,1.5,2.53,file
2026-01-06,Hong Kong Tennis Open,ATP250,Outdoor,Hard,1st Round,3,Sonego L.,Sakamoto R.,39,200,Completed,1.44,2.75,1.51,2.74,1.5,2.75,1.46,2.63,file
2026-01-06,Hong Kong Tennis Open,ATP250,Outdoor,Hard,1st Round,3,Van De Zandschulp B.,Struff J.L.,75,82,Completed,2.1,1.73,2.22,1.73,2.23,1.73,2.17,1.66,file
2026-01-06,Hong Kong Tennis Open,ATP250,Outdoor,Hard,1st Round,3,Wong C.,Navone M.,150,72,Completed,1.73,2.1,1.84,2.06,1.82,2.2,1.76,2.02,file
2026-01-07,Brisbane International,ATP250,Outdoor,Hard,2nd Round,3,Korda S.,Lehecka J.,46,19,Retired,2.2,1.67,2.51,1.58,2.35,1.71,2.25,1.62,file
2026-01-07,Brisbane International,ATP250,Outdoor,Hard,2nd Round,3,Majchrzak K.,Opelka R.,59,60,Completed,2,1.8,2.08,1.82,2.04,1.83,1.99,1.8,file
2026-01-07,Brisbane International,ATP250,Outdoor,Hard,2nd Round,3,Medvedev D.,Tiafoe F.,13,30,Completed,1.3,3.5,1.35,3.44,1.33,3.55,1.31,3.42,file
2026-01-07,Brisbane International,ATP250,Outdoor,Hard,2nd Round,3,Michelsen A.,Tien L.,37,26,Completed,2.38,1.57,2.57,1.56,2.54,1.58,2.45,1.54,file
2026-01-07,Hong Kong Tennis Open,ATP250,Outdoor,Hard,2nd Round,3,Borges N.,Cilic M.,45,70,Completed,1.91,1.91,1.93,1.95,1.95,1.94,1.88,1.89,file
2026-01-07,Hong Kong Tennis Open,ATP250,Outdoor,Hard,2nd Round,3,Musetti L.,Etcheverry T.,7,57,Completed,1.3,3.5,,,1.32,3.5,1.3,3.4,file
2026-01-07,Hong Kong Tennis Open,ATP250,Outdoor,Hard,2nd Round,3,Rublev A.,Wu Y.,16,179,Completed,1.44,2.75,1.51,2.6,1.5,2.75,1.47,2.61,file
2026-01-07,Hong Kong Tennis Open,ATP250,Outdoor,Hard,2nd Round,3,Wong C.,Diallo G.,150,40,Completed,2.75,1.44,,,2.95,1.5,2.65,1.46,file
2026-01-08,Brisbane International,ATP250,Outdoor,Hard,2nd Round,3,Collignon R.,Dimitrov G.,84,47,Completed,2.75,1.44,2.76,1.5,2.75,1.53,2.63,1.48,file
2026-01-08,Brisbane International,ATP250,Outdoor,Hard,2nd Round,3,Kovacevic A.,Norrie C.,58,28,Completed,2.63,1.5,2.69,1.52,2.75,1.5,2.64,1.48,file
2026-01-08,Brisbane International,ATP250,Outdoor,Hard,2nd Round,3,Mpetshi G.,Hijikata R.,67,111,Completed,1.57,2.38,1.65,2.35,1.65,2.38,1.6,2.29,file
2026-01-08,Brisbane International,ATP250,Outdoor,Hard,2nd Round,3,Nakashima B.,Halys Q.,33,91,Completed,1.44,2.75,1.44,3,1.45,2.88,1.43,2.77,file
2026-01-08,Hong Kong Tennis Open,ATP250,Outdoor,Hard,2nd Round,3,Bublik A.,Van De Zandschulp B.,11,75,Completed,1.44,2.75,1.48,2.82,1.5,2.8,1.46,2.65,file
2026-01-08,Hong Kong Tennis Open,ATP250,Outdoor,Hard,2nd Round,3,Giron M.,Muller A.,64,52,Completed,1.8,2,1.8,2.11,1.84,2.01,1.79,1.99,file
2026-01-08,Hong Kong Tennis Open,ATP250,Outdoor,Hard,2nd Round,3,Mmoh M.,Khachanov K.,285,17,Completed,3.4,1.33,3.32,1.37,3.4,1.35,3.25,1.33,file
2026-01-08,Hong Kong Tennis Open,ATP250,Outdoor,Hard,2nd Round,3,Shang J.,Sonego L.,406,39,Completed,1.62,2.3,1.69,2.29,1.68,2.3,1.63,2.23,file
2026-01-09,Brisbane International,ATP250,Outdoor,Hard,Quarterfinals,3,Kovacevic A.,Mpetshi G.,58,67,Completed,2.3,1.62,2.25,1.72,2.38,1.68,2.25,1.62,file
2026-01-09,Brisbane International,ATP250,Outdoor,Hard,Quarterfinals,3,Medvedev D.,Majchrzak K.,13,59,Completed,1.14,5.5,1.17,5.95,1.18,6.5,1.15,5.38,file
2026-01-09,Brisbane International,ATP250,Outdoor,Hard,Quarterfinals,3,Michelsen A.,Korda S.,37,46,Completed,2.75,1.44,2.82,1.49,2.75,1.5,2.65,1.46,file
2026-01-09,Brisbane International,ATP250,Outdoor,Hard,Quarterfinals,3,Nakashima B.,Collignon R.,33,84,Completed,1.62,2.3,1.68,2.32,1.83,2.3,1.66,2.18,file
2026-01-09,Hong Kong Tennis Open,ATP250,Outdoor,Hard,Quarterfinals,3,Bublik A.,Shang J.,11,406,Completed,1.53,2.5,,,1.58,2.5,1.54,2.42,file
2026-01-09,Hong Kong Tennis Open,ATP250,Outdoor,Hard,Quarterfinals,3,Giron M.,Mmoh M.,64,285,Retired,1.57,2.38,1.62,2.46,1.62,2.4,1.57,2.35,file
2026-01-09,Hong Kong Tennis Open,ATP250,Outdoor,Hard,Quarterfinals,3,Musetti L.,Wong C.,7,150,Completed,1.25,4,1.29,4.05,1.29,4,1.26,3.71,file
2026-01-09,Hong Kong Tennis Open,ATP250,Outdoor,Hard,Quarterfinals,3,Rublev A.,Borges N.,16,45,Completed,1.44,2.75,1.53,2.69,1.5,2.75,1.47,2.62,file
2026-01-10,Brisbane International,ATP250,Outdoor,Hard,Semifinals,3,Medvedev D.,Michelsen A.,13,37,Completed,1.25,4,,,1.29,4,1.26,3.77,file
2026-01-10,Brisbane International,ATP250,Outdoor,Hard,Semifinals,3,Nakashima B.,Kovacevic A.,33,58,Completed,1.36,3.2,1.37,3.38,1.4,3.2,1.36,3.04,file
2026-01-10,Hong Kong Tennis Open,ATP250,Outdoor,Hard,Semifinals,3,Bublik A.,Giron M.,11,64,Completed,1.29,3.75,,,1.3,3.75,1.28,3.6,file
2026-01-10,Hong Kong Tennis Open,ATP250,Outdoor,Hard,Semifinals,3,Musetti L.,Rublev A.,7,16,Completed,1.8,2,,,1.91,2,1.83,1.95,file
2026-01-11,ASB Classic,ATP250,Outdoor,Hard,1st Round,3,Spizzirri E.,Mannarino A.,89,69,Completed,1.62,2.3,1.59,2.5,1.62,2.4,1.57,2.33,file
2026-01-11,Brisbane International,ATP250,Outdoor,Hard,The Final,3,Medvedev D.,Nakashima B.,13,33,Completed,1.29,3.75,1.29,4.01,1.3,3.75,1.28,3.6,file
2026-01-11,Hong Kong Tennis Open,ATP250,Outdoor,Hard,The Final,3,Bublik A.,Musetti L.,11,7,Completed,1.8,2,1.86,2.05,1.87,2.05,1.8,1.98,file
2026-01-12,ASB Classic,ATP250,Outdoor,Hard,1st Round,3,Baez S.,Nava E.,39,88,Completed,2,1.8,2.19,1.75,2.1,1.8,2.02,1.76,file
2026-01-12,ASB Classic,ATP250,Outdoor,Hard,1st Round,3,Brooksby J.,Watt J.,48,643,Completed,1.07,9,1.08,10,1.07,13,1.06,8.69,file
2026-01-12,ASB Classic,ATP250,Outdoor,Hard,1st Round,3,Comesana F.,Royer V.,68,57,Completed,2.2,1.67,2.21,1.74,2.25,1.75,2.12,1.7,file
2026-01-12,ASB Classic,ATP250,Outdoor,Hard,1st Round,3,Michelsen A.,Navone M.,37,74,Completed,1.3,3.5,1.34,3.55,1.32,3.5,1.3,3.44,file
2026-01-12,ASB Classic,ATP250,Outdoor,Hard,1st Round,3,Norrie C.,Gaston H.,28,94,Completed,1.5,2.63,1.53,2.65,1.53,2.8,1.5,2.55,file
2026-01-12,ASB Classic,ATP250,Outdoor,Hard,1st Round,3,Tabilo A.,Ugo Carabelli C.,81,47,Completed,1.44,2.75,1.47,2.88,1.45,2.8,1.43,2.73,file
2026-01-12,Adelaide International,ATP250,Outdoor,Hard,1st Round,3,Humbert U.,Atmane T.,36,64,Completed,1.3,3.5,1.38,3.3,1.36,3.5,1.33,3.27,file
2026-01-12,Adelaide International,ATP250,Outdoor,Hard,1st Round,3,Kokkinakis T.,Korda S.,670,51,Completed,3.5,1.3,3.47,1.35,3.6,1.35,3.37,1.31,file
2026-01-12,Adelaide International,ATP250,Outdoor,Hard,1st Round,3,Munar J.,Altmaier D.,38,44,Completed,1.4,3,1.41,3.14,1.44,3,1.39,2.9,file
2026-01-12,Adelaide International,ATP250,Outdoor,Hard,1st Round,3,Opelka R.,Popyrin A.,62,49,Completed,2,1.8,2.07,1.83,2.08,1.85,2.01,1.77,file
2026-01-12,Adelaide International,ATP250,Outdoor,Hard,1st Round,3,Vacherot V.,Kecmanovic M.,32,59,Completed,1.73,2.1,1.78,2.15,1.75,2.2,1.72,2.09,file
2026-01-13,ASB Classic,ATP250,Outdoor,Hard,1st Round,3,Borges N.,Etcheverry T.,46,61,Completed,1.8,2,1.88,2,1.85,2,1.81,1.96,file
2026-01-13,ASB Classic,ATP250,Outdoor,Hard,1st Round,3,Giron M.,Muller A.,60,50,Completed,1.8,2,1.88,2,1.8,2.12,1.74,2.05,file
2026-01-13,ASB Classic,ATP250,Outdoor,Hard,2nd Round,3,Giron M.,Michelsen A.,60,37,Completed,1.91,1.91,,,2.02,1.91,1.96,1.81,file
2026-01-13,ASB Classic,ATP250,Outdoor,Hard,1st Round,3,Marozsan F.,Monfils G.,52,110,Completed,1.62,2.3,1.67,2.33,1.65,2.38,1.6,2.3,file
2026-01-13,ASB Classic,ATP250,Outdoor,Hard,1st Round,3,Medjedovic H.,Kovacevic A.,96,54,Completed,1.44,2.75,1.53,2.67,1.5,2.8,1.46,2.67,file
2026-01-13,ASB Classic,ATP250,Outdoor,Hard,1st Round,3,Mpetshi G.,Bautista Agut R.,63,90,Completed,1.44,2.75,1.4,3.19,1.47,3.1,1.4,2.88,file
2026-01-13,ASB Classic,ATP250,Outdoor,Hard,2nd Round,3,Shelton B.,Comesana F.,8,68,Completed,1.25,4,,,1.32,4,1.29,3.53,file
2026-01-13,Adelaide International,ATP250,Outdoor,Hard,1st Round,3,Fucsovics M.,Quinn E.,55,78,Completed,1.8,2,1.74,2.21,1.9,2.05,1.79,1.98,file
2026-01-13,Adelaide International,ATP250,Outdoor,Hard,1st Round,3,Halys Q.,Fearnley J.,85,77,Completed,1.57,2.38,,,1.68,2.38,1.63,2.23,file
2026-01-13,Adelaide International,ATP250,Outdoor,Hard,1st Round,3,Hijikata R.,Schoolkate T.,115,97,Completed,1.62,2.3,1.71,2.25,1.67,2.3,1.63,2.23,file
2026-01-13,Adelaide International,ATP250,Outdoor,Hard,1st Round,3,Machac T.,Duckworth J.,35,86,Completed,1.62,2.3,1.58,2.53,1.67,2.3,1.62,2.25,file
2026-01-13,Adelaide International,ATP250,Outdoor,Hard,1st Round,3,Shevchenko A.,Dzumhur D.,104,66,Completed,1.73,2.1,,,1.74,2.25,1.67,2.15,file
2026-01-13,Adelaide International,ATP250,Outdoor,Hard,1st Round,3,Vavassori A.,Diallo G.,336,41,Completed,3.4,1.33,,,3.5,1.9,3.05,1.42,file
2026-01-13,Adelaide International,ATP250,Outdoor,Hard,1st Round,3,Vukic A.,Tsitsipas S.,87,33,Completed,3.75,1.29,,,3.75,1.32,3.51,1.29,file
2026-01-14,ASB Classic,ATP250,Outdoor,Hard,2nd Round,3,Baez S.,Brooksby J.,39,48,Completed,2.5,1.53,,,2.63,1.6,2.41,1.55,file
2026-01-14,ASB Classic,ATP250,Outdoor,Hard,2nd Round,3,Darderi L.,Tabilo A.,24,81,Completed,2.3,1.62,,,2.43,1.65,2.34,1.59,file
2026-01-14,ASB Classic,ATP250,Outdoor,Hard,Quarterfinals,3,Giron M.,Darderi L.,60,24,Completed,1.4,3,,,1.44,3,1.41,2.84,file
2026-01-14,ASB Classic,ATP250,Outdoor,Hard,2nd Round,3,Marozsan F.,Ruud C.,52,13,Completed,3,1.4,,,3,1.49,2.76,1.44,file
2026-01-14,ASB Classic,ATP250,Outdoor,Hard,2nd Round,3,Mensik J.,Medjedovic H.,18,96,Completed,1.67,2.2,,,1.7,2.3,1.66,2.19,file
2026-01-14,ASB Classic,ATP250,Outdoor,Hard,2nd Round,3,Mpetshi G.,Norrie C.,63,28,Completed,2.1,1.73,,,2.12,1.85,2.05,1.74,file
2026-01-14,ASB Classic,ATP250,Outdoor,Hard,2nd Round,3,Spizzirri E.,Borges N.,89,46,Completed,2.1,1.73,,,2.18,1.75,2.08,1.72,file
2026-01-14,Adelaide International,ATP250,Outdoor,Hard,2nd Round,3,Davidovich Fokina A.,Hijikata R.,15,115,Completed,1.36,3.2,,,1.44,3.2,1.37,3.03,file
2026-01-14,Adelaide International,ATP250,Outdoor,Hard,2nd Round,3,Humbert U.,Griekspoor T.,36,25,Completed,1.53,2.5,,,1.6,2.5,1.53,2.45,file
2026-01-14,Adelaide International,ATP250,Outdoor,Hard,2nd Round,3,Machac T.,Halys Q.,35,85,Completed,1.57,2.38,,,1.67,2.4,1.58,2.32,file
2026-01-14,Adelaide International,ATP250,Outdoor,Hard,2nd Round,3,Munar J.,Cerundolo F.,38,20,Completed,1.67,2.2,,,1.67,2.25,1.65,2.2,file
2026-01-14,Adelaide International,ATP250,Outdoor,Hard,2nd Round,3,Paul T.,Opelka R.,21,62,Completed,1.53,2.5,,,1.61,2.5,1.55,2.4,file
2026-01-14,Adelaide International,ATP250,Outdoor,Hard,2nd Round,3,Shevchenko A.,Fucsovics M.,104,55,Completed,2.75,1.44,,,2.75,1.53,2.61,1.48,file
2026-01-14,Adelaide International,ATP250,Outdoor,Hard,2nd Round,3,Vacherot V.,Kokkinakis T.,32,670,Walkover,1.44,2.75,,,1.5,2.88,1.44,2.73,file
2026-01-14,Adelaide International,ATP250,Outdoor,Hard,2nd Round,3,Vukic A.,Vavassori A.,87,336,Completed,1.62,2.3,,,1.63,2.5,1.56,2.39,file
2026-01-15,ASB Classic,ATP250,Outdoor,Hard,Quarterfinals,3,Baez S.,Shelton B.,39,8,Completed,4.33,1.22,,,4.33,1.25,4.03,1.23,file
2026-01-15,ASB Classic,ATP250,Outdoor,Hard,Quarterfinals,3,Marozsan F.,Spizzirri E.,52,89,Completed,1.73,2.1,,,1.73,2.18,1.71,2.11,file
2026-01-15,ASB Classic,ATP250,Outdoor,Hard,Quarterfinals,3,Mensik J.,Mpetshi G.,18,63,Completed,1.62,2.3,,,1.65,2.3,1.62,2.25,file
2026-01-15,Adelaide International,ATP250,Outdoor,Hard,Quarterfinals,3,Davidovich Fokina A.,Vacherot V.,15,32,Completed,1.53,2.5,,,1.87,2.5,1.55,2.43,file
2026-01-15,Adelaide International,ATP250,Outdoor,Hard,Quarterfinals,3,Humbert U.,Shevchenko A.,36,104,Completed,1.25,4,,,1.26,4.2,1.24,3.89,file
2026-01-15,Adelaide International,ATP250,Outdoor,Hard,Quarterfinals,3,Machac T.,Munar J.,35,38,Completed,1.73,2.1,,,1.91,2.1,1.77,2.01,file
2026-01-15,Adelaide International,ATP250,Outdoor,Hard,Quarterfinals,3,Paul T.,Vukic A.,21,87,Completed,1.22,4.33,,,1.29,4.33,1.24,3.97,file
2026-01-16,ASB Classic,ATP250,Outdoor,Hard,Semifinals,3,Baez S.,Giron M.,39,60,Completed,2.38,1.57,,,2.6,1.6,2.49,1.52,file
2026-01-16,ASB Classic,ATP250,Outdoor,Hard,Semifinals,3,Mensik J.,Marozsan F.,18,52,Completed,1.3,3.5,,,1.33,3.5,1.32,3.3,file
2026-01-16,Adelaide International,ATP250,Outdoor,Hard,Semifinals,3,Humbert U.,Davidovich Fokina A.,36,15,Completed,1.8,2,,,1.83,2.05,1.77,2.01,file
2026-01-16,Adelaide International,ATP250,Outdoor,Hard,Semifinals,3,Machac T.,Paul T.,35,21,Completed,2.38,1.57,,,2.4,1.63,2.31,1.59,file
2026-01-17,ASB Classic,ATP250,Outdoor,Hard,The Final,3,Mensik J.,Baez S.,18,39,Completed,1.44,2.75,,,1.47,2.8,1.45,2.72,file
2026-01-17,Adelaide International,ATP250,Outdoor,Hard,The Final,3,Machac T.,Humbert U.,35,36,Completed,2.2,1.67,,,2.25,1.68,2.2,1.66,file
2026-01-18,Australian Open,Grand Slam,Outdoor,Hard,1st Round,5,Alcaraz C.,Walton A.,1,81,Completed,,41,,,1.01,41,1.01,24.06,file
2026-01-18,Australian Open,Grand Slam,Outdoor,Hard,1st Round,5,Bublik A.,Brooksby J.,10,48,Completed,1.29,3.75,,,1.29,3.9,1.27,3.73,file
2026-01-18,Australian Open,Grand Slam,Outdoor,Hard,1st Round,5,Cerundolo F.,Zhang Zh.,21,368,Completed,1.4,3,,,1.43,3,1.41,2.83,file
2026-01-18,Australian Open,Grand Slam,Outdoor,Hard,1st Round,5,Comesana F.,Kypson P.,68,116,Completed,1.57,2.38,,,1.62,2.38,1.59,2.3,file
2026-01-18,Australian Open,Grand Slam,Outdoor,Hard,1st Round,5,Dzumhur D.,Draxl L.,66,145,Completed,1.73,2.1,,,1.8,2.1,1.74,2.05,file
2026-01-18,Australian Open,Grand Slam,Outdoor,Hard,1st Round,5,Etcheverry T.,Kecmanovic M.,62,60,Completed,1.73,2.1,,,1.75,2.16,1.71,2.11,file
2026-01-18,Australian Open,Grand Slam,Outdoor,Hard,1st Round,5,Faria J.,Blockx A.,151,96,Completed,2.38,1.57,,,2.65,1.62,2.4,1.55,file
2026-01-18,Australian Open,Grand Slam,Outdoor,Hard,1st Round,5,Fery A.,Cobolli F.,186,22,Completed,3.2,1.36,,,3.2,1.43,2.89,1.4,file
2026-01-18,Australian Open,Grand Slam,Outdoor,Hard,1st Round,5,Fucsovics M.,Ugo Carabelli C.,54,49,Completed,1.2,4.5,,,1.23,4.5,1.22,4.19,file
2026-01-18,Australian Open,Grand Slam,Outdoor,Hard,1st Round,5,Hanfmann Y.,Svajda Z.,102,143,Completed,2.3,1.62,,,2.4,1.64,2.31,1.58,file
2026-01-18,Australian Open,Grand Slam,Outdoor,Hard,1st Round,5,Moutet C.,Schoolkate T.,37,98,Completed,1.33,3.4,,,1.36,3.5,1.34,3.22,file
2026-01-18,Australian Open,Grand Slam,Outdoor,Hard,1st Round,5,Nava E.,Jacquet K.,89,128,Completed,1.57,2.38,,,1.64,2.4,1.58,2.32,file
2026-01-18,Australian Open,Grand Slam,Outdoor,Hard,1st Round,5,Norrie C.,Bonzi B.,27,106,Completed,1.3,3.5,,,1.3,4,1.28,3.54,file
2026-01-18,Australian Open,Grand Slam,Outdoor,Hard,1st Round,5,Tiafoe F.,Kubler J.,34,194,Completed,1.29,3.75,,,1.3,4,1.29,3.53,file
2026-01-18,Australian Open,Grand Slam,Outdoor,Hard,1st Round,5,Zheng M.,Korda S.,174,53,Completed,3.5,1.3,,,3.8,1.33,3.45,1.3,file
2026-01-18,Australian Open,Grand Slam,Outdoor,Hard,1st Round,5,Zverev A.,Diallo G.,3,41,Completed,1.13,6,,,1.14,6.5,1.13,5.88,file
2026-01-19,Australian Open,Grand Slam,Outdoor,Hard,1st Round,5,Borges N.,Auger-Aliassime F.,46,8,Retired,3.75,1.29,,,3.75,1.33,3.61,1.28,file
2026-01-19,Australian Open,Grand Slam,Outdoor,Hard,1st Round,5,Cilic M.,Altmaier D.,70,44,Completed,1.5,2.63,,,1.55,2.63,1.52,2.49,file
2026-01-19,Australian Open,Grand Slam,Outdoor,Hard,1st Round,5,Davidovich Fokina A.,Misolic F.,14,84,Completed,1.06,10,,,1.08,10,1.06,8.94,file
2026-01-19,Australian Open,Grand Slam,Outdoor,Hard,1st Round,5,De Minaur A.,McDonald M.,6,113,Completed,1.05,11,,,1.06,11,1.05,10.02,file
2026-01-19,Australian Open,Grand Slam,Outdoor,Hard,1st Round,5,Djokovic N.,Martinez P.,4,71,Completed,1.02,17,,,1.04,17,1.03,12.53,file
2026-01-19,Australian Open,Grand Slam,Outdoor,Hard,1st Round,5,Gea A.,Lehecka J.,198,19,Completed,3.4,1.33,,,3.4,1.35,3.26,1.32,file
2026-01-19,Australian Open,Grand Slam,Outdoor,Hard,1st Round,5,Halys Q.,Tabilo A.,83,79,Completed,1.8,2,,,1.85,2.3,1.77,2.03,file
2026-01-19,Australian Open,Grand Slam,Outdoor,Hard,1st Round,5,Hijikata R.,Mannarino A.,114,69,Completed,1.57,2.38,,,1.7,2.4,1.6,2.31,file
2026-01-19,Australian Open,Grand Slam,Outdoor,Hard,1st Round,5,Maestrelli F.,Atmane T.,141,64,Completed,2.63,1.5,,,2.63,1.53,2.52,1.5,file
2026-01-19,Australian Open,Grand Slam,Outdoor,Hard,1st Round,5,Majchrzak K.,Fearnley J.,59,77,Completed,1.44,2.75,,,1.5,2.88,1.43,2.75,file
2026-01-19,Australian Open,Grand Slam,Outdoor,Hard,1st Round,5,Marozsan F.,Rinderknech A.,47,28,Completed,1.8,2,,,1.85,2.1,1.81,1.97,file
2026-01-19,Australian Open,Grand Slam,Outdoor,Hard,1st Round,5,Medjedovic H.,Navone M.,90,74,Completed,1.36,3.2,,,1.4,3.2,1.37,3,file
2026-01-19,Australian Open,Grand Slam,Outdoor,Hard,1st Round,5,Medvedev D.,De Jong J.,12,73,Completed,1.04,13,,,1.06,13,1.05,9.88,file
2026-01-19,Australian Open,Grand Slam,Outdoor,Hard,1st Round,5,Muller A.,Popyrin A.,52,50,Completed,3.2,1.36,,,3.25,1.41,3.04,1.36,file
2026-01-19,Australian Open,Grand Slam,Outdoor,Hard,1st Round,5,Munar J.,Svrcina D.,39,95,Completed,1.22,4.33,,,1.25,4.33,1.23,3.98,file
2026-01-19,Australian Open,Grand Slam,Outdoor,Hard,1st Round,5,Opelka R.,Budkov Kjaer N.,63,135,Completed,1.53,2.5,,,1.6,2.6,1.55,2.41,file
2026-01-19,Australian Open,Grand Slam,Outdoor,Hard,1st Round,5,Paul T.,Kovacevic A.,20,56,Completed,1.17,5,,,1.2,5.75,1.17,4.81,file
2026-01-19,Australian Open,Grand Slam,Outdoor,Hard,1st Round,5,Rublev A.,Arnaldi M.,15,65,Completed,1.22,4.33,,,1.25,4.5,1.24,4.01,file
2026-01-19,Australian Open,Grand Slam,Outdoor,Hard,1st Round,5,Ruud C.,Bellucci M.,13,76,Completed,1.17,5,,,1.21,5.25,1.19,4.61,file
2026-01-19,Australian Open,Grand Slam,Outdoor,Hard,1st Round,5,Shang J.,Bautista Agut R.,318,91,Completed,1.3,3.5,,,1.32,3.8,1.29,3.48,file
2026-01-19,Australian Open,Grand Slam,Outdoor,Hard,1st Round,5,Shapovalov D.,Bu Y.,23,120,Completed,1.5,2.63,,,1.52,2.63,1.49,2.57,file
2026-01-19,Australian Open,Grand Slam,Outdoor,Hard,1st Round,5,Shevchenko A.,Ymer E.,97,175,Completed,1.44,2.75,,,1.5,2.9,1.44,2.72,file
2026-01-19,Australian Open,Grand Slam,Outdoor,Hard,1st Round,5,Thompson J.,Cerundolo J.M.,111,87,Completed,1.44,2.75,,,1.45,2.88,1.42,2.79,file
2026-01-19,Australian Open,Grand Slam,Outdoor,Hard,1st Round,5,Tien L.,Giron M.,29,51,Completed,1.5,2.63,,,1.55,2.63,1.52,2.49,file
2026-01-19,Australian Open,Grand Slam,Outdoor,Hard,1st Round,5,Tirante T.A.,Vukic A.,103,78,Completed,2.75,1.44,,,2.95,1.45,2.78,1.43,file
2026-01-19,Australian Open,Grand Slam,Outdoor,Hard,1st Round,5,Vacherot V.,Damm M.,31,177,Completed,1.44,2.75,,,1.48,2.75,1.46,2.67,file
2026-01-19,Australian Open,Grand Slam,Outdoor,Hard,1st Round,5,Van De Zandschulp B.,Nakashima B.,75,30,Completed,3.2,1.36,,,3.25,1.4,3.09,1.35,file
2026-01-19,Australian Open,Grand Slam,Outdoor,Hard,1st Round,5,Wawrinka S.,Djere L.,139,92,Completed,1.8,2,,,1.85,2.05,1.81,1.96,file
2026-01-20,Australian Open,Grand Slam,Outdoor,Hard,1st Round,5,Baez S.,Mpetshi G.,36,61,Completed,2.3,1.62,,,2.3,1.73,2.16,1.67,file
2026-01-20,Australian Open,Grand Slam,Outdoor,Hard,1st Round,5,Basavareddy N.,O Connell C.,242,118,Completed,1.62,2.3,,,1.7,2.32,1.62,2.25,file
2026-01-20,Australian Open,Grand Slam,Outdoor,Hard,1st Round,5,Darderi L.,Garin C.,25,82,Completed,1.5,2.63,,,1.53,2.88,1.49,2.57,file
2026-01-20,Australian Open,Grand Slam,Outdoor,Hard,1st Round,5,Duckworth J.,Prizmic D.,88,127,Completed,2.1,1.73,,,2.13,1.75,2.07,1.73,file
2026-01-20,Australian Open,Grand Slam,Outdoor,Hard,1st Round,5,Fritz T.,Royer V.,9,58,Completed,1.11,6.5,,,1.14,7,1.12,6.24,file
2026-01-20,Australian Open,Grand Slam,Outdoor,Hard,1st Round,5,Hurkacz H.,Bergs Z.,55,43,Completed,1.36,3.2,,,1.4,3.25,1.37,3.02,file
2026-01-20,Australian Open,Grand Slam,Outdoor,Hard,1st Round,5,Jodar R.,Sakamoto R.,150,203,Completed,1.33,3.4,,,1.42,3.4,1.37,3.04,file
2026-01-20,Australian Open,Grand Slam,Outdoor,Hard,1st Round,5,Khachanov K.,Michelsen A.,18,38,Completed,1.57,2.38,,,1.62,2.45,1.56,2.38,file
2026-01-20,Australian Open,Grand Slam,Outdoor,Hard,1st Round,5,Kopriva V.,Struff J.L.,101,86,Completed,3,1.4,,,3,1.44,2.83,1.41,file
2026-01-20,Australian Open,Grand Slam,Outdoor,Hard,1st Round,5,Machac T.,Dimitrov G.,24,45,Completed,1.73,2.1,,,1.73,2.2,1.68,2.14,file
2026-01-20,Australian Open,Grand Slam,Outdoor,Hard,1st Round,5,Mensik J.,Carreno Busta P.,17,94,Completed,1.22,4.33,,,1.24,4.33,1.22,4.08,file
2026-01-20,Australian Open,Grand Slam,Outdoor,Hard,1st Round,5,Musetti L.,Collignon R.,5,72,Retired,1.25,4,,,1.26,4.2,1.24,3.93,file
2026-01-20,Australian Open,Grand Slam,Outdoor,Hard,1st Round,5,Quinn E.,Griekspoor T.,80,26,Completed,2.1,1.73,,,2.17,1.8,2.08,1.72,file
2026-01-20,Australian Open,Grand Slam,Outdoor,Hard,1st Round,5,Shelton B.,Humbert U.,7,33,Completed,1.57,2.38,,,1.62,2.43,1.57,2.34,file
2026-01-20,Australian Open,Grand Slam,Outdoor,Hard,1st Round,5,Sinner J.,Gaston H.,2,93,Retired,,51,,,1.01,51,1.01,26.85,file
2026-01-20,Australian Open,Grand Slam,Outdoor,Hard,1st Round,5,Sonego L.,Taberner C.,40,99,Completed,1.08,8,,,1.1,8.5,1.08,7.38,file
2026-01-20,Australian Open,Grand Slam,Outdoor,Hard,1st Round,5,Spizzirri E.,Fonseca J.,85,32,Completed,2.63,1.5,,,2.63,1.55,2.48,1.53,file
2026-01-20,Australian Open,Grand Slam,Outdoor,Hard,1st Round,5,Sweeny D.,Monfils G.,182,110,Completed,2.38,1.57,,,2.5,1.57,2.41,1.54,file
2026-01-20,Australian Open,Grand Slam,Outdoor,Hard,1st Round,5,Tsitsipas S.,Mochizuki S.,35,112,Completed,1.11,6.5,,,1.15,7,1.12,5.96,file
2026-01-20,Australian Open,Grand Slam,Outdoor,Hard,1st Round,5,Wu Y.,Nardi L.,168,108,Completed,1.25,4,,,1.3,4.5,1.24,3.97,file
2026-01-21,Australian Open,Grand Slam,Outdoor,Hard,2nd Round,5,Alcaraz C.,Hanfmann Y.,1,102,Completed,1.01,26,,,1.02,29,1.01,19.31,file
2026-01-21,Australian Open,Grand Slam,Outdoor,Hard,2nd Round,5,Borges N.,Thompson J.,46,111,Completed,1.53,2.5,,,1.67,2.53,1.55,2.43,file
2026-01-21,Australian Open,Grand Slam,Outdoor,Hard,2nd Round,5,Bublik A.,Fucsovics M.,10,54,Completed,1.2,4.5,,,1.2,5,1.2,4.48,file
2026-01-21,Australian Open,Grand Slam,Outdoor,Hard,2nd Round,5,Cerundolo F.,Dzumhur D.,21,66,Completed,1.2,4.5,,,1.22,4.75,1.2,4.41,file
2026-01-21,Australian Open,Grand Slam,Outdoor,Hard,2nd Round,5,Davidovich Fokina A.,Opelka R.,14,63,Completed,1.4,3,,,1.44,3,1.4,2.89,file
2026-01-21,Australian Open,Grand Slam,Outdoor,Hard,2nd Round,5,De Minaur A.,Medjedovic H.,6,90,Completed,1.13,6,,,1.15,6,1.14,5.5,file
2026-01-21,Australian Open,Grand Slam,Outdoor,Hard,2nd Round,5,Etcheverry T.,Fery A.,62,186,Completed,1.62,2.3,,,1.63,2.35,1.6,2.29,file
2026-01-21,Australian Open,Grand Slam,Outdoor,Hard,2nd Round,5,Marozsan F.,Majchrzak K.,47,59,Completed,1.57,2.38,,,1.65,2.38,1.59,2.33,file
2026-01-21,Australian Open,Grand Slam,Outdoor,Hard,2nd Round,5,Medvedev D.,Halys Q.,12,83,Completed,1.1,7,,,1.12,7.5,1.1,6.55,file
2026-01-21,Australian Open,Grand Slam,Outdoor,Hard,2nd Round,5,Moutet C.,Zheng M.,37,174,Retired,1.62,2.3,,,1.67,2.35,1.64,2.24,file
2026-01-21,Australian Open,Grand Slam,Outdoor,Hard,2nd Round,5,Norrie C.,Nava E.,27,89,Completed,1.44,2.75,,,1.44,2.9,1.42,2.83,file
2026-01-21,Australian Open,Grand Slam,Outdoor,Hard,2nd Round,5,Paul T.,Tirante T.A.,20,103,Completed,1.07,9,,,1.1,9,1.08,7.83,file
2026-01-21,Australian Open,Grand Slam,Outdoor,Hard,2nd Round,5,Rublev A.,Faria J.,15,151,Completed,1.1,7,,,1.12,7.5,1.1,6.54,file
2026-01-21,Australian Open,Grand Slam,Outdoor,Hard,2nd Round,5,Tiafoe F.,Comesana F.,34,68,Completed,1.4,3,,,1.44,3,1.4,2.91,file
2026-01-21,Australian Open,Grand Slam,Outdoor,Hard,2nd Round,5,Tien L.,Shevchenko A.,29,97,Completed,1.17,5,,,1.21,5.25,1.18,4.71,file
2026-01-21,Australian Open,Grand Slam,Outdoor,Hard,2nd Round,5,Zverev A.,Muller A.,3,52,Completed,1.05,11,,,1.06,11,1.05,9.98,file
2026-01-22,Australian Open,Grand Slam,Outdoor,Hard,2nd Round,5,Cilic M.,Shapovalov D.,70,23,Completed,2.2,1.67,,,2.3,1.7,2.21,1.65,file
2026-01-22,Australian Open,Grand Slam,Outdoor,Hard,2nd Round,5,Darderi L.,Baez S.,25,36,Completed,2.5,1.53,,,2.5,1.6,2.38,1.56,file
2026-01-22,Australian Open,Grand Slam,Outdoor,Hard,2nd Round,5,Djokovic N.,Maestrelli F.,4,141,Completed,1.01,29,,,1.02,29,1.01,17.12,file
2026-01-22,Australian Open,Grand Slam,Outdoor,Hard,2nd Round,5,Fritz T.,Kopriva V.,9,101,Completed,1.08,8,,,1.09,8.5,1.08,7.73,file
2026-01-22,Australian Open,Grand Slam,Outdoor,Hard,2nd Round,5,Khachanov K.,Basavareddy N.,18,242,Completed,1.29,3.75,,,1.34,3.8,1.3,3.46,file
2026-01-22,Australian Open,Grand Slam,Outdoor,Hard,2nd Round,5,Machac T.,Tsitsipas S.,24,35,Completed,1.67,2.2,,,1.7,2.45,1.59,2.32,file
2026-01-22,Australian Open,Grand Slam,Outdoor,Hard,2nd Round,5,Mensik J.,Jodar R.,17,150,Completed,1.44,2.75,,,1.55,2.75,1.52,2.5,file
2026-01-22,Australian Open,Grand Slam,Outdoor,Hard,2nd Round,5,Musetti L.,Sonego L.,5,40,Completed,1.36,3.2,,,1.4,3.25,1.36,3.09,file
2026-01-22,Australian Open,Grand Slam,Outdoor,Hard,2nd Round,5,Quinn E.,Hurkacz H.,80,55,Completed,4,1.25,,,4,1.26,3.9,1.24,file
2026-01-22,Australian Open,Grand Slam,Outdoor,Hard,2nd Round,5,Ruud C.,Munar J.,13,39,Completed,1.4,3,,,1.42,3.1,1.39,2.92,file
2026-01-22,Australian Open,Grand Slam,Outdoor,Hard,2nd Round,5,Shelton B.,Sweeny D.,7,182,Completed,1.06,10,,,1.09,10,1.07,8.06,file
2026-01-22,Australian Open,Grand Slam,Outdoor,Hard,2nd Round,5,Sinner J.,Duckworth J.,2,88,Completed,,51,,,1.01,51,1.01,22.15,file
2026-01-22,Australian Open,Grand Slam,Outdoor,Hard,2nd Round,5,Spizzirri E.,Wu Y.,85,168,Completed,1.67,2.2,,,1.7,2.21,1.67,2.17,file
2026-01-22,Australian Open,Grand Slam,Outdoor,Hard,2nd Round,5,Vacherot V.,Hijikata R.,31,114,Completed,1.5,2.63,,,1.54,2.63,1.51,2.53,file
2026-01-22,Australian Open,Grand Slam,Outdoor,Hard,2nd Round,5,Van De Zandschulp B.,Shang J.,75,318,Completed,2.3,1.62,,,2.3,1.7,2.22,1.64,file
2026-01-22,Australian Open,Grand Slam,Outdoor,Hard,2nd Round,5,Wawrinka S.,Gea A.,139,198,Completed,2.5,1.53,,,2.5,1.58,2.4,1.55,file
2026-01-23,Australian Open,Grand Slam,Outdoor,Hard,3rd Round,5,Alcaraz C.,Moutet C.,1,37,Completed,1.01,21,,,1.02,23,1.01,17.54,file
2026-01-23,Australian Open,Grand Slam,Outdoor,Hard,3rd Round,5,Bublik A.,Etcheverry T.,10,62,Completed,1.2,4.5,,,1.25,4.5,1.22,4.12,file
2026-01-23,Australian Open,Grand Slam,Outdoor,Hard,3rd Round,5,Cerundolo F.,Rublev A.,21,15,Completed,2.1,1.73,,,2.2,1.75,2.1,1.72,file
2026-01-23,Australian Open,Grand Slam,Outdoor,Hard,3rd Round,5,Darderi L.,Khachanov K.,25,18,Completed,4.5,1.2,,,4.5,1.23,4.26,1.21,file
2026-01-23,Australian Open,Grand Slam,Outdoor,Hard,3rd Round,5,De Minaur A.,Tiafoe F.,6,34,Completed,1.17,5,,,1.18,5.1,1.17,4.8,file
2026-01-23,Australian Open,Grand Slam,Outdoor,Hard,3rd Round,5,Medvedev D.,Marozsan F.,12,47,Completed,1.17,5,,,1.19,5,1.18,4.67,file
2026-01-23,Australian Open,Grand Slam,Outdoor,Hard,3rd Round,5,Musetti L.,Machac T.,5,24,Completed,1.5,2.63,,,1.54,2.63,1.5,2.52,file
2026-01-23,Australian Open,Grand Slam,Outdoor,Hard,3rd Round,5,Paul T.,Davidovich Fokina A.,20,14,Retired,1.44,2.75,,,1.5,2.8,1.47,2.65,file
2026-01-23,Australian Open,Grand Slam,Outdoor,Hard,3rd Round,5,Tien L.,Borges N.,29,46,Completed,1.4,3,,,1.44,3,1.42,2.82,file
2026-01-23,Australian Open,Grand Slam,Outdoor,Hard,3rd Round,5,Zverev A.,Norrie C.,3,27,Completed,1.2,4.5,,,1.22,5.25,1.21,4.35,file
2026-01-24,Australian Open,Grand Slam,Outdoor,Hard,3rd Round,5,Djokovic N.,Van De Zandschulp B.,4,75,Completed,1.06,10,,,1.08,10,1.07,8.23,file
2026-01-24,Australian Open,Grand Slam,Outdoor,Hard,3rd Round,5,Fritz T.,Wawrinka S.,9,139,Completed,1.08,8,,,1.09,8.5,1.08,7.48,file
2026-01-24,Australian Open,Grand Slam,Outdoor,Hard,3rd Round,5,Mensik J.,Quinn E.,17,80,Completed,1.44,2.75,,,1.48,2.75,1.45,2.69,file
2026-01-24,Australian Open,Grand Slam,Outdoor,Hard,3rd Round,5,Ruud C.,Cilic M.,13,70,Completed,1.33,3.4,,,1.4,3.4,1.35,3.14,file
2026-01-24,Australian Open,Grand Slam,Outdoor,Hard,3rd Round,5,Shelton B.,Vacherot V.,7,31,Completed,1.22,4.33,,,1.29,4.33,1.23,4.04,file
2026-01-24,Australian Open,Grand Slam,Outdoor,Hard,3rd Round,5,Sinner J.,Spizzirri E.,2,85,Completed,,41,,,1.01,67,1.01,33.15,file
2026-01-25,Australian Open,Grand Slam,Outdoor,Hard,4th Round,5,Alcaraz C.,Paul T.,1,20,Completed,1.08,8,,,1.12,8,1.09,6.94,file
2026-01-25,Australian Open,Grand Slam,Outdoor,Hard,4th Round,5,De Minaur A.,Bublik A.,6,10,Completed,1.53,2.5,,,1.6,2.55,1.55,2.41,file
2026-01-25,Australian Open,Grand Slam,Outdoor,Hard,4th Round,5,Tien L.,Medvedev D.,29,12,Completed,2.75,1.44,,,3,1.48,2.75,1.43,file
2026-01-25,Australian Open,Grand Slam,Outdoor,Hard,4th Round,5,Zverev A.,Cerundolo F.,3,21,Completed,1.36,3.2,,,1.4,3.25,1.35,3.12,file
2026-01-26,Australian Open,Grand Slam,Outdoor,Hard,4th Round,5,Djokovic N.,Mensik J.,4,17,Walkover,1.25,4,,,1.29,4,1.26,3.72,file
2026-01-26,Australian Open,Grand Slam,Outdoor,Hard,4th Round,5,Musetti L.,Fritz T.,5,9,Completed,2.1,1.73,,,2.15,1.75,2.1,1.72,file
2026-01-26,Australian Open,Grand Slam,Outdoor,Hard,4th Round,5,Shelton B.,Ruud C.,7,13,Completed,1.53,2.5,,,1.55,2.6,1.53,2.47,file
2026-01-26,Australian Open,Grand Slam,Outdoor,Hard,4th Round,5,Sinner J.,Darderi L.,2,25,Completed,1.01,26,,,1.02,26,1.02,16.08,file
2026-01-27,Australian Open,Grand Slam,Outdoor,Hard,Quarterfinals,5,Alcaraz C.,De Minaur A.,1,6,Completed,1.14,5.5,,,1.16,6,1.14,5.39,file
2026-01-27,Australian Open,Grand Slam,Outdoor,Hard,Quarterfinals,5,Zverev A.,Tien L.,3,29,Completed,1.44,2.75,,,1.5,2.9,1.44,2.75,file
2026-01-28,Australian Open,Grand Slam,Outdoor,Hard,Quarterfinals,5,Djokovic N.,Musetti L.,4,5,Retired,1.3,3.5,,,1.35,4,1.31,3.38,file
2026-01-28,Australian Open,Grand Slam,Outdoor,Hard,Quarterfinals,5,Sinner J.,Shelton B.,2,7,Completed,1.08,8,,,1.1,8.5,1.08,7.42,file
2026-01-30,Australian Open,Grand Slam,Outdoor,Hard,Semifinals,5,Alcaraz C.,Zverev A.,1,3,Completed,1.14,5.5,,,1.19,5.5,1.16,5.19,file
2026-01-30,Australian Open,Grand Slam,Outdoor,Hard,Semifinals,5,Djokovic N.,Sinner J.,4,2,Completed,10,1.06,,,10,1.08,8.63,1.07,file
2026-02-01,Australian Open,Grand Slam,Outdoor,Hard,The Final,5,Alcaraz C.,Djokovic N.,1,4,Completed,1.3,3.5,,,1.33,3.8,1.31,3.44,file
2026-02-02,Open Sud de France,ATP250,Indoor,Hard,1st Round,3,Bautista Agut R.,O Connell C.,89,119,Completed,1.67,2.2,,,1.68,2.4,1.62,2.24,file
2026-02-02,Open Sud de France,ATP250,Indoor,Hard,1st Round,3,Gea A.,Mpetshi G.,168,57,Retired,2.2,1.67,,,2.25,1.75,2.16,1.67,file
2026-02-02,Open Sud de France,ATP250,Indoor,Hard,1st Round,3,Mannarino A.,Martinez P.,70,77,Completed,1.62,2.3,,,1.67,2.32,1.61,2.25,file
2026-02-03,Open Sud de France,ATP250,Indoor,Hard,1st Round,3,Blanchet U.,Vavassori A.,174,282,Completed,2.3,1.62,,,2.38,1.62,2.29,1.59,file
2026-02-03,Open Sud de France,ATP250,Indoor,Hard,1st Round,3,Carreno Busta P.,Kecmanovic M.,100,69,Completed,2.1,1.73,,,2.18,1.8,2.1,1.7,file
2026-02-03,Open Sud de France,ATP250,Indoor,Hard,1st Round,3,Damm M.,Hurkacz H.,160,52,Completed,4,1.25,,,4.33,1.26,3.95,1.24,file
2026-02-03,Open Sud de France,ATP250,Indoor,Hard,1st Round,3,Droguet T.,Choinski J.,150,125,Completed,1.3,3.5,,,1.32,3.75,1.3,3.43,file
2026-02-03,Open Sud de France,ATP250,Indoor,Hard,1st Round,3,Fils A.,Royer V.,42,56,Completed,1.67,2.2,,,1.73,2.25,1.66,2.17,file
2026-02-03,Open Sud de France,ATP250,Indoor,Hard,1st Round,3,Humbert U.,Van De Zandschulp B.,38,67,Completed,1.29,3.75,,,1.3,4.25,1.29,3.53,file
2026-02-04,Open Sud de France,ATP250,Indoor,Hard,2nd Round,3,Damm M.,Bautista Agut R.,160,89,Completed,1.67,2.2,,,1.7,2.25,1.65,2.17,file
2026-02-04,Open Sud de France,ATP250,Indoor,Hard,2nd Round,3,Gea A.,Machac T.,168,28,Retired,2.75,1.44,,,2.9,1.44,2.78,1.42,file
2026-02-04,Open Sud de France,ATP250,Indoor,Hard,1st Round,3,Kovacevic A.,Kouame M.,83,551,Completed,1.4,3,,,1.43,3,1.41,2.82,file
2026-02-04,Open Sud de France,ATP250,Indoor,Hard,2nd Round,3,Mannarino A.,Humbert U.,70,38,Completed,5,1.17,,,5.5,1.19,4.78,1.17,file
2026-02-04,Open Sud de France,ATP250,Indoor,Hard,1st Round,3,Nardi L.,Basilashvili N.,106,137,Completed,1.62,2.3,,,1.65,2.3,1.62,2.23,file
2026-02-04,Open Sud de France,ATP250,Indoor,Hard,1st Round,3,Wawrinka S.,Medjedovic H.,113,80,Completed,2.75,1.44,,,2.75,1.56,2.54,1.5,file
2026-02-05,Open Sud de France,ATP250,Indoor,Hard,2nd Round,3,Auger-Aliassime F.,Wawrinka S.,8,113,Completed,1.3,3.5,,,1.33,3.5,1.3,3.41,file
2026-02-05,Open Sud de France,ATP250,Indoor,Hard,2nd Round,3,Droguet T.,Kovacevic A.,150,83,Completed,1.8,2,,,1.86,2.05,1.8,1.98,file
2026-02-05,Open Sud de France,ATP250,Indoor,Hard,2nd Round,3,Fils A.,Blanchet U.,42,174,Completed,1.25,4,,,1.27,4.25,1.24,3.86,file
2026-02-05,Open Sud de France,ATP250,Indoor,Hard,2nd Round,3,Griekspoor T.,Carreno Busta P.,29,100,Completed,1.62,2.3,,,1.67,2.3,1.63,2.23,file
2026-02-05,Open Sud de France,ATP250,Indoor,Hard,2nd Round,3,Nardi L.,Cobolli F.,106,20,Completed,2.1,1.73,,,2.15,1.73,2.11,1.7,file
2026-02-06,Open Sud de France,ATP250,Indoor,Hard,Quarterfinals,3,Auger-Aliassime F.,Fils A.,8,42,Completed,1.5,2.63,,,1.52,2.65,1.49,2.57,file
2026-02-06,Open Sud de France,ATP250,Indoor,Hard,Quarterfinals,3,Damm M.,Nardi L.,160,106,Completed,,,,,1.8,2.06,1.77,2,file
2026-02-06,Open Sud de France,ATP250,Indoor,Hard,Quarterfinals,3,Droguet T.,Griekspoor T.,150,29,Completed,2.5,1.53,,,2.55,1.55,2.38,1.53,file
2026-02-06,Open Sud de France,ATP250,Indoor,Hard,Quarterfinals,3,Mannarino A.,Gea A.,70,168,Completed,2.1,1.73,,,2.15,1.75,2.1,1.71,file
2026-02-07,Open Sud de France,ATP250,Indoor,Hard,Semifinals,3,Auger-Aliassime F.,Droguet T.,8,150,Completed,1.22,4.33,,,1.25,4.75,1.21,4.26,file
2026-02-07,Open Sud de France,ATP250,Indoor,Hard,Semifinals,3,Mannarino A.,Damm M.,70,160,Completed,2.3,1.62,,,2.3,1.65,2.25,1.61,file
2026-02-08,Open Sud de France,ATP250,Indoor,Hard,The Final,3,Auger-Aliassime F.,Mannarino A.,8,70,Completed,1.17,5,,,1.19,5.25,1.17,4.85,file
2026-02-09,ABN AMRO World Tennis Tournament,ATP500,Indoor,Hard,1st Round,3,Humbert U.,Medvedev D.,36,11,Completed,2.75,1.44,,,2.88,1.45,2.76,1.43,file
2026-02-09,ABN AMRO World Tennis Tournament,ATP500,Indoor,Hard,1st Round,3,Munar J.,Budkov Kjaer N.,37,132,Completed,1.44,2.75,,,1.5,2.88,1.44,2.75,file
2026-02-09,ABN AMRO World Tennis Tournament,ATP500,Indoor,Hard,1st Round,3,Norrie C.,Bautista Agut R.,26,85,Completed,1.29,3.75,,,1.33,4,1.27,3.7,file
2026-02-09,ABN AMRO World Tennis Tournament,ATP500,Indoor,Hard,1st Round,3,O Connell C.,Royer V.,119,57,Completed,2,1.8,,,2.2,1.8,2.07,1.74,file
2026-02-09,ABN AMRO World Tennis Tournament,ATP500,Indoor,Hard,1st Round,3,Van De Zandschulp B.,Pavlovic L.,65,219,Completed,1.17,5,,,1.21,5.2,1.18,4.61,file
2026-02-09,Argentina Open,ATP250,Outdoor,Clay,1st Round,3,Dellien H.,Dzumhur D.,167,62,Completed,1.8,2,,,1.83,2.05,1.81,1.96,file
2026-02-09,Argentina Open,ATP250,Outdoor,Clay,1st Round,3,Etcheverry T.,Pellegrino A.,54,145,Completed,1.2,4.5,,,1.22,4.5,1.2,4.36,file
2026-02-09,Argentina Open,ATP250,Outdoor,Clay,1st Round,3,Kopriva V.,Barrena A.,95,180,Completed,1.44,2.75,,,1.54,2.75,1.48,2.59,file
2026-02-09,Argentina Open,ATP250,Outdoor,Clay,1st Round,3,Martinez P.,Midon L.,94,229,Completed,1.73,2.1,,,1.8,2.1,1.75,2.04,file
2026-02-09,Dallas Open,ATP500,Indoor,Hard,1st Round,3,Davidovich Fokina A.,Svajda Z.,14,110,Completed,1.44,2.75,,,1.46,3.5,1.44,2.75,file
2026-02-09,Dallas Open,ATP500,Indoor,Hard,1st Round,3,Nakashima B.,Bellucci M.,29,107,Completed,1.4,3,,,1.44,3,1.4,2.9,file
2026-02-10,ABN AMRO World Tennis Tournament,ATP500,Indoor,Hard,1st Round,3,Bergs Z.,Medjedovic H.,39,79,Completed,1.8,2,,,1.85,2.01,1.81,1.98,file
2026-02-10,ABN AMRO World Tennis Tournament,ATP500,Indoor,Hard,1st Round,3,De Minaur A.,Fils A.,8,42,Completed,1.22,4.33,,,1.25,4.33,1.22,4.09,file
2026-02-10,ABN AMRO World Tennis Tournament,ATP500,Indoor,Hard,1st Round,3,Griekspoor T.,Mpetshi G.,27,56,Completed,1.5,2.63,,,1.55,2.63,1.53,2.48,file
2026-02-10,ABN AMRO World Tennis Tournament,ATP500,Indoor,Hard,1st Round,3,Halys Q.,Rottgering M.,77,614,Completed,1.22,4.33,,,1.25,4.4,1.24,3.98,file
2026-02-10,ABN AMRO World Tennis Tournament,ATP500,Indoor,Hard,1st Round,3,Struff J.L.,Grenier H.,82,188,Completed,1.36,3.2,,,1.38,3.3,1.35,3.17,file
2026-02-10,Argentina Open,ATP250,Outdoor,Clay,1st Round,3,Barrios M.,Seyboth Wild T.,114,197,Retired,1.62,2.3,,,1.67,2.3,1.63,2.23,file
2026-02-10,Argentina Open,ATP250,Outdoor,Clay,1st Round,3,Berrettini M.,Coria F.,58,322,Completed,1.11,6.5,,,1.14,7.5,1.12,5.99,file
2026-02-10,Argentina Open,ATP250,Outdoor,Clay,1st Round,3,Burruchaga R.,Djere L.,104,91,Completed,1.67,2.2,,,1.75,2.2,1.69,2.14,file
2026-02-10,Argentina Open,ATP250,Outdoor,Clay,1st Round,3,Buse I.,Passaro F.,96,159,Completed,2.38,1.57,,,2.4,1.58,2.36,1.56,file
2026-02-10,Argentina Open,ATP250,Outdoor,Clay,1st Round,3,Cerundolo J.M.,Altmaier D.,80,51,Completed,1.67,2.2,,,1.72,2.31,1.64,2.21,file
2026-02-10,Argentina Open,ATP250,Outdoor,Clay,1st Round,3,Tabilo A.,Diaz Acosta F.,71,285,Completed,1.8,2,,,1.8,2.09,1.77,2.01,file
2026-02-10,Dallas Open,ATP500,Indoor,Hard,1st Round,3,Cilic M.,Tien L.,61,23,Completed,3.2,1.36,,,3.25,1.41,3.02,1.37,file
2026-02-10,Dallas Open,ATP500,Indoor,Hard,1st Round,3,Kecmanovic M.,Shimabukuro S.,66,144,Completed,1.57,2.38,,,1.65,2.5,1.57,2.34,file
2026-02-10,Dallas Open,ATP500,Indoor,Hard,1st Round,3,Korda S.,Zheng M.,53,151,Completed,1.36,3.2,,,1.4,3.3,1.36,3.07,file
2026-02-10,Dallas Open,ATP500,Indoor,Hard,1st Round,3,Michelsen A.,Dimitrov G.,41,43,Completed,1.8,2,,,1.91,2,1.86,1.91,file
2026-02-10,Dallas Open,ATP500,Indoor,Hard,1st Round,3,Pinnington Jones J.,Cobolli F.,181,20,Completed,2.5,1.53,,,2.75,1.55,2.46,1.53,file
2026-02-10,Dallas Open,ATP500,Indoor,Hard,1st Round,3,Shelton B.,Diallo G.,9,38,Completed,1.17,5,,,1.2,5,1.18,4.64,file
2026-02-10,Dallas Open,ATP500,Indoor,Hard,1st Round,3,Tiafoe F.,Atmane T.,30,64,Completed,1.25,4,,,1.28,4,1.26,3.77,file
2026-02-11,ABN AMRO World Tennis Tournament,ATP500,Indoor,Hard,1st Round,3,Auger-Aliassime F.,Popyrin A.,6,50,Completed,1.22,4.33,,,1.22,4.4,1.22,4.14,file
2026-02-11,ABN AMRO World Tennis Tournament,ATP500,Indoor,Hard,1st Round,3,Bublik A.,Hurkacz H.,10,70,Completed,1.67,2.2,,,1.76,2.2,1.71,2.11,file
2026-02-11,ABN AMRO World Tennis Tournament,ATP500,Indoor,Hard,1st Round,3,Den Ouden G.,Fucsovics M.,169,49,Completed,4,1.25,,,4.1,1.25,3.9,1.25,file
2026-02-11,ABN AMRO World Tennis Tournament,ATP500,Indoor,Hard,2nd Round,3,Griekspoor T.,Halys Q.,27,77,Completed,1.57,2.38,,,1.6,2.6,1.55,2.43,file
2026-02-11,ABN AMRO World Tennis Tournament,ATP500,Indoor,Hard,1st Round,3,Khachanov K.,De Jong J.,18,86,Completed,1.14,5.5,,,1.17,5.7,1.14,5.32,file
2026-02-11,ABN AMRO World Tennis Tournament,ATP500,Indoor,Hard,2nd Round,3,O Connell C.,Norrie C.,119,26,Completed,4,1.25,,,4,1.3,3.6,1.28,file
2026-02-11,ABN AMRO World Tennis Tournament,ATP500,Indoor,Hard,1st Round,3,Tsitsipas S.,Rinderknech A.,32,28,Completed,1.53,2.5,,,1.57,2.5,1.54,2.47,file
2026-02-11,ABN AMRO World Tennis Tournament,ATP500,Indoor,Hard,1st Round,3,Wawrinka S.,Boogaard T.,106,1048,Completed,,,,,1.2,7.5,1.13,5.92,file
2026-02-11,Argentina Open,ATP250,Outdoor,Clay,2nd Round,3,Etcheverry T.,Burruchaga R.,54,104,Completed,1.44,2.75,,,2.48,2.75,1.56,2.54,file
2026-02-11,Argentina Open,ATP250,Outdoor,Clay,2nd Round,3,Kopriva V.,Berrettini M.,95,58,Completed,3,1.4,,,3.1,1.44,2.95,1.38,file
2026-02-11,Argentina Open,ATP250,Outdoor,Clay,1st Round,3,Navone M.,Nava E.,73,81,Completed,1.44,2.75,,,1.48,2.75,1.45,2.67,file
2026-02-11,Argentina Open,ATP250,Outdoor,Clay,2nd Round,3,Tabilo A.,Fonseca J.,71,33,Completed,2.38,1.57,,,2.4,1.62,2.33,1.57,file
2026-02-11,Argentina Open,ATP250,Outdoor,Clay,1st Round,3,Ugo Carabelli C.,Comesana F.,47,63,Completed,1.73,2.1,,,1.8,2.13,1.72,2.08,file
2026-02-11,Dallas Open,ATP500,Indoor,Hard,2nd Round,3,Davidovich Fokina A.,Michelsen A.,14,41,Completed,1.73,2.1,,,1.8,2.1,1.75,2.04,file
2026-02-11,Dallas Open,ATP500,Indoor,Hard,1st Round,3,Fritz T.,Giron M.,7,59,Completed,1.4,3,,,1.4,3.2,1.38,2.96,file
2026-02-11,Dallas Open,ATP500,Indoor,Hard,1st Round,3,Kovacevic A.,Kypson P.,78,109,Completed,,,,,1.7,4.33,1.59,2.44,file
2026-02-11,Dallas Open,ATP500,Indoor,Hard,1st Round,3,Mannarino A.,Walton A.,52,93,Completed,1.67,2.2,,,1.75,2.25,1.67,2.15,file
2026-02-11,Dallas Open,ATP500,Indoor,Hard,1st Round,3,Paul T.,Brooksby J.,24,45,Completed,1.33,3.4,,,1.36,3.45,1.33,3.23,file
2026-02-11,Dallas Open,ATP500,Indoor,Hard,1st Round,3,Quinn E.,Svajda T.,74,363,Completed,1.25,4,,,1.26,4.33,1.25,3.85,file
2026-02-11,Dallas Open,ATP500,Indoor,Hard,1st Round,3,Shapovalov D.,Jodar R.,40,124,Completed,1.73,2.1,,,1.85,2.2,1.74,2.05,file
2026-02-11,Dallas Open,ATP500,Indoor,Hard,1st Round,3,Spizzirri E.,Duckworth J.,68,83,Completed,1.3,3.5,,,1.33,4.25,1.29,3.51,file
2026-02-12,ABN AMRO World Tennis Tournament,ATP500,Indoor,Hard,2nd Round,3,Auger-Aliassime F.,Medjedovic H.,6,79,Completed,1.22,4.33,,,1.27,4.33,1.25,3.84,file
2026-02-12,ABN AMRO World Tennis Tournament,ATP500,Indoor,Hard,2nd Round,3,Bublik A.,Struff J.L.,10,82,Completed,1.36,3.2,,,1.37,3.5,1.34,3.24,file
2026-02-12,ABN AMRO World Tennis Tournament,ATP500,Indoor,Hard,2nd Round,3,De Minaur A.,Wawrinka S.,8,106,Completed,1.1,7,,,1.12,7,1.11,6.58,file
2026-02-12,ABN AMRO World Tennis Tournament,ATP500,Indoor,Hard,2nd Round,3,Humbert U.,Den Ouden G.,36,169,Completed,1.1,7,,,1.12,8,1.1,6.77,file
2026-02-12,ABN AMRO World Tennis Tournament,ATP500,Indoor,Hard,2nd Round,3,Munar J.,Khachanov K.,37,18,Completed,2.3,1.62,,,2.3,1.7,2.23,1.64,file
2026-02-12,ABN AMRO World Tennis Tournament,ATP500,Indoor,Hard,2nd Round,3,Van De Zandschulp B.,Tsitsipas S.,65,32,Completed,3,1.4,,,3,1.5,2.79,1.43,file
2026-02-12,Argentina Open,ATP250,Outdoor,Clay,2nd Round,3,Baez S.,Buse I.,34,96,Completed,1.36,3.2,,,1.4,3.2,1.36,3.08,file
2026-02-12,Argentina Open,ATP250,Outdoor,Clay,2nd Round,3,Cerundolo F.,Dellien H.,19,167,Completed,1.13,6,,,1.17,6,1.14,5.43,file
2026-02-12,Argentina Open,ATP250,Outdoor,Clay,2nd Round,3,Darderi L.,Barrios M.,22,114,Completed,1.3,3.5,,,1.3,4.4,1.29,3.54,file
2026-02-12,Argentina Open,ATP250,Outdoor,Clay,2nd Round,3,Martinez P.,Cerundolo J.M.,94,80,Completed,2.5,1.53,,,2.5,1.57,2.43,1.54,file
2026-02-12,Argentina Open,ATP250,Outdoor,Clay,2nd Round,3,Ugo Carabelli C.,Navone M.,47,73,Completed,2.3,1.62,,,2.3,1.67,2.2,1.64,file
2026-02-12,Dallas Open,ATP500,Indoor,Hard,2nd Round,3,Cilic M.,Quinn E.,61,74,Completed,1.53,2.5,,,1.55,2.5,1.53,2.46,file
2026-02-12,Dallas Open,ATP500,Indoor,Hard,2nd Round,3,Fritz T.,Nakashima B.,7,29,Completed,1.57,2.38,,,1.65,2.5,1.59,2.32,file
2026-02-12,Dallas Open,ATP500,Indoor,Hard,2nd Round,3,Korda S.,Tiafoe F.,53,30,Completed,1.73,2.1,,,1.8,2.2,1.71,2.1,file
2026-02-12,Dallas Open,ATP500,Indoor,Hard,2nd Round,3,Pinnington Jones J.,Spizzirri E.,181,68,Completed,2.63,1.5,,,2.75,1.53,2.63,1.47,file
2026-02-12,Dallas Open,ATP500,Indoor,Hard,2nd Round,3,Shapovalov D.,Kovacevic A.,40,78,Completed,1.33,3.4,,,1.34,3.5,1.32,3.29,file
2026-02-13,ABN AMRO World Tennis Tournament,ATP500,Indoor,Hard,Quarterfinals,3,Auger-Aliassime F.,Griekspoor T.,6,27,Completed,1.3,3.5,,,1.36,3.6,1.32,3.38,file
2026-02-13,ABN AMRO World Tennis Tournament,ATP500,Indoor,Hard,Quarterfinals,3,Bublik A.,Munar J.,10,37,Completed,1.5,2.63,,,1.5,2.75,1.49,2.63,file
2026-02-13,ABN AMRO World Tennis Tournament,ATP500,Indoor,Hard,Quarterfinals,3,De Minaur A.,Van De Zandschulp B.,8,65,Completed,1.13,6,,,1.15,6,1.14,5.63,file
2026-02-13,ABN AMRO World Tennis Tournament,ATP500,Indoor,Hard,Quarterfinals,3,Humbert U.,O Connell C.,36,119,Completed,1.2,4.5,,,1.22,4.8,1.21,4.36,file
2026-02-13,Argentina Open,ATP250,Outdoor,Clay,Quarterfinals,3,Baez S.,Ugo Carabelli C.,34,47,Completed,1.5,2.63,,,1.53,2.75,1.5,2.55,file
2026-02-13,Argentina Open,ATP250,Outdoor,Clay,Quarterfinals,3,Cerundolo F.,Kopriva V.,19,95,Completed,1.14,5.5,,,1.17,6,1.15,5.28,file
2026-02-13,Argentina Open,ATP250,Outdoor,Clay,Quarterfinals,3,Etcheverry T.,Tabilo A.,54,71,Completed,1.62,2.3,,,1.67,2.38,1.59,2.3,file
2026-02-13,Dallas Open,ATP500,Indoor,Hard,Quarterfinals,3,Cilic M.,Pinnington Jones J.,61,181,Completed,1.29,3.75,,,1.3,3.85,1.28,3.64,file
2026-02-13,Dallas Open,ATP500,Indoor,Hard,Quarterfinals,3,Fritz T.,Korda S.,7,53,Completed,1.53,2.5,,,1.57,2.5,1.54,2.43,file
2026-02-13,Dallas Open,ATP500,Indoor,Hard,2nd Round,3,Kecmanovic M.,Paul T.,66,24,Completed,5,1.17,,,5.5,1.23,4.42,1.2,file
2026-02-13,Dallas Open,ATP500,Indoor,Hard,2nd Round,3,Shelton B.,Mannarino A.,9,52,Completed,1.2,4.5,,,1.2,4.75,1.18,4.57,file
2026-02-14,ABN AMRO World Tennis Tournament,ATP500,Indoor,Hard,Semifinals,3,Auger-Aliassime F.,Bublik A.,6,10,Completed,1.44,2.75,,,1.5,2.85,1.45,2.7,file
2026-02-14,ABN AMRO World Tennis Tournament,ATP500,Indoor,Hard,Semifinals,3,De Minaur A.,Humbert U.,8,36,Completed,1.4,3,,,1.45,3.1,1.41,2.85,file
2026-02-14,Argentina Open,ATP250,Outdoor,Clay,Semifinals,3,Cerundolo F.,Etcheverry T.,19,54,Completed,1.4,3,,,1.4,3.2,1.39,2.94,file
2026-02-14,Argentina Open,ATP250,Outdoor,Clay,Quarterfinals,3,Darderi L.,Martinez P.,22,94,Completed,1.17,5.5,,,1.19,5.5,1.17,4.91,file
2026-02-14,Argentina Open,ATP250,Outdoor,Clay,Semifinals,3,Darderi L.,Baez S.,22,34,Completed,1.62,2.3,,,1.65,2.33,1.62,2.26,file
2026-02-14,Dallas Open,ATP500,Indoor,Hard,Semifinals,3,Fritz T.,Cilic M.,7,61,Completed,1.53,2.5,,,1.57,2.5,1.54,2.43,file
2026-02-14,Dallas Open,ATP500,Indoor,Hard,Quarterfinals,3,Shapovalov D.,Davidovich Fokina A.,40,14,Completed,1.73,2.1,,,1.9,2.2,1.72,2.09,file
2026-02-14,Dallas Open,ATP500,Indoor,Hard,Quarterfinals,3,Shelton B.,Kecmanovic M.,9,66,Completed,1.2,4.5,,,1.21,5.25,1.19,4.52,file
2026-02-14,Dallas Open,ATP500,Indoor,Hard,Semifinals,3,Shelton B.,Shapovalov D.,9,40,Completed,1.5,2.63,,,1.56,2.75,1.5,2.55,file
2026-02-15,ABN AMRO World Tennis Tournament,ATP500,Indoor,Hard,The Final,3,De Minaur A.,Auger-Aliassime F.,8,6,Completed,2.5,1.53,,,2.5,1.6,2.43,1.56,file
2026-02-15,Argentina Open,ATP250,Outdoor,Clay,The Final,3,Cerundolo F.,Darderi L.,19,22,Completed,1.91,1.91,,,1.93,1.91,1.9,1.88,file
2026-02-15,Dallas Open,ATP500,Indoor,Hard,The Final,3,Shelton B.,Fritz T.,9,7,Completed,2.1,1.73,,,2.2,1.76,2.08,1.73,file
2026-02-16,Delray Beach Open,ATP250,Outdoor,Hard,1st Round,3,Atmane T.,Kypson P.,66,105,Completed,2.2,1.67,,,2.2,1.73,2.14,1.69,file
2026-02-16,Delray Beach Open,ATP250,Outdoor,Hard,1st Round,3,Giron M.,Shimabukuro S.,64,135,Completed,1.4,3,,,1.43,3,1.4,2.86,file
2026-02-16,Delray Beach Open,ATP250,Outdoor,Hard,1st Round,3,Michelsen A.,Vacherot V.,41,26,Completed,1.91,1.91,,,1.93,1.91,1.89,1.87,file
2026-02-16,Delray Beach Open,ATP250,Outdoor,Hard,1st Round,3,Wong C.,Borges N.,137,45,Completed,2.1,1.73,,,2.15,1.75,2.09,1.71,file
2026-02-16,Qatar Exxon Mobil Open,ATP500,Outdoor,Hard,1st Round,3,Fils A.,Majchrzak K.,40,56,Completed,1.4,3,,,1.43,3,1.39,2.91,file
2026-02-16,Qatar Exxon Mobil Open,ATP500,Outdoor,Hard,1st Round,3,Medvedev D.,Shang J.,11,261,Completed,1.25,4,,,1.28,4,1.25,3.81,file
2026-02-16,Qatar Exxon Mobil Open,ATP500,Outdoor,Hard,1st Round,3,Mensik J.,Choinski J.,16,124,Completed,1.14,5.5,,,1.2,5.5,1.15,5.12,file
2026-02-16,Qatar Exxon Mobil Open,ATP500,Outdoor,Hard,1st Round,3,Popyrin A.,Zayid M.S.,53,N/A,Completed,,34,,,1.02,34,1.01,25.22,file
2026-02-16,Qatar Exxon Mobil Open,ATP500,Outdoor,Hard,1st Round,3,Royer V.,Herbert P.,60,190,Completed,1.5,2.63,,,1.5,2.65,1.48,2.58,file
2026-02-16,Qatar Exxon Mobil Open,ATP500,Outdoor,Hard,1st Round,3,Sinner J.,Machac T.,2,31,Completed,1.05,11,,,1.06,11,1.05,9.68,file
2026-02-16,Rio Open,ATP500,Outdoor,Clay,1st Round,3,Buse I.,Marcondes I.,91,348,Completed,1.4,3,,,1.45,3,1.41,2.8,file
2026-02-16,Rio Open,ATP500,Outdoor,Clay,1st Round,3,Kopriva V.,Heide G.,87,258,Completed,1.67,2.2,,,1.72,2.2,1.67,2.15,file
2026-02-16,Rio Open,ATP500,Outdoor,Clay,1st Round,3,Lajovic D.,Altmaier D.,129,54,Completed,2.1,1.73,,,2.11,1.77,2.08,1.71,file
2026-02-16,Rio Open,ATP500,Outdoor,Clay,1st Round,3,Tabilo A.,Nava E.,68,76,Completed,1.44,2.75,,,1.48,3.25,1.44,2.76,file
2026-02-16,Rio Open,ATP500,Outdoor,Clay,1st Round,3,Tirante T.A.,Garin C.,92,89,Completed,2,1.8,,,2,1.9,1.94,1.82,file
2026-02-17,Delray Beach Open,ATP250,Outdoor,Hard,1st Round,3,Jodar R.,Quinn E.,118,70,Completed,2,1.8,,,2,1.91,1.95,1.81,file
2026-02-17,Delray Beach Open,ATP250,Outdoor,Hard,1st Round,3,Kecmanovic M.,Bellucci M.,83,109,Completed,1.44,2.75,,,1.5,2.88,1.45,2.69,file
2026-02-17,Delray Beach Open,ATP250,Outdoor,Hard,1st Round,3,Korda S.,McDonald M.,50,116,Completed,1.2,4.5,,,1.23,4.5,1.2,4.3,file
2026-02-17,Delray Beach Open,ATP250,Outdoor,Hard,1st Round,3,Nakashima B.,Cilic M.,29,43,Completed,1.62,2.3,,,1.63,2.3,1.6,2.26,file
2026-02-17,Delray Beach Open,ATP250,Outdoor,Hard,1st Round,3,Svajda Z.,Kovacevic A.,106,75,Completed,1.5,2.63,,,1.57,2.75,1.49,2.57,file
2026-02-17,Delray Beach Open,ATP250,Outdoor,Hard,1st Round,3,Tiafoe F.,Hijikata R.,28,113,Completed,1.3,3.5,,,1.3,4,1.28,3.56,file
2026-02-17,Delray Beach Open,ATP250,Outdoor,Hard,1st Round,3,Walton A.,Diallo G.,93,39,Completed,3.2,1.36,,,3.2,1.4,3.05,1.36,file
2026-02-17,Qatar Exxon Mobil Open,ATP500,Outdoor,Hard,1st Round,3,Alcaraz C.,Rinderknech A.,1,30,Completed,1.02,19,,,1.03,19,1.02,14.41,file
2026-02-17,Qatar Exxon Mobil Open,ATP500,Outdoor,Hard,1st Round,3,Bergs Z.,Mpetshi G.,44,58,Completed,1.53,2.5,,,1.6,2.5,1.56,2.38,file
2026-02-17,Qatar Exxon Mobil Open,ATP500,Outdoor,Hard,1st Round,3,Fucsovics M.,Habib H.,61,334,Completed,1.17,5,,,1.17,5.5,1.16,4.98,file
2026-02-17,Qatar Exxon Mobil Open,ATP500,Outdoor,Hard,1st Round,3,Halys Q.,Carreno Busta P.,72,123,Completed,1.8,2,,,1.81,2.15,1.76,2.03,file
2026-02-17,Qatar Exxon Mobil Open,ATP500,Outdoor,Hard,1st Round,3,Khachanov K.,Mochizuki S.,17,117,Completed,1.13,6,,,1.13,6.5,1.12,5.92,file
2026-02-17,Qatar Exxon Mobil Open,ATP500,Outdoor,Hard,1st Round,3,Lehecka J.,Brooksby J.,22,47,Completed,1.5,2.63,,,1.5,2.63,1.49,2.56,file
2026-02-17,Qatar Exxon Mobil Open,ATP500,Outdoor,Hard,1st Round,3,Marozsan F.,Humbert U.,48,36,Completed,2.38,1.57,,,2.38,1.65,2.26,1.62,file
2026-02-17,Qatar Exxon Mobil Open,ATP500,Outdoor,Hard,1st Round,3,Rublev A.,De Jong J.,14,86,Completed,1.14,5.5,,,1.16,7,1.14,5.55,file
2026-02-17,Qatar Exxon Mobil Open,ATP500,Outdoor,Hard,1st Round,3,Tsitsipas S.,Echargui M.,33,139,Completed,1.1,7,,,1.11,8,1.09,6.87,file
2026-02-17,Qatar Exxon Mobil Open,ATP500,Outdoor,Hard,1st Round,3,Zhang Zh.,Carballes Baena R.,319,175,Completed,1.73,2.1,,,1.87,2.14,1.75,2.05,file
2026-02-17,Rio Open,ATP500,Outdoor,Clay,1st Round,3,Berrettini M.,Barrios M.,57,107,Completed,1.3,3.5,,,1.3,3.7,1.29,3.49,file
2026-02-17,Rio Open,ATP500,Outdoor,Clay,1st Round,3,Burruchaga R.,Ugo Carabelli C.,102,46,Completed,2.2,1.67,,,2.4,1.8,2.13,1.69,file
2026-02-17,Rio Open,ATP500,Outdoor,Clay,1st Round,3,Cerundolo F.,Navone M.,19,74,Completed,1.4,3,,,1.44,3,1.4,2.87,file
2026-02-17,Rio Open,ATP500,Outdoor,Clay,1st Round,3,Cerundolo J.M.,Darderi L.,78,21,Completed,3.4,1.33,,,3.55,1.37,3.23,1.33,file
2026-02-17,Rio Open,ATP500,Outdoor,Clay,1st Round,3,Dzumhur D.,Martinez P.,62,101,Completed,2.3,1.62,,,2.38,1.65,2.25,1.62,file
2026-02-17,Rio Open,ATP500,Outdoor,Clay,1st Round,3,Etcheverry T.,Comesana F.,51,63,Completed,1.53,2.5,,,1.57,2.55,1.53,2.44,file
2026-02-17,Rio Open,ATP500,Outdoor,Clay,1st Round,3,Fonseca J.,Monteiro T.,38,208,Completed,1.29,3.75,,,1.33,3.75,1.3,3.44,file
2026-02-17,Rio Open,ATP500,Outdoor,Clay,1st Round,3,Hanfmann Y.,Reis Da Silva J.,90,207,Completed,1.29,3.75,,,1.3,4,1.28,3.6,file
2026-02-17,Rio Open,ATP500,Outdoor,Clay,1st Round,3,Passaro F.,Prizmic D.,163,122,Completed,2.75,1.44,,,2.9,1.5,2.75,1.43,file
2026-02-18,Delray Beach Open,ATP250,Outdoor,Hard,2nd Round,3,Cobolli F.,Atmane T.,20,66,Completed,1.73,2.1,,,1.75,2.13,1.73,2.08,file
2026-02-18,Delray Beach Open,ATP250,Outdoor,Hard,2nd Round,3,Korda S.,Michelsen A.,50,41,Completed,1.62,2.3,,,1.67,2.3,1.62,2.25,file
2026-02-18,Delray Beach Open,ATP250,Outdoor,Hard,1st Round,3,Paul T.,Moutet C.,24,34,Completed,1.25,4,,,1.29,4.1,1.25,3.82,file
2026-02-18,Delray Beach Open,ATP250,Outdoor,Hard,2nd Round,3,Wong C.,Nakashima B.,137,29,Completed,3.2,1.36,,,3.25,1.37,3.15,1.35,file
2026-02-18,Qatar Exxon Mobil Open,ATP500,Outdoor,Hard,2nd Round,3,Alcaraz C.,Royer V.,1,60,Completed,1.02,17,,,1.03,17,1.02,12.77,file
2026-02-18,Qatar Exxon Mobil Open,ATP500,Outdoor,Hard,2nd Round,3,Fils A.,Halys Q.,40,72,Completed,1.33,3.4,,,1.36,3.4,1.33,3.21,file
2026-02-18,Qatar Exxon Mobil Open,ATP500,Outdoor,Hard,2nd Round,3,Khachanov K.,Fucsovics M.,17,61,Completed,1.4,3,,,1.44,3,1.41,2.84,file
2026-02-18,Qatar Exxon Mobil Open,ATP500,Outdoor,Hard,2nd Round,3,Lehecka J.,Bergs Z.,22,44,Completed,1.44,2.75,,,1.47,2.75,1.45,2.7,file
2026-02-18,Qatar Exxon Mobil Open,ATP500,Outdoor,Hard,2nd Round,3,Mensik J.,Zhang Zh.,16,319,Completed,1.36,3.2,,,1.38,3.2,1.36,3.05,file
2026-02-18,Qatar Exxon Mobil Open,ATP500,Outdoor,Hard,2nd Round,3,Rublev A.,Marozsan F.,14,48,Completed,1.57,2.38,,,1.6,2.4,1.56,2.35,file
2026-02-18,Qatar Exxon Mobil Open,ATP500,Outdoor,Hard,2nd Round,3,Sinner J.,Popyrin A.,2,53,Completed,1.03,15,,,1.03,19,1.02,15.19,file
2026-02-18,Qatar Exxon Mobil Open,ATP500,Outdoor,Hard,2nd Round,3,Tsitsipas S.,Medvedev D.,33,11,Completed,3.5,1.3,,,3.6,1.33,3.33,1.32,file
2026-02-18,Rio Open,ATP500,Outdoor,Clay,2nd Round,3,Cerundolo J.M.,Hanfmann Y.,78,90,Completed,1.8,2,,,1.91,2.01,1.81,1.95,file
2026-02-18,Rio Open,ATP500,Outdoor,Clay,1st Round,3,Faria J.,Baez S.,147,32,Completed,5,1.17,,,5,1.25,4.23,1.21,file
2026-02-18,Rio Open,ATP500,Outdoor,Clay,1st Round,3,Gaubas V.,Miguel L.,126,1593,Completed,1.1,7,,,1.11,8.5,1.09,7.13,file
2026-02-18,Rio Open,ATP500,Outdoor,Clay,2nd Round,3,Kopriva V.,Burruchaga R.,87,102,Completed,2.2,1.67,,,2.25,1.68,2.18,1.65,file
2026-02-18,Rio Open,ATP500,Outdoor,Clay,2nd Round,3,Tirante T.A.,Cerundolo F.,92,19,Retired,5,1.17,,,5,1.22,4.49,1.19,file
2026-02-19,Delray Beach Open,ATP250,Outdoor,Hard,2nd Round,3,Paul T.,Walton A.,24,93,Completed,1.08,8,,,1.1,8,1.09,7.13,file
2026-02-19,Delray Beach Open,ATP250,Outdoor,Hard,2nd Round,3,Ruud C.,Giron M.,13,64,Completed,1.44,2.75,,,1.53,2.75,1.47,2.6,file
2026-02-19,Delray Beach Open,ATP250,Outdoor,Hard,2nd Round,3,Tiafoe F.,Svajda Z.,28,106,Completed,1.44,2.75,,,1.53,2.75,1.48,2.59,file
2026-02-19,Delray Beach Open,ATP250,Outdoor,Hard,2nd Round,3,Tien L.,Kecmanovic M.,23,83,Completed,1.44,2.75,,,1.45,2.8,1.44,2.73,file
2026-02-19,Qatar Exxon Mobil Open,ATP500,Outdoor,Hard,Quarterfinals,3,Alcaraz C.,Khachanov K.,1,17,Completed,1.07,9,,,1.09,10,1.07,7.96,file
2026-02-19,Qatar Exxon Mobil Open,ATP500,Outdoor,Hard,Quarterfinals,3,Fils A.,Lehecka J.,40,22,Completed,2.38,1.57,,,2.38,1.67,2.28,1.6,file
2026-02-19,Qatar Exxon Mobil Open,ATP500,Outdoor,Hard,Quarterfinals,3,Mensik J.,Sinner J.,16,2,Completed,9,1.07,,,10,1.07,8.5,1.06,file
2026-02-19,Qatar Exxon Mobil Open,ATP500,Outdoor,Hard,Quarterfinals,3,Rublev A.,Tsitsipas S.,14,33,Completed,1.62,2.3,,,1.71,2.3,1.66,2.2,file
2026-02-19,Rio Open,ATP500,Outdoor,Clay,2nd Round,3,Etcheverry T.,Gaubas V.,51,126,Completed,1.22,4.33,,,1.24,4.33,1.23,4.05,file
2026-02-19,Rio Open,ATP500,Outdoor,Clay,2nd Round,3,Faria J.,Dzumhur D.,147,62,Completed,1.57,2.38,,,1.6,2.45,1.57,2.34,file
2026-02-19,Rio Open,ATP500,Outdoor,Clay,2nd Round,3,Tabilo A.,Passaro F.,68,163,Completed,1.4,3,,,1.55,3.2,1.45,2.7,file
2026-02-20,Delray Beach Open,ATP250,Outdoor,Hard,Quarterfinals,3,Cobolli F.,Wong C.,20,137,Completed,1.91,1.91,,,2,1.91,1.9,1.86,file
2026-02-20,Delray Beach Open,ATP250,Outdoor,Hard,2nd Round,3,Fritz T.,Jodar R.,8,118,Completed,1.25,4,,,1.3,4,1.27,3.67,file
2026-02-20,Delray Beach Open,ATP250,Outdoor,Hard,Quarterfinals,3,Korda S.,Ruud C.,50,13,Completed,1.8,2,,,1.94,2.05,1.8,1.97,file
2026-02-20,Delray Beach Open,ATP250,Outdoor,Hard,Quarterfinals,3,Tien L.,Tiafoe F.,23,28,Completed,1.53,2.5,,,1.55,2.5,1.53,2.45,file
2026-02-20,Qatar Exxon Mobil Open,ATP500,Outdoor,Hard,Semifinals,3,Alcaraz C.,Rublev A.,1,14,Completed,1.14,5.5,,,1.15,5.8,1.14,5.47,file
2026-02-20,Qatar Exxon Mobil Open,ATP500,Outdoor,Hard,Semifinals,3,Fils A.,Mensik J.,40,16,Completed,2.3,1.62,,,2.38,1.9,2.26,1.62,file
2026-02-20,Rio Open,ATP500,Outdoor,Clay,2nd Round,3,Berrettini M.,Lajovic D.,57,129,Completed,1.33,3.4,,,1.37,3.5,1.34,3.21,file
2026-02-20,Rio Open,ATP500,Outdoor,Clay,2nd Round,3,Buse I.,Fonseca J.,91,38,Completed,4.5,1.2,,,4.5,1.25,4.08,1.23,file
2026-02-20,Rio Open,ATP500,Outdoor,Clay,Quarterfinals,3,Buse I.,Berrettini M.,91,57,Completed,2.75,1.44,,,2.75,1.52,2.66,1.46,file
2026-02-20,Rio Open,ATP500,Outdoor,Clay,Quarterfinals,3,Etcheverry T.,Faria J.,51,147,Completed,1.3,3.5,,,1.33,3.5,1.31,3.38,file
2026-02-20,Rio Open,ATP500,Outdoor,Clay,Quarterfinals,3,Kopriva V.,Cerundolo J.M.,87,78,Completed,1.73,2.1,,,1.9,2.1,1.74,2.07,file
2026-02-21,Delray Beach Open,ATP250,Outdoor,Hard,Semifinals,3,Korda S.,Cobolli F.,50,20,Completed,1.4,3,,,1.4,3.4,1.36,3.12,file
2026-02-21,Delray Beach Open,ATP250,Outdoor,Hard,Quarterfinals,3,Paul T.,Fritz T.,24,8,Completed,2.2,1.67,,,2.25,1.7,2.19,1.65,file
2026-02-21,Qatar Exxon Mobil Open,ATP500,Outdoor,Hard,The Final,3,Alcaraz C.,Fils A.,1,40,Completed,1.11,6.5,,,1.13,7,1.11,6.25,file
2026-02-21,Rio Open,ATP500,Outdoor,Clay,Quarterfinals,3,Tabilo A.,Tirante T.A.,68,92,Completed,1.57,2.38,,,1.65,2.5,1.56,2.36,file
2026-02-22,Delray Beach Open,ATP250,Outdoor,Hard,The Final,3,Korda S.,Paul T.,50,24,Completed,2,1.8,,,2.07,1.8,2.01,1.77,file
2026-02-22,Delray Beach Open,ATP250,Outdoor,Hard,Semifinals,3,Paul T.,Tien L.,24,23,Completed,1.53,2.5,,,1.63,2.5,1.55,2.4,file
2026-02-22,Rio Open,ATP500,Outdoor,Clay,Semifinals,3,Etcheverry T.,Kopriva V.,51,87,Completed,1.53,2.5,,,1.58,2.5,1.53,2.46,file
2026-02-22,Rio Open,ATP500,Outdoor,Clay,The Final,3,Etcheverry T.,Tabilo A.,51,68,Completed,2.63,1.5,,,2.75,1.5,2.61,1.48,file
2026-02-22,Rio Open,ATP500,Outdoor,Clay,Semifinals,3,Tabilo A.,Buse I.,68,91,Completed,1.62,2.3,,,1.68,2.33,1.64,2.23,file
2026-02-23,Chile Open,ATP250,Indoor,Clay,1st Round,3,Comesana F.,Martinez P.,82,101,Completed,1.44,2.75,,,1.54,2.75,1.51,2.51,file
2026-02-23,Chile Open,ATP250,Indoor,Clay,1st Round,3,Hanfmann Y.,Lajovic D.,81,116,Completed,1.57,2.38,,,1.6,2.42,1.56,2.36,file
2026-02-23,Chile Open,ATP250,Indoor,Clay,1st Round,3,Pellegrino A.,Barrena A.,137,183,Completed,1.8,2,,,1.83,2.04,1.78,1.98,file
2026-02-23,Chile Open,ATP250,Indoor,Clay,1st Round,3,Prizmic D.,Jarry N.,120,155,Completed,1.44,2.75,,,1.5,3,1.46,2.68,file
2026-02-23,Dubai Tennis Championships,ATP500,Outdoor,Hard,1st Round,3,Auger-Aliassime F.,Zhang Zh.,8,263,Completed,1.17,5,,,1.22,5,1.19,4.52,file
2026-02-23,Dubai Tennis Championships,ATP500,Outdoor,Hard,1st Round,3,Draper J.,Halys Q.,15,68,Completed,1.3,3.5,,,1.38,4,1.32,3.33,file
2026-02-23,Dubai Tennis Championships,ATP500,Outdoor,Hard,1st Round,3,Mpetshi G.,Echargui M.,58,141,Completed,1.22,4.33,,,1.23,4.33,1.22,4.08,file
2026-02-23,Dubai Tennis Championships,ATP500,Outdoor,Hard,1st Round,3,Wawrinka S.,Hassan B.,99,289,Completed,1.13,6,,,1.18,6.5,1.15,5.35,file
2026-02-24,Abierto Mexicano,ATP500,Outdoor,Hard,1st Round,3,Davidovich Fokina A.,Altmaier D.,14,53,Completed,1.13,6,,,1.15,6.5,1.13,5.77,file
2026-02-24,Abierto Mexicano,ATP500,Outdoor,Hard,1st Round,3,Jodar R.,Norrie C.,114,26,Completed,2.2,1.67,,,2.3,1.75,2.21,1.64,file
2026-02-24,Abierto Mexicano,ATP500,Outdoor,Hard,1st Round,3,Kecmanovic M.,Schoolkate T.,84,108,Completed,1.29,3.75,,,1.3,3.75,1.3,3.48,file
2026-02-24,Abierto Mexicano,ATP500,Outdoor,Hard,1st Round,3,Kovacevic A.,Walton A.,75,87,Completed,1.67,2.2,,,1.68,2.25,1.67,2.17,file
2026-02-24,Abierto Mexicano,ATP500,Outdoor,Hard,1st Round,3,Kypson P.,De Minaur A.,103,6,Completed,10,1.06,,,10,1.07,8.81,1.06,file
2026-02-24,Abierto Mexicano,ATP500,Outdoor,Hard,1st Round,3,Nakashima B.,Ymer E.,29,190,Completed,1.17,5,,,1.17,5.5,1.15,5.17,file
2026-02-24,Abierto Mexicano,ATP500,Outdoor,Hard,1st Round,3,Vacherot V.,Wong C.,27,125,Completed,1.44,2.75,,,1.45,2.8,1.43,2.74,file
2026-02-24,Chile Open,ATP250,Indoor,Clay,1st Round,3,Garin C.,Cerundolo J.M.,93,70,Completed,2.3,1.62,,,2.4,1.62,2.31,1.59,file
2026-02-24,Chile Open,ATP250,Indoor,Clay,1st Round,3,Gaubas V.,Soto M.,107,316,Completed,1.25,4,,,1.28,4.25,1.24,3.88,file
2026-02-24,Chile Open,ATP250,Indoor,Clay,1st Round,3,Moller E.,Burruchaga R.,127,96,Completed,2.75,1.44,,,3,1.48,2.79,1.42,file
2026-02-24,Chile Open,ATP250,Indoor,Clay,1st Round,3,Nava E.,Berrettini M.,79,57,Completed,3.5,1.3,,,3.5,1.33,3.44,1.3,file
2026-02-24,Chile Open,ATP250,Indoor,Clay,1st Round,3,Navone M.,Kopriva V.,77,65,Retired,1.53,2.5,,,1.57,2.5,1.54,2.41,file
2026-02-24,Chile Open,ATP250,Indoor,Clay,1st Round,3,Tirante T.A.,Buse I.,76,66,Completed,1.62,2.3,,,1.65,2.35,1.6,2.27,file
2026-02-24,Chile Open,ATP250,Indoor,Clay,1st Round,3,Vallejo D.,Passaro F.,106,144,Retired,1.57,2.38,,,1.62,2.4,1.6,2.28,file
2026-02-24,Dubai Tennis Championships,ATP500,Outdoor,Hard,1st Round,3,Brooksby J.,Bergs Z.,49,46,Completed,1.91,1.91,,,1.91,1.97,1.85,1.91,file
2026-02-24,Dubai Tennis Championships,ATP500,Outdoor,Hard,1st Round,3,Bublik A.,Struff J.L.,10,80,Completed,1.36,3.2,,,1.37,3.25,1.35,3.12,file
2026-02-24,Dubai Tennis Championships,ATP500,Outdoor,Hard,1st Round,3,Carreno Busta P.,Shapovalov D.,124,36,Completed,3,1.4,,,3,1.42,2.92,1.39,file
2026-02-24,Dubai Tennis Championships,ATP500,Outdoor,Hard,1st Round,3,Griekspoor T.,Virtanen O.,25,131,Completed,1.67,2.2,,,1.68,2.3,1.63,2.23,file
2026-02-24,Dubai Tennis Championships,ATP500,Outdoor,Hard,1st Round,3,Humbert U.,Tsitsipas S.,37,30,Completed,1.8,2,,,1.85,2.02,1.81,1.95,file
2026-02-24,Dubai Tennis Championships,ATP500,Outdoor,Hard,1st Round,3,Khachanov K.,Shevchenko A.,16,92,Completed,1.22,4.33,,,1.25,4.33,1.24,3.99,file
2026-02-24,Dubai Tennis Championships,ATP500,Outdoor,Hard,1st Round,3,Lehecka J.,Nardi L.,24,109,Completed,1.2,4.5,,,1.24,4.75,1.2,4.3,file
2026-02-24,Dubai Tennis Championships,ATP500,Outdoor,Hard,1st Round,3,Medvedev D.,Shang J.,11,262,Completed,1.17,5,,,1.19,5,1.18,4.69,file
2026-02-24,Dubai Tennis Championships,ATP500,Outdoor,Hard,1st Round,3,Mensik J.,Hurkacz H.,13,73,Completed,1.67,2.2,,,1.67,2.3,1.63,2.23,file
2026-02-24,Dubai Tennis Championships,ATP500,Outdoor,Hard,1st Round,3,Popyrin A.,Majchrzak K.,47,56,Completed,1.73,2.1,,,1.8,2.15,1.73,2.05,file
2026-02-24,Dubai Tennis Championships,ATP500,Outdoor,Hard,1st Round,3,Rinderknech A.,Marozsan F.,31,50,Completed,2.5,1.53,,,2.5,1.62,2.42,1.54,file
2026-02-24,Dubai Tennis Championships,ATP500,Outdoor,Hard,1st Round,3,Rublev A.,Royer V.,18,54,Completed,1.2,4.5,,,1.22,4.5,1.2,4.37,file
2026-02-25,Abierto Mexicano,ATP500,Outdoor,Hard,1st Round,3,Atmane T.,Dimitrov G.,63,44,Completed,3,1.4,,,3,1.42,2.94,1.38,file
2026-02-25,Abierto Mexicano,ATP500,Outdoor,Hard,1st Round,3,Bellucci M.,Hijikata R.,110,115,Completed,2,1.8,,,2,1.82,1.99,1.79,file
2026-02-25,Abierto Mexicano,ATP500,Outdoor,Hard,1st Round,3,Cobolli F.,Pacheco Mendez R.,20,218,Completed,1.22,4.33,,,1.24,4.33,1.22,4.14,file
2026-02-25,Abierto Mexicano,ATP500,Outdoor,Hard,1st Round,3,Monfils G.,Dzumhur D.,170,60,Completed,1.57,2.38,,,1.6,2.4,1.56,2.36,file
2026-02-25,Abierto Mexicano,ATP500,Outdoor,Hard,1st Round,3,Shimabukuro S.,Mannarino A.,130,51,Completed,2.1,1.73,,,2.16,1.73,2.08,1.71,file
2026-02-25,Abierto Mexicano,ATP500,Outdoor,Hard,1st Round,3,Svrcina D.,Duckworth J.,123,83,Completed,1.67,2.2,,,1.67,2.32,1.63,2.24,file
2026-02-25,Abierto Mexicano,ATP500,Outdoor,Hard,1st Round,3,Tiafoe F.,Borges N.,28,48,Completed,1.53,2.5,,,1.55,3.75,1.51,2.55,file
2026-02-25,Abierto Mexicano,ATP500,Outdoor,Hard,1st Round,3,Wu Y.,Ruud C.,142,12,Completed,3,1.4,,,3.2,1.44,2.91,1.4,file
2026-02-25,Abierto Mexicano,ATP500,Outdoor,Hard,1st Round,3,Zverev A.,Moutet C.,4,35,Completed,1.17,5,,,1.21,5,1.18,4.65,file
2026-02-25,Chile Open,ATP250,Indoor,Clay,2nd Round,3,Darderi L.,Navone M.,21,77,Completed,1.4,3,,,1.44,3,1.41,2.82,file
2026-02-25,Chile Open,ATP250,Indoor,Clay,2nd Round,3,Gaubas V.,Prizmic D.,107,120,Completed,3.2,1.36,,,3.2,1.38,3.03,1.36,file
2026-02-25,Chile Open,ATP250,Indoor,Clay,2nd Round,3,Hanfmann Y.,Ugo Carabelli C.,81,59,Completed,1.57,2.38,,,1.6,2.4,1.56,2.34,file
2026-02-25,Chile Open,ATP250,Indoor,Clay,2nd Round,3,Pellegrino A.,Comesana F.,137,82,Completed,3,1.4,,,3,1.42,2.84,1.4,file
2026-02-25,Chile Open,ATP250,Indoor,Clay,1st Round,3,Tabilo A.,Barrios M.,42,112,Completed,1.57,2.38,,,1.65,2.4,1.59,2.32,file
2026-02-25,Dubai Tennis Championships,ATP500,Outdoor,Hard,2nd Round,3,Auger-Aliassime F.,Mpetshi G.,8,58,Completed,1.17,5,,,1.2,5,1.18,4.62,file
2026-02-25,Dubai Tennis Championships,ATP500,Outdoor,Hard,2nd Round,3,Brooksby J.,Khachanov K.,49,16,Completed,2.5,1.53,,,2.55,1.57,2.46,1.53,file
2026-02-25,Dubai Tennis Championships,ATP500,Outdoor,Hard,2nd Round,3,Griekspoor T.,Bublik A.,25,10,Completed,3.4,1.33,,,3.4,1.37,3.19,1.34,file
2026-02-25,Dubai Tennis Championships,ATP500,Outdoor,Hard,2nd Round,3,Lehecka J.,Carreno Busta P.,24,124,Completed,1.3,3.5,,,1.3,3.75,1.29,3.48,file
2026-02-25,Dubai Tennis Championships,ATP500,Outdoor,Hard,2nd Round,3,Medvedev D.,Wawrinka S.,11,99,Completed,1.14,5.5,,,1.15,5.75,1.14,5.43,file
2026-02-25,Dubai Tennis Championships,ATP500,Outdoor,Hard,2nd Round,3,Mensik J.,Popyrin A.,13,47,Completed,1.33,3.4,,,1.34,3.5,1.32,3.3,file
2026-02-25,Dubai Tennis Championships,ATP500,Outdoor,Hard,2nd Round,3,Rinderknech A.,Draper J.,31,15,Completed,3.75,1.29,,,3.75,1.29,3.71,1.27,file
2026-02-25,Dubai Tennis Championships,ATP500,Outdoor,Hard,2nd Round,3,Rublev A.,Humbert U.,18,37,Completed,1.5,2.63,,,1.54,2.63,1.5,2.53,file
2026-02-26,Abierto Mexicano,ATP500,Outdoor,Hard,2nd Round,3,Atmane T.,Jodar R.,63,114,Completed,2.75,1.44,,,3,1.44,2.84,1.41,file
2026-02-26,Abierto Mexicano,ATP500,Outdoor,Hard,2nd Round,3,Bellucci M.,Davidovich Fokina A.,110,14,Completed,5,1.17,,,5,1.2,4.68,1.18,file
2026-02-26,Abierto Mexicano,ATP500,Outdoor,Hard,2nd Round,3,Cobolli F.,Svrcina D.,20,123,Completed,1.53,2.5,,,1.65,2.5,1.58,2.34,file
2026-02-26,Abierto Mexicano,ATP500,Outdoor,Hard,2nd Round,3,Kecmanovic M.,Zverev A.,84,4,Completed,5,1.17,,,5,1.2,4.56,1.19,file
2026-02-26,Abierto Mexicano,ATP500,Outdoor,Hard,2nd Round,3,Nakashima B.,Kypson P.,29,103,Completed,1.44,2.75,,,1.47,3,1.44,2.76,file
2026-02-26,Abierto Mexicano,ATP500,Outdoor,Hard,2nd Round,3,Tiafoe F.,Kovacevic A.,28,75,Completed,1.36,3.2,,,1.36,3.3,1.34,3.19,file
2026-02-26,Abierto Mexicano,ATP500,Outdoor,Hard,2nd Round,3,Vacherot V.,Monfils G.,27,170,Completed,1.33,3.4,,,1.38,3.6,1.32,3.33,file
2026-02-26,Abierto Mexicano,ATP500,Outdoor,Hard,2nd Round,3,Wu Y.,Shimabukuro S.,142,130,Completed,1.3,3.5,,,1.33,3.5,1.31,3.41,file
2026-02-26,Chile Open,ATP250,Indoor,Clay,2nd Round,3,Baez S.,Garin C.,52,93,Completed,1.4,3,,,1.41,3,1.39,2.94,file
2026-02-26,Chile Open,ATP250,Indoor,Clay,2nd Round,3,Cerundolo F.,Moller E.,19,127,Completed,1.14,5.5,,,1.16,5.5,1.15,5.17,file
2026-02-26,Chile Open,ATP250,Indoor,Clay,2nd Round,3,Nava E.,Vallejo D.,79,106,Completed,2.2,1.67,,,2.3,1.67,2.23,1.63,file
2026-02-26,Dubai Tennis Championships,ATP500,Outdoor,Hard,Quarterfinals,3,Auger-Aliassime F.,Lehecka J.,8,24,Completed,1.44,2.75,,,1.48,2.8,1.44,2.71,file
2026-02-26,Dubai Tennis Championships,ATP500,Outdoor,Hard,Quarterfinals,3,Griekspoor T.,Mensik J.,25,13,Completed,3.2,1.36,,,3.25,1.38,3.09,1.36,file
2026-02-26,Dubai Tennis Championships,ATP500,Outdoor,Hard,Quarterfinals,3,Medvedev D.,Brooksby J.,11,49,Completed,1.25,4,,,1.26,4.6,1.23,4.06,file
2026-02-26,Dubai Tennis Championships,ATP500,Outdoor,Hard,Quarterfinals,3,Rublev A.,Rinderknech A.,18,31,Completed,1.29,3.75,,,1.3,3.75,1.28,3.6,file
2026-02-27,Abierto Mexicano,ATP500,Outdoor,Hard,Quarterfinals,3,Cobolli F.,Wu Y.,20,142,Completed,2.2,1.67,,,2.3,1.7,2.17,1.67,file
2026-02-27,Abierto Mexicano,ATP500,Outdoor,Hard,Quarterfinals,3,Kecmanovic M.,Atmane T.,84,63,Completed,1.53,2.5,,,1.57,2.6,1.53,2.47,file
2026-02-27,Abierto Mexicano,ATP500,Outdoor,Hard,Quarterfinals,3,Nakashima B.,Vacherot V.,29,27,Completed,1.8,2,,,1.8,2.15,1.75,2.05,file
2026-02-27,Abierto Mexicano,ATP500,Outdoor,Hard,Quarterfinals,3,Tiafoe F.,Bellucci M.,28,110,Completed,1.4,3,,,1.44,3,1.4,2.87,file
2026-02-27,Chile Open,ATP250,Indoor,Clay,Quarterfinals,3,Cerundolo F.,Nava E.,19,79,Completed,1.17,5,,,1.2,5,1.18,4.67,file
2026-02-27,Chile Open,ATP250,Indoor,Clay,Quarterfinals,3,Darderi L.,Pellegrino A.,21,137,Completed,1.13,6,,,1.14,6,1.13,5.52,file
2026-02-27,Chile Open,ATP250,Indoor,Clay,Quarterfinals,3,Hanfmann Y.,Gaubas V.,81,107,Completed,1.3,3.5,,,1.36,3.5,1.32,3.27,file
2026-02-27,Chile Open,ATP250,Indoor,Clay,2nd Round,3,Tabilo A.,Tirante T.A.,42,76,Completed,1.36,3.2,,,1.41,4,1.37,3.03,file
2026-02-27,Dubai Tennis Championships,ATP500,Outdoor,Hard,Semifinals,3,Griekspoor T.,Rublev A.,25,18,Completed,3.4,1.33,,,3.5,1.38,3.2,1.34,file
2026-02-27,Dubai Tennis Championships,ATP500,Outdoor,Hard,Semifinals,3,Medvedev D.,Auger-Aliassime F.,11,8,Completed,1.73,2.1,,,1.8,2.2,1.74,2.06,file
2026-02-28,Abierto Mexicano,ATP500,Outdoor,Hard,Semifinals,3,Cobolli F.,Kecmanovic M.,20,84,Completed,2.38,1.57,,,2.38,1.64,2.28,1.6,file
2026-02-28,Abierto Mexicano,ATP500,Outdoor,Hard,Semifinals,3,Tiafoe F.,Nakashima B.,28,29,Completed,1.91,1.91,,,1.92,1.95,1.87,1.89,file
2026-02-28,Chile Open,ATP250,Indoor,Clay,Quarterfinals,3,Baez S.,Tabilo A.,52,42,Completed,1.8,2,,,1.9,2.02,1.79,1.97,file
2026-02-28,Chile Open,ATP250,Indoor,Clay,Semifinals,3,Darderi L.,Baez S.,21,52,Completed,1.57,2.38,,,1.6,2.4,1.57,2.34,file
2026-02-28,Chile Open,ATP250,Indoor,Clay,Semifinals,3,Hanfmann Y.,Cerundolo F.,81,19,Completed,4.5,1.2,,,4.5,1.25,4.2,1.22,file
2026-02-28,Dubai Tennis Championships,ATP500,Outdoor,Hard,The Final,3,Medvedev D.,Griekspoor T.,11,25,Walkover,1.17,5,,,1.2,5.5,1.17,4.78,file
2026-03-01,Abierto Mexicano,ATP500,Outdoor,Hard,The Final,3,Cobolli F.,Tiafoe F.,20,28,Completed,2,1.8,,,2.07,1.8,2.01,1.78,file
2026-03-01,Chile Open,ATP250,Indoor,Clay,The Final,3,Darderi L.,Hanfmann Y.,21,81,Completed,1.44,2.75,,,1.5,2.8,1.44,2.69,file
2026-03-04,BNP Paribas Open,Masters 1000,Outdoor,Hard,1st Round,3,Bergs Z.,Struff J.L.,47,313,Completed,1.73,2.1,,,1.75,2.1,1.73,2.07,file
2026-03-04,BNP Paribas Open,Masters 1000,Outdoor,Hard,1st Round,3,Berrettini M.,Mannarino A.,66,48,Completed,1.44,2.75,,,1.45,2.88,1.43,2.73,file
2026-03-04,BNP Paribas Open,Masters 1000,Outdoor,Hard,1st Round,3,Diallo G.,Bellucci M.,38,94,Completed,1.8,2,,,1.81,2.1,1.76,2.01,file
2026-03-04,BNP Paribas Open,Masters 1000,Outdoor,Hard,1st Round,3,Fucsovics M.,O Connell C.,56,127,Completed,1.73,2.1,,,1.76,2.24,1.73,2.06,file
2026-03-04,BNP Paribas Open,Masters 1000,Outdoor,Hard,1st Round,3,Giron M.,Navone M.,69,79,Completed,1.33,3.4,,,1.38,3.4,1.35,3.14,file
2026-03-04,BNP Paribas Open,Masters 1000,Outdoor,Hard,1st Round,3,Kecmanovic M.,Altmaier D.,58,55,Retired,1.2,4.5,,,1.24,4.6,1.22,4.18,file
2026-03-04,BNP Paribas Open,Masters 1000,Outdoor,Hard,1st Round,3,Opelka R.,Quinn E.,68,73,Completed,2.2,1.67,,,2.2,1.74,2.12,1.69,file
2026-03-04,BNP Paribas Open,Masters 1000,Outdoor,Hard,1st Round,3,Svrcina D.,Duckworth J.,109,83,Completed,1.4,3,,,1.45,3,1.39,2.92,file
2026-03-04,BNP Paribas Open,Masters 1000,Outdoor,Hard,1st Round,3,Ugo Carabelli C.,Damm M.,67,129,Completed,2.5,1.53,,,2.6,1.54,2.49,1.51,file
2026-03-04,BNP Paribas Open,Masters 1000,Outdoor,Hard,1st Round,3,Walton A.,Halys Q.,91,102,Completed,2.63,1.5,,,2.63,1.52,2.55,1.5,file
2026-03-05,BNP Paribas Open,Masters 1000,Outdoor,Hard,1st Round,3,Baez S.,Tseng C.H.,53,144,Completed,1.36,3.2,,,1.36,3.5,1.32,3.3,file
2026-03-05,BNP Paribas Open,Masters 1000,Outdoor,Hard,1st Round,3,Bautista Agut R.,Marozsan F.,93,46,Completed,3.75,1.29,,,4.75,1.29,3.83,1.26,file
2026-03-05,BNP Paribas Open,Masters 1000,Outdoor,Hard,1st Round,3,Bonzi B.,Royer V.,111,60,Completed,1.91,1.91,,,1.91,1.98,1.83,1.93,file
2026-03-05,BNP Paribas Open,Masters 1000,Outdoor,Hard,1st Round,3,Brooksby J.,Popyrin A.,41,45,Completed,1.67,2.2,,,1.73,2.25,1.68,2.15,file
2026-03-05,BNP Paribas Open,Masters 1000,Outdoor,Hard,1st Round,3,Dimitrov G.,Atmane T.,42,52,Completed,1.62,2.3,,,1.64,2.3,1.62,2.24,file
2026-03-05,BNP Paribas Open,Masters 1000,Outdoor,Hard,1st Round,3,Fearnley J.,Dzumhur D.,87,64,Completed,1.73,2.1,,,1.75,2.2,1.71,2.1,file
2026-03-05,BNP Paribas Open,Masters 1000,Outdoor,Hard,1st Round,3,Fonseca J.,Collignon R.,35,77,Completed,1.73,2.1,,,1.75,2.25,1.69,2.14,file
2026-03-05,BNP Paribas Open,Masters 1000,Outdoor,Hard,1st Round,3,Kovacevic A.,Hurkacz H.,72,71,Completed,3,1.4,,,3,1.44,2.89,1.4,file
2026-03-05,BNP Paribas Open,Masters 1000,Outdoor,Hard,1st Round,3,Majchrzak K.,Mpetshi G.,57,54,Completed,1.62,2.3,,,1.67,2.3,1.65,2.2,file
2026-03-05,BNP Paribas Open,Masters 1000,Outdoor,Hard,1st Round,3,Michelsen A.,Merida Aguilar D.,44,139,Completed,1.29,3.75,,,1.33,3.75,1.31,3.34,file
2026-03-05,BNP Paribas Open,Masters 1000,Outdoor,Hard,1st Round,3,Monfils G.,Galarneau A.,148,219,Completed,1.62,2.3,,,1.62,2.4,1.58,2.31,file
2026-03-05,BNP Paribas Open,Masters 1000,Outdoor,Hard,1st Round,3,Prizmic D.,Schoolkate T.,119,118,Completed,1.29,3.75,,,1.33,3.75,1.3,3.43,file
2026-03-05,BNP Paribas Open,Masters 1000,Outdoor,Hard,1st Round,3,Shapovalov D.,Tsitsipas S.,39,43,Completed,2.1,1.73,,,2.1,1.76,2.09,1.72,file
2026-03-05,BNP Paribas Open,Masters 1000,Outdoor,Hard,1st Round,3,Shevchenko A.,Shimabukuro S.,88,113,Completed,2.3,1.62,,,2.3,1.67,2.24,1.62,file
2026-03-05,BNP Paribas Open,Masters 1000,Outdoor,Hard,1st Round,3,Svajda Z.,Cilic M.,99,51,Completed,2.3,1.62,,,2.3,1.75,2.15,1.68,file
2026-03-06,BNP Paribas Open,Masters 1000,Outdoor,Hard,2nd Round,3,Auger-Aliassime F.,Monfils G.,9,148,Completed,1.17,5,,,1.2,5.25,1.18,4.71,file
2026-03-06,BNP Paribas Open,Masters 1000,Outdoor,Hard,1st Round,3,Borges N.,Nava E.,49,75,Completed,1.57,2.38,,,1.6,2.43,1.57,2.33,file
2026-03-06,BNP Paribas Open,Masters 1000,Outdoor,Hard,1st Round,3,Cerundolo J.M.,Van De Zandschulp B.,70,59,Completed,3,1.4,,,3.05,1.42,2.95,1.39,file
2026-03-06,BNP Paribas Open,Masters 1000,Outdoor,Hard,2nd Round,3,Cobolli F.,Kecmanovic M.,15,58,Completed,2,1.8,,,2.05,1.8,2,1.77,file
2026-03-06,BNP Paribas Open,Masters 1000,Outdoor,Hard,2nd Round,3,Fils A.,Prizmic D.,32,119,Retired,1.4,3,,,1.44,3,1.4,2.9,file
2026-03-06,BNP Paribas Open,Masters 1000,Outdoor,Hard,2nd Round,3,Fucsovics M.,Musetti L.,56,5,Completed,3.5,1.3,,,3.5,1.33,3.38,1.31,file
2026-03-06,BNP Paribas Open,Masters 1000,Outdoor,Hard,1st Round,3,Hijikata R.,Maestrelli F.,117,114,Completed,1.67,2.2,,,1.73,2.2,1.69,2.13,file
2026-03-06,BNP Paribas Open,Masters 1000,Outdoor,Hard,1st Round,3,Kopriva V.,Zheng M.,62,145,Completed,2.1,1.73,,,2.17,1.8,2.09,1.71,file
2026-03-06,BNP Paribas Open,Masters 1000,Outdoor,Hard,1st Round,3,Korda S.,Comesana F.,37,82,Completed,1.14,5.5,,,1.18,5.5,1.16,5.01,file
2026-03-06,BNP Paribas Open,Masters 1000,Outdoor,Hard,1st Round,3,McDonald M.,Arnaldi M.,126,85,Completed,1.67,2.2,,,1.67,2.32,1.6,2.27,file
2026-03-06,BNP Paribas Open,Masters 1000,Outdoor,Hard,2nd Round,3,Nakashima B.,Ugo Carabelli C.,30,67,Completed,1.17,5,,,1.21,5,1.18,4.6,file
2026-03-06,BNP Paribas Open,Masters 1000,Outdoor,Hard,2nd Round,3,Shelton B.,Opelka R.,8,68,Completed,1.29,3.75,,,1.29,4.25,1.26,3.8,file
2026-03-06,BNP Paribas Open,Masters 1000,Outdoor,Hard,1st Round,3,Tabilo A.,Jodar R.,40,103,Completed,2.3,1.62,,,2.31,1.64,2.26,1.6,file
2026-03-06,BNP Paribas Open,Masters 1000,Outdoor,Hard,2nd Round,3,Tiafoe F.,Brooksby J.,22,41,Completed,1.91,1.91,,,1.95,1.94,1.88,1.87,file
2026-03-06,BNP Paribas Open,Masters 1000,Outdoor,Hard,2nd Round,3,Tien L.,Walton A.,27,91,Completed,1.17,5,,,1.17,5.5,1.16,5.04,file
2026-03-06,BNP Paribas Open,Masters 1000,Outdoor,Hard,2nd Round,3,Zverev A.,Berrettini M.,4,66,Completed,1.2,4.5,,,1.24,4.5,1.21,4.2,file
2026-03-07,BNP Paribas Open,Masters 1000,Outdoor,Hard,2nd Round,3,Cerundolo F.,Bonzi B.,20,111,Completed,1.4,3,,,1.44,3.3,1.36,3.1,file
2026-03-07,BNP Paribas Open,Masters 1000,Outdoor,Hard,2nd Round,3,Davidovich Fokina A.,Svajda Z.,19,99,Completed,1.57,2.38,,,1.6,2.43,1.58,2.32,file
2026-03-07,BNP Paribas Open,Masters 1000,Outdoor,Hard,2nd Round,3,De Minaur A.,Korda S.,6,37,Completed,1.5,2.63,,,1.55,2.63,1.52,2.48,file
2026-03-07,BNP Paribas Open,Masters 1000,Outdoor,Hard,2nd Round,3,Diallo G.,Rublev A.,38,17,Completed,3.5,1.3,,,3.5,1.35,3.32,1.32,file
2026-03-07,BNP Paribas Open,Masters 1000,Outdoor,Hard,2nd Round,3,Djokovic N.,Majchrzak K.,3,57,Completed,1.1,7,,,1.12,7.5,1.1,6.75,file
2026-03-07,BNP Paribas Open,Masters 1000,Outdoor,Hard,2nd Round,3,Draper J.,Bautista Agut R.,14,93,Completed,1.13,6,,,1.13,6.25,1.13,5.75,file
2026-03-07,BNP Paribas Open,Masters 1000,Outdoor,Hard,2nd Round,3,Fonseca J.,Khachanov K.,35,16,Completed,1.67,2.2,,,1.72,2.25,1.67,2.17,file
2026-03-07,BNP Paribas Open,Masters 1000,Outdoor,Hard,2nd Round,3,Hijikata R.,Darderi L.,117,21,Completed,2.75,1.44,,,3,1.47,2.77,1.42,file
2026-03-07,BNP Paribas Open,Masters 1000,Outdoor,Hard,2nd Round,3,Kovacevic A.,Moutet C.,72,33,Completed,2.2,1.67,,,2.28,1.7,2.22,1.64,file
2026-03-07,BNP Paribas Open,Masters 1000,Outdoor,Hard,2nd Round,3,Mensik J.,Giron M.,12,69,Completed,1.33,3.4,,,1.38,3.4,1.35,3.15,file
2026-03-07,BNP Paribas Open,Masters 1000,Outdoor,Hard,2nd Round,3,Paul T.,Bergs Z.,24,47,Completed,1.2,4.5,,,1.24,4.5,1.21,4.25,file
2026-03-07,BNP Paribas Open,Masters 1000,Outdoor,Hard,2nd Round,3,Rinderknech A.,Cerundolo J.M.,28,70,Walkover,1.5,2.63,,,1.5,2.75,1.45,2.68,file
2026-03-07,BNP Paribas Open,Masters 1000,Outdoor,Hard,2nd Round,3,Ruud C.,Shevchenko A.,13,88,Completed,1.17,5,,,1.18,5.25,1.16,4.91,file
2026-03-07,BNP Paribas Open,Masters 1000,Outdoor,Hard,2nd Round,3,Shapovalov D.,Etcheverry T.,39,31,Completed,1.5,2.63,,,1.53,2.75,1.48,2.6,file
2026-03-07,BNP Paribas Open,Masters 1000,Outdoor,Hard,2nd Round,3,Sinner J.,Svrcina D.,2,109,Completed,1.01,26,,,1.02,26,1.01,16.55,file
2026-03-07,BNP Paribas Open,Masters 1000,Outdoor,Hard,2nd Round,3,Vacherot V.,Borges N.,26,49,Completed,1.62,2.3,,,1.67,2.3,1.63,2.23,file
2026-03-08,BNP Paribas Open,Masters 1000,Outdoor,Hard,2nd Round,3,Alcaraz C.,Dimitrov G.,1,42,Completed,1.04,13,,,1.04,15,1.03,12.05,file
2026-03-08,BNP Paribas Open,Masters 1000,Outdoor,Hard,2nd Round,3,Baez S.,Lehecka J.,53,23,Completed,2.75,1.44,,,3.15,1.44,2.84,1.41,file
2026-03-08,BNP Paribas Open,Masters 1000,Outdoor,Hard,2nd Round,3,Bublik A.,Kopriva V.,10,62,Completed,1.2,4.5,,,1.26,4.5,1.23,4.08,file
2026-03-08,BNP Paribas Open,Masters 1000,Outdoor,Hard,3rd Round,3,Davidovich Fokina A.,Mensik J.,19,12,Completed,2.2,1.67,,,2.25,1.67,2.19,1.65,file
2026-03-08,BNP Paribas Open,Masters 1000,Outdoor,Hard,3rd Round,3,Fils A.,Fucsovics M.,32,56,Completed,1.36,3.2,,,1.4,3.2,1.37,3.03,file
2026-03-08,BNP Paribas Open,Masters 1000,Outdoor,Hard,2nd Round,3,Fritz T.,Fearnley J.,7,87,Completed,1.2,4.5,,,1.2,4.75,1.19,4.53,file
2026-03-08,BNP Paribas Open,Masters 1000,Outdoor,Hard,2nd Round,3,Medvedev D.,Tabilo A.,11,40,Completed,1.25,4,,,1.26,4,1.25,3.83,file
2026-03-08,BNP Paribas Open,Masters 1000,Outdoor,Hard,2nd Round,3,Michelsen A.,Humbert U.,44,34,Completed,1.91,1.91,,,1.91,2,1.83,1.94,file
2026-03-08,BNP Paribas Open,Masters 1000,Outdoor,Hard,2nd Round,3,Norrie C.,McDonald M.,29,126,Completed,1.53,2.5,,,1.6,2.5,1.56,2.37,file
2026-03-08,BNP Paribas Open,Masters 1000,Outdoor,Hard,3rd Round,3,Sinner J.,Shapovalov D.,2,39,Completed,1.04,13,,,1.04,14,1.03,11.16,file
2026-03-08,BNP Paribas Open,Masters 1000,Outdoor,Hard,3rd Round,3,Tien L.,Shelton B.,27,8,Completed,2.2,1.67,,,2.3,1.68,2.22,1.63,file
2026-03-08,BNP Paribas Open,Masters 1000,Outdoor,Hard,3rd Round,3,Zverev A.,Nakashima B.,4,30,Completed,1.25,4,,,1.27,4,1.25,3.84,file
2026-03-09,BNP Paribas Open,Masters 1000,Outdoor,Hard,3rd Round,3,Auger-Aliassime F.,Diallo G.,9,38,Completed,1.22,4.33,,,1.27,4.33,1.23,3.98,file
2026-03-09,BNP Paribas Open,Masters 1000,Outdoor,Hard,3rd Round,3,Djokovic N.,Kovacevic A.,3,72,Completed,1.13,6,,,1.13,7,1.11,6.43,file
2026-03-09,BNP Paribas Open,Masters 1000,Outdoor,Hard,3rd Round,3,Draper J.,Cerundolo F.,14,20,Completed,1.5,2.63,,,1.55,2.75,1.52,2.5,file
2026-03-09,BNP Paribas Open,Masters 1000,Outdoor,Hard,3rd Round,3,Fonseca J.,Paul T.,35,24,Completed,2.75,1.44,,,2.75,1.45,2.74,1.42,file
2026-03-09,BNP Paribas Open,Masters 1000,Outdoor,Hard,3rd Round,3,Hijikata R.,Bublik A.,117,10,Completed,4.5,1.2,,,4.5,1.22,4.31,1.21,file
2026-03-09,BNP Paribas Open,Masters 1000,Outdoor,Hard,3rd Round,3,Michelsen A.,Fritz T.,44,7,Completed,3.2,1.36,,,3.2,1.38,3.05,1.36,file
2026-03-09,BNP Paribas Open,Masters 1000,Outdoor,Hard,3rd Round,3,Norrie C.,De Minaur A.,29,6,Completed,4.5,1.2,,,5.25,1.21,4.48,1.19,file
2026-03-09,BNP Paribas Open,Masters 1000,Outdoor,Hard,3rd Round,3,Ruud C.,Vacherot V.,13,26,Completed,1.57,2.38,,,1.58,2.55,1.55,2.41,file
2026-03-09,BNP Paribas Open,Masters 1000,Outdoor,Hard,3rd Round,3,Tiafoe F.,Cobolli F.,22,15,Completed,1.73,2.1,,,1.74,2.14,1.71,2.1,file
2026-03-10,BNP Paribas Open,Masters 1000,Outdoor,Hard,3rd Round,3,Alcaraz C.,Rinderknech A.,1,28,Completed,1.02,17,,,1.03,18,1.03,13.07,file
2026-03-10,BNP Paribas Open,Masters 1000,Outdoor,Hard,4th Round,3,Fils A.,Auger-Aliassime F.,32,9,Completed,2.2,1.67,,,2.25,1.71,2.17,1.67,file
2026-03-10,BNP Paribas Open,Masters 1000,Outdoor,Hard,3rd Round,3,Medvedev D.,Baez S.,11,53,Completed,1.14,5.5,,,1.16,6,1.14,5.41,file
2026-03-10,BNP Paribas Open,Masters 1000,Outdoor,Hard,4th Round,3,Tien L.,Davidovich Fokina A.,27,19,Completed,1.67,2.2,,,1.71,2.2,1.67,2.15,file
2026-03-10,BNP Paribas Open,Masters 1000,Outdoor,Hard,4th Round,3,Zverev A.,Tiafoe F.,4,22,Completed,1.33,3.4,,,1.36,3.4,1.34,3.23,file
2026-03-11,BNP Paribas Open,Masters 1000,Outdoor,Hard,4th Round,3,Alcaraz C.,Ruud C.,1,13,Completed,1.06,10,,,1.08,10,1.07,8.11,file
2026-03-11,BNP Paribas Open,Masters 1000,Outdoor,Hard,4th Round,3,Medvedev D.,Michelsen A.,11,44,Completed,1.25,4,,,1.3,4.25,1.26,3.75,file
2026-03-11,BNP Paribas Open,Masters 1000,Outdoor,Hard,4th Round,3,Norrie C.,Hijikata R.,29,117,Completed,1.3,3.5,,,1.32,3.5,1.3,3.42,file
2026-03-11,BNP Paribas Open,Masters 1000,Outdoor,Hard,4th Round,3,Sinner J.,Fonseca J.,2,35,Completed,1.07,9,,,1.08,9,1.07,8.09,file
2026-03-12,BNP Paribas Open,Masters 1000,Outdoor,Hard,4th Round,3,Draper J.,Djokovic N.,14,3,Completed,2.2,1.67,,,2.25,1.71,2.2,1.65,file
2026-03-12,BNP Paribas Open,Masters 1000,Outdoor,Hard,Quarterfinals,3,Sinner J.,Tien L.,2,27,Completed,1.07,9,,,1.08,10,1.07,8.61,file
2026-03-12,BNP Paribas Open,Masters 1000,Outdoor,Hard,Quarterfinals,3,Zverev A.,Fils A.,4,32,Completed,1.57,2.38,,,1.6,2.5,1.56,2.39,file
2026-03-13,BNP Paribas Open,Masters 1000,Outdoor,Hard,Quarterfinals,3,Alcaraz C.,Norrie C.,1,29,Completed,1.05,11,,,1.05,13,1.04,10.54,file
2026-03-13,BNP Paribas Open,Masters 1000,Outdoor,Hard,Quarterfinals,3,Medvedev D.,Draper J.,11,14,Completed,1.53,2.5,,,1.6,2.55,1.53,2.45,file
2026-03-14,BNP Paribas Open,Masters 1000,Outdoor,Hard,Semifinals,3,Medvedev D.,Alcaraz C.,11,1,Completed,5,1.17,,,5.1,1.2,4.84,1.17,file
2026-03-14,BNP Paribas Open,Masters 1000,Outdoor,Hard,Semifinals,3,Sinner J.,Zverev A.,2,4,Completed,1.17,5,,,1.18,5.4,1.17,4.91,file
2026-03-15,BNP Paribas Open,Masters 1000,Outdoor,Hard,The Final,3,Sinner J.,Medvedev D.,2,11,Completed,1.22,4.33,,,1.3,4.33,1.25,3.9,file
2026-03-19,Miami Open,Masters 1000,Outdoor,Hard,1st Round,3,Bautista Agut R.,Duckworth J.,89,80,Completed,1.62,2.3,,,1.63,2.31,1.61,2.26,file
2026-03-19,Miami Open,Masters 1000,Outdoor,Hard,1st Round,3,Bergs Z.,Brooksby J.,45,42,Completed,2.38,1.57,,,2.5,1.58,2.4,1.55,file
2026-03-19,Miami Open,Masters 1000,Outdoor,Hard,1st Round,3,Berrettini M.,Muller A.,68,90,Completed,1.2,4.5,,,1.23,4.5,1.22,4.2,file
2026-03-19,Miami Open,Masters 1000,Outdoor,Hard,1st Round,3,Blanch Dar.,Struff J.L.,272,316,Completed,2.5,1.53,,,2.55,1.55,2.49,1.52,file
2026-03-19,Miami Open,Masters 1000,Outdoor,Hard,1st Round,3,Cilic M.,Popyrin A.,49,47,Completed,1.67,2.2,,,1.67,2.32,1.62,2.25,file
2026-03-19,Miami Open,Masters 1000,Outdoor,Hard,1st Round,3,Collignon R.,Dimitrov G.,72,44,Completed,2.2,1.67,,,2.38,1.67,2.24,1.62,file
2026-03-19,Miami Open,Masters 1000,Outdoor,Hard,1st Round,3,Damm M.,Fearnley J.,133,83,Retired,2,1.8,,,2.1,2.1,1.99,1.79,file
2026-03-19,Miami Open,Masters 1000,Outdoor,Hard,1st Round,3,Dzumhur D.,Buse I.,76,63,Completed,2.63,1.5,,,2.7,1.5,2.63,1.47,file
2026-03-19,Miami Open,Masters 1000,Outdoor,Hard,1st Round,3,Fonseca J.,Marozsan F.,39,46,Completed,1.36,3.2,,,1.37,3.2,1.35,3.07,file
2026-03-19,Miami Open,Masters 1000,Outdoor,Hard,1st Round,3,Halys Q.,Draxl L.,111,147,Completed,1.44,2.75,,,1.48,2.8,1.45,2.69,file
2026-03-19,Miami Open,Masters 1000,Outdoor,Hard,1st Round,3,Jodar R.,Hanfmann Y.,109,64,Completed,1.67,2.2,,,1.67,2.3,1.63,2.22,file
2026-03-19,Miami Open,Masters 1000,Outdoor,Hard,1st Round,3,Kouame M.,Svajda Z.,385,96,Completed,4.5,1.2,,,4.6,1.21,4.38,1.2,file
2026-03-19,Miami Open,Masters 1000,Outdoor,Hard,1st Round,3,Landaluce M.,Giron M.,151,70,Completed,2.63,1.5,,,2.63,1.55,2.5,1.51,file
2026-03-19,Miami Open,Masters 1000,Outdoor,Hard,1st Round,3,Machac T.,Nava E.,48,74,Completed,1.44,2.75,,,1.44,2.9,1.41,2.83,file
2026-03-19,Miami Open,Masters 1000,Outdoor,Hard,1st Round,3,Majchrzak K.,Kecmanovic M.,57,58,Completed,2.5,1.53,,,2.63,1.53,2.53,1.5,file
2026-03-19,Miami Open,Masters 1000,Outdoor,Hard,1st Round,3,Mannarino A.,Zhang Zh.,43,270,Completed,1.91,1.91,,,1.92,1.94,1.87,1.88,file
2026-03-19,Miami Open,Masters 1000,Outdoor,Hard,1st Round,3,Navone M.,Basilashvili N.,61,134,Completed,1.91,1.91,,,1.91,1.97,1.86,1.9,file
2026-03-19,Miami Open,Masters 1000,Outdoor,Hard,1st Round,3,Opelka R.,Borges N.,67,50,Completed,1.73,2.1,,,1.8,2.2,1.74,2.06,file
2026-03-19,Miami Open,Masters 1000,Outdoor,Hard,1st Round,3,Quinn E.,Hurkacz H.,56,75,Completed,2.1,1.73,,,2.2,1.73,2.13,1.69,file
2026-03-19,Miami Open,Masters 1000,Outdoor,Hard,1st Round,3,Tabilo A.,Comesana F.,41,82,Completed,1.44,2.75,,,1.44,2.88,1.41,2.8,file
2026-03-19,Miami Open,Masters 1000,Outdoor,Hard,1st Round,3,Tsitsipas S.,Fery A.,51,174,Completed,1.36,3.2,,,1.4,3.2,1.37,3.02,file
2026-03-19,Miami Open,Masters 1000,Outdoor,Hard,1st Round,3,Ugo Carabelli C.,Mpetshi G.,66,59,Completed,2.63,1.5,,,2.75,1.56,2.54,1.5,file
2026-03-19,Miami Open,Masters 1000,Outdoor,Hard,1st Round,3,Van De Zandschulp B.,Shapovalov D.,65,38,Completed,2.63,1.5,,,2.63,1.53,2.54,1.5,file
2026-03-20,Miami Open,Masters 1000,Outdoor,Hard,1st Round,3,Atmane T.,Altmaier D.,53,55,Completed,1.4,3,,,1.46,3.1,1.41,2.82,file
2026-03-20,Miami Open,Masters 1000,Outdoor,Hard,2nd Round,3,Berrettini M.,Bublik A.,68,11,Completed,2.38,1.57,,,2.4,1.62,2.34,1.57,file
2026-03-20,Miami Open,Masters 1000,Outdoor,Hard,1st Round,3,Cazaux A.,Barrios M.,73,119,Completed,1.57,2.38,,,1.57,2.5,1.54,2.43,file
2026-03-20,Miami Open,Masters 1000,Outdoor,Hard,1st Round,3,Diallo G.,Wu Y.,37,118,Completed,2,1.8,,,2.05,1.8,2,1.76,file
2026-03-20,Miami Open,Masters 1000,Outdoor,Hard,2nd Round,3,Fils A.,Blanch Dar.,31,272,Completed,1.17,5,,,1.17,5.75,1.14,5.37,file
2026-03-20,Miami Open,Masters 1000,Outdoor,Hard,2nd Round,3,Fritz T.,Van De Zandschulp B.,7,65,Completed,1.29,3.75,,,1.3,4,1.28,3.61,file
2026-03-20,Miami Open,Masters 1000,Outdoor,Hard,1st Round,3,Fucsovics M.,O Connell C.,54,130,Completed,1.5,2.63,,,1.53,2.63,1.49,2.54,file
2026-03-20,Miami Open,Masters 1000,Outdoor,Hard,2nd Round,3,Khachanov K.,Bautista Agut R.,15,89,Completed,1.3,3.5,,,1.3,3.75,1.29,3.54,file
2026-03-20,Miami Open,Masters 1000,Outdoor,Hard,1st Round,3,Michelsen A.,Bellucci M.,40,77,Completed,1.36,3.2,,,1.42,3.25,1.37,3.01,file
2026-03-20,Miami Open,Masters 1000,Outdoor,Hard,2nd Round,3,Opelka R.,Draper J.,67,26,Completed,4,1.25,,,4,1.3,3.66,1.27,file
2026-03-20,Miami Open,Masters 1000,Outdoor,Hard,2nd Round,3,Paul T.,Mannarino A.,23,43,Completed,1.2,4.5,,,1.23,4.5,1.2,4.27,file
2026-03-20,Miami Open,Masters 1000,Outdoor,Hard,2nd Round,3,Quinn E.,Ruud C.,56,12,Completed,2.63,1.5,,,2.75,1.5,2.59,1.47,file
2026-03-20,Miami Open,Masters 1000,Outdoor,Hard,1st Round,3,Sakamoto R.,Kovacevic A.,164,92,Completed,2.38,1.57,,,2.48,1.57,2.42,1.54,file
2026-03-20,Miami Open,Masters 1000,Outdoor,Hard,1st Round,3,Shevchenko A.,Arnaldi M.,84,101,Completed,1.73,2.1,,,1.75,2.12,1.71,2.09,file
2026-03-20,Miami Open,Masters 1000,Outdoor,Hard,1st Round,3,Tirante T.A.,Royer V.,81,69,Completed,2,1.8,,,2.02,1.85,1.97,1.79,file
2026-03-20,Miami Open,Masters 1000,Outdoor,Hard,1st Round,3,Walton A.,Baez S.,85,52,Completed,2.2,1.67,,,2.25,1.72,2.16,1.67,file
2026-03-21,Miami Open,Masters 1000,Outdoor,Hard,2nd Round,3,Alcaraz C.,Fonseca J.,1,39,Completed,1.13,6,,,1.16,6,1.14,5.59,file
2026-03-21,Miami Open,Masters 1000,Outdoor,Hard,2nd Round,3,Atmane T.,Rinderknech A.,53,27,Completed,2.3,1.62,,,2.3,1.67,2.24,1.62,file
2026-03-21,Miami Open,Masters 1000,Outdoor,Hard,2nd Round,3,Auger-Aliassime F.,Fucsovics M.,8,54,Completed,1.4,3,,,1.4,3.1,1.38,2.92,file
2026-03-21,Miami Open,Masters 1000,Outdoor,Hard,2nd Round,3,Cerundolo F.,Tirante T.A.,19,81,Completed,1.29,3.75,,,1.3,3.8,1.29,3.56,file
2026-03-21,Miami Open,Masters 1000,Outdoor,Hard,2nd Round,3,Collignon R.,Cobolli F.,72,14,Completed,2,1.8,,,2.01,1.87,1.99,1.79,file
2026-03-21,Miami Open,Masters 1000,Outdoor,Hard,2nd Round,3,Etcheverry T.,Bergs Z.,32,45,Completed,2.1,1.73,,,2.15,1.8,2.07,1.72,file
2026-03-21,Miami Open,Masters 1000,Outdoor,Hard,2nd Round,3,Halys Q.,Davidovich Fokina A.,111,17,Completed,3,1.4,,,3.25,1.4,3.15,1.35,file
2026-03-21,Miami Open,Masters 1000,Outdoor,Hard,2nd Round,3,Humbert U.,Diallo G.,34,37,Completed,1.73,2.1,,,1.73,2.2,1.69,2.12,file
2026-03-21,Miami Open,Masters 1000,Outdoor,Hard,2nd Round,3,Jodar R.,Vukic A.,109,93,Completed,1.25,4,,,1.26,4.2,1.23,3.97,file
2026-03-21,Miami Open,Masters 1000,Outdoor,Hard,2nd Round,3,Korda S.,Ugo Carabelli C.,36,66,Completed,1.11,6.5,,,1.12,6.5,1.11,6.17,file
2026-03-21,Miami Open,Masters 1000,Outdoor,Hard,2nd Round,3,Landaluce M.,Darderi L.,151,18,Completed,2.1,1.73,,,2.12,1.78,2.07,1.73,file
2026-03-21,Miami Open,Masters 1000,Outdoor,Hard,2nd Round,3,Lehecka J.,Kouame M.,22,385,Completed,1.1,7,,,1.16,7,1.14,5.58,file
2026-03-21,Miami Open,Masters 1000,Outdoor,Hard,2nd Round,3,Majchrzak K.,Tien L.,57,21,Completed,3.75,1.29,,,3.75,1.3,3.54,1.28,file
2026-03-21,Miami Open,Masters 1000,Outdoor,Hard,2nd Round,3,Medvedev D.,Sakamoto R.,10,164,Completed,1.04,13,,,1.06,13,1.05,9.19,file
2026-03-21,Miami Open,Masters 1000,Outdoor,Hard,2nd Round,3,Mensik J.,Walton A.,13,85,Completed,1.3,3.5,,,1.33,3.75,1.3,3.4,file
2026-03-21,Miami Open,Masters 1000,Outdoor,Hard,2nd Round,3,Michelsen A.,Norrie C.,40,24,Completed,1.62,2.3,,,1.67,2.31,1.63,2.23,file
2026-03-21,Miami Open,Masters 1000,Outdoor,Hard,2nd Round,3,Moutet C.,Machac T.,33,48,Completed,2.3,1.62,,,2.38,1.62,2.31,1.58,file
2026-03-21,Miami Open,Masters 1000,Outdoor,Hard,2nd Round,3,Shevchenko A.,Shelton B.,84,9,Completed,6.5,1.11,,,6.5,1.14,6.05,1.12,file
2026-03-21,Miami Open,Masters 1000,Outdoor,Hard,2nd Round,3,Sinner J.,Dzumhur D.,2,76,Completed,,41,,,1.01,56,1.01,28.29,file
2026-03-21,Miami Open,Masters 1000,Outdoor,Hard,2nd Round,3,Tabilo A.,Rublev A.,41,16,Completed,3,1.4,,,3,1.42,2.91,1.39,file
2026-03-21,Miami Open,Masters 1000,Outdoor,Hard,2nd Round,3,Tiafoe F.,Cazaux A.,20,73,Completed,1.36,3.2,,,1.4,3.2,1.36,3.03,file
2026-03-21,Miami Open,Masters 1000,Outdoor,Hard,2nd Round,3,Tsitsipas S.,De Minaur A.,51,6,Completed,2.75,1.44,,,2.75,1.5,2.67,1.46,file
2026-03-21,Miami Open,Masters 1000,Outdoor,Hard,2nd Round,3,Vacherot V.,Navone M.,25,61,Completed,1.44,2.75,,,1.47,2.88,1.42,2.76,file
2026-03-22,Miami Open,Masters 1000,Outdoor,Hard,2nd Round,3,Cilic M.,Nakashima B.,49,30,Completed,2.1,1.73,,,2.32,1.73,2.25,1.62,file
2026-03-22,Miami Open,Masters 1000,Outdoor,Hard,3rd Round,3,Etcheverry T.,Jodar R.,32,109,Completed,2.1,1.73,,,2.23,1.73,2.12,1.7,file
2026-03-22,Miami Open,Masters 1000,Outdoor,Hard,3rd Round,3,Fritz T.,Opelka R.,7,67,Completed,1.44,2.75,,,1.45,2.9,1.42,2.77,file
2026-03-22,Miami Open,Masters 1000,Outdoor,Hard,3rd Round,3,Korda S.,Alcaraz C.,36,1,Completed,6.5,1.11,,,6.5,1.13,6.12,1.12,file
2026-03-22,Miami Open,Masters 1000,Outdoor,Hard,3rd Round,3,Landaluce M.,Khachanov K.,151,15,Completed,3.2,1.36,,,3.25,1.37,3.1,1.35,file
2026-03-22,Miami Open,Masters 1000,Outdoor,Hard,3rd Round,3,Lehecka J.,Quinn E.,22,56,Completed,1.73,2.1,,,1.75,2.14,1.71,2.1,file
2026-03-22,Miami Open,Masters 1000,Outdoor,Hard,3rd Round,3,Paul T.,Collignon R.,23,72,Completed,1.4,3,,,1.4,3.1,1.38,2.99,file
2026-03-22,Miami Open,Masters 1000,Outdoor,Hard,2nd Round,3,Zverev A.,Damm M.,4,133,Completed,1.07,9,,,1.08,9.5,1.07,7.96,file
2026-03-23,Miami Open,Masters 1000,Outdoor,Hard,3rd Round,3,Atmane T.,Auger-Aliassime F.,53,8,Completed,4,1.25,,,4,1.29,3.72,1.26,file
2026-03-23,Miami Open,Masters 1000,Outdoor,Hard,3rd Round,3,Cerundolo F.,Medvedev D.,19,10,Completed,3.75,1.29,,,4.2,1.29,3.77,1.26,file
2026-03-23,Miami Open,Masters 1000,Outdoor,Hard,3rd Round,3,Fils A.,Tsitsipas S.,31,51,Completed,1.53,2.5,,,1.62,2.63,1.56,2.36,file
2026-03-23,Miami Open,Masters 1000,Outdoor,Hard,3rd Round,3,Halys Q.,Majchrzak K.,111,57,Completed,2.1,1.73,,,2.1,1.76,2.05,1.73,file
2026-03-23,Miami Open,Masters 1000,Outdoor,Hard,3rd Round,3,Humbert U.,Shevchenko A.,34,84,Completed,1.25,4,,,1.27,4,1.25,3.86,file
2026-03-23,Miami Open,Masters 1000,Outdoor,Hard,3rd Round,3,Michelsen A.,Tabilo A.,40,41,Completed,1.57,2.38,,,1.6,2.4,1.56,2.38,file
2026-03-23,Miami Open,Masters 1000,Outdoor,Hard,3rd Round,3,Sinner J.,Moutet C.,2,33,Completed,1.01,26,,,1.02,26,1.02,17.08,file
2026-03-23,Miami Open,Masters 1000,Outdoor,Hard,3rd Round,3,Tiafoe F.,Mensik J.,20,13,Completed,2.2,1.67,,,2.31,1.67,2.24,1.63,file
2026-03-23,Miami Open,Masters 1000,Outdoor,Hard,3rd Round,3,Vacherot V.,Berrettini M.,25,68,Completed,2.2,1.67,,,2.2,1.72,2.15,1.68,file
2026-03-23,Miami Open,Masters 1000,Outdoor,Hard,3rd Round,3,Zverev A.,Cilic M.,4,49,Completed,1.13,6,,,1.17,6,1.14,5.4,file
2026-03-24,Miami Open,Masters 1000,Outdoor,Hard,4th Round,3,Fils A.,Vacherot V.,31,25,Completed,1.36,3.2,,,1.37,3.3,1.36,3.12,file
2026-03-24,Miami Open,Masters 1000,Outdoor,Hard,4th Round,3,Landaluce M.,Korda S.,151,36,Completed,4,1.25,,,4.2,1.26,3.99,1.23,file
2026-03-24,Miami Open,Masters 1000,Outdoor,Hard,4th Round,3,Lehecka J.,Fritz T.,22,7,Completed,2.75,1.44,,,2.75,1.5,2.66,1.46,file
2026-03-24,Miami Open,Masters 1000,Outdoor,Hard,4th Round,3,Paul T.,Etcheverry T.,23,32,Completed,1.36,3.2,,,1.37,3.2,1.36,3.07,file
2026-03-24,Miami Open,Masters 1000,Outdoor,Hard,4th Round,3,Sinner J.,Michelsen A.,2,40,Completed,1.03,15,,,1.04,17,1.03,11.79,file
2026-03-24,Miami Open,Masters 1000,Outdoor,Hard,4th Round,3,Tiafoe F.,Atmane T.,20,53,Completed,1.44,2.75,,,1.45,2.85,1.43,2.74,file
2026-03-25,Miami Open,Masters 1000,Outdoor,Hard,4th Round,3,Cerundolo F.,Humbert U.,19,34,Completed,2,1.8,,,2.09,1.91,1.96,1.81,file
2026-03-25,Miami Open,Masters 1000,Outdoor,Hard,Quarterfinals,3,Lehecka J.,Landaluce M.,22,151,Completed,1.3,3.5,,,1.35,3.5,1.32,3.34,file
2026-03-25,Miami Open,Masters 1000,Outdoor,Hard,4th Round,3,Zverev A.,Halys Q.,4,111,Completed,1.14,5.5,,,1.14,6.25,1.13,5.78,file
2026-03-26,Miami Open,Masters 1000,Outdoor,Hard,Quarterfinals,3,Fils A.,Paul T.,31,23,Completed,1.73,2.1,,,1.75,2.14,1.72,2.09,file
2026-03-26,Miami Open,Masters 1000,Outdoor,Hard,Quarterfinals,3,Sinner J.,Tiafoe F.,2,20,Completed,1.03,15,,,1.04,15,1.03,12.21,file
2026-03-26,Miami Open,Masters 1000,Outdoor,Hard,Quarterfinals,3,Zverev A.,Cerundolo F.,4,19,Completed,1.3,3.5,,,1.37,3.6,1.32,3.33,file
2026-03-27,Miami Open,Masters 1000,Outdoor,Hard,Semifinals,3,Lehecka J.,Fils A.,22,31,Completed,2.3,1.62,,,2.4,1.68,2.27,1.61,file
2026-03-27,Miami Open,Masters 1000,Outdoor,Hard,Semifinals,3,Sinner J.,Zverev A.,2,4,Completed,1.13,6,,,1.16,6,1.14,5.47,file
2026-03-29,Miami Open,Masters 1000,Outdoor,Hard,The Final,3,Sinner J.,Lehecka J.,2,22,Completed,1.06,10,,,1.08,13,1.06,9.21,file
2026-03-30,Grand Prix Hassan II,ATP250,Outdoor,Clay,1st Round,3,Baadi T.,Vukic A.,587,84,Completed,8,1.08,,,9,1.08,8.17,1.07,file
2026-03-30,Grand Prix Hassan II,ATP250,Outdoor,Clay,1st Round,3,Bennani K.,Halys Q.,731,90,Completed,11,1.05,,,11,1.06,9.72,1.05,file
2026-03-30,Grand Prix Hassan II,ATP250,Outdoor,Clay,1st Round,3,Hanfmann Y.,De Jong J.,61,99,Completed,1.5,2.63,,,1.53,2.63,1.52,2.48,file
2026-03-30,U.S.Men's Clay Court Championships,ATP250,Outdoor,Clay,1st Round,3,Bolt A.,Wu Y.,165,118,Completed,4.33,1.22,,,4.33,1.29,3.72,1.26,file
2026-03-30,U.S.Men's Clay Court Championships,ATP250,Outdoor,Clay,1st Round,3,Vallejo D.,Svajda Z.,109,82,Completed,1.62,2.3,,,1.62,2.5,1.57,2.33,file
2026-03-30,U.S.Men's Clay Court Championships,ATP250,Outdoor,Clay,1st Round,3,Zhang Zh.,Pinnington Jones J.,263,138,Completed,1.73,2.1,,,1.78,2.11,1.73,2.06,file
2026-03-31,Grand Prix Hassan II,ATP250,Outdoor,Clay,1st Round,3,Bellucci M.,Bennani R.,73,555,Completed,1.17,5,,,1.2,5,1.18,4.57,file
2026-03-31,Grand Prix Hassan II,ATP250,Outdoor,Clay,1st Round,3,Buse I.,Berrettini M.,59,91,Completed,2.63,1.5,,,2.7,1.5,2.6,1.47,file
2026-03-31,Grand Prix Hassan II,ATP250,Outdoor,Clay,1st Round,3,Jodar R.,Lajovic D.,89,132,Completed,1.57,2.38,,,1.62,2.43,1.58,2.31,file
2026-03-31,Grand Prix Hassan II,ATP250,Outdoor,Clay,1st Round,3,Majchrzak K.,Cerundolo J.M.,53,69,Completed,1.73,2.1,,,1.85,2.1,1.77,2,file
2026-03-31,Grand Prix Hassan II,ATP250,Outdoor,Clay,1st Round,3,Muller A.,Cina F.,94,208,Completed,1.67,2.2,,,1.73,2.2,1.68,2.14,file
2026-03-31,Grand Prix Hassan II,ATP250,Outdoor,Clay,1st Round,3,Trungelliti M.,Rocha H.,117,133,Completed,2.1,1.73,,,2.4,1.73,2.3,1.59,file
2026-03-31,Grand Prix Hassan II,ATP250,Outdoor,Clay,1st Round,3,Ugo Carabelli C.,Skatov T.,67,202,Completed,1.36,3.2,,,1.37,3.2,1.35,3.03,file
2026-03-31,Grand Prix Hassan II,ATP250,Outdoor,Clay,1st Round,3,Van Assche L.,Gaston H.,109,116,Completed,1.62,2.3,,,1.75,2.35,1.67,2.16,file
2026-03-31,Tiriac Open,ATP250,Outdoor,Clay,1st Round,3,Altmaier D.,Martinez P.,52,113,Completed,1.91,1.91,,,1.97,1.91,1.9,1.84,file
2026-03-31,Tiriac Open,ATP250,Outdoor,Clay,1st Round,3,Baez S.,Gaubas V.,50,108,Completed,1.22,4.33,,,1.25,4.33,1.23,3.98,file
2026-03-31,Tiriac Open,ATP250,Outdoor,Clay,1st Round,3,Droguet T.,Bautista Agut R.,122,80,Completed,1.67,2.2,,,1.68,2.2,1.65,2.18,file
2026-03-31,Tiriac Open,ATP250,Outdoor,Clay,1st Round,3,Dzumhur D.,Jianu F.C.,74,246,Completed,1.4,3,,,1.45,3,1.42,2.76,file
2026-03-31,Tiriac Open,ATP250,Outdoor,Clay,1st Round,3,Merida Aguilar D.,Virtanen O.,136,123,Completed,1.4,3,,,1.44,3,1.41,2.82,file
2026-03-31,Tiriac Open,ATP250,Outdoor,Clay,1st Round,3,Molcan A.,Arnaldi M.,189,107,Completed,2.75,1.44,,,2.75,1.5,2.67,1.44,file
2026-03-31,Tiriac Open,ATP250,Outdoor,Clay,1st Round,3,Moller E.,Boitan G.A.,134,306,Completed,1.33,3.4,,,1.36,3.4,1.33,3.22,file
2026-03-31,Tiriac Open,ATP250,Outdoor,Clay,1st Round,3,Navone M.,O Connell C.,60,128,Completed,1.25,4,,,1.3,4,1.27,3.6,file
2026-03-31,Tiriac Open,ATP250,Outdoor,Clay,1st Round,3,Prizmic D.,Basilashvili N.,112,129,Completed,1.57,2.38,,,1.57,2.38,1.57,2.38,file
2026-03-31,Tiriac Open,ATP250,Outdoor,Clay,1st Round,3,Sakellaridis S.,Choinski J.,225,120,Completed,2.63,1.5,,,2.63,1.5,2.63,1.5,file
2026-03-31,Tiriac Open,ATP250,Outdoor,Clay,1st Round,3,Shevchenko A.,Turcanu R.D.,76,659,Completed,1.11,6.5,,,1.11,8,1.09,6.93,file
2026-03-31,Tiriac Open,ATP250,Outdoor,Clay,1st Round,3,Van De Zandschulp B.,Maestrelli F.,62,114,Completed,1.36,3.2,,,1.4,3.4,1.36,3.05,file
2026-03-31,U.S.Men's Clay Court Championships,ATP250,Outdoor,Clay,1st Round,3,Basavareddy N.,Draxl L.,193,147,Completed,1.8,2,,,1.91,2,1.85,1.9,file
2026-03-31,U.S.Men's Clay Court Championships,ATP250,Outdoor,Clay,1st Round,3,Etcheverry T.,Gomez F.A.,31,182,Completed,1.2,4.5,,,1.2,4.9,1.18,4.57,file
2026-03-31,U.S.Men's Clay Court Championships,ATP250,Outdoor,Clay,1st Round,3,McDonald M.,Brooksby J.,125,41,Completed,3.2,1.36,,,3.25,1.37,3.1,1.35,file
2026-03-31,U.S.Men's Clay Court Championships,ATP250,Outdoor,Clay,1st Round,3,Nakashima B.,Damm M.,33,126,Completed,1.3,3.5,,,1.32,3.6,1.3,3.43,file
2026-03-31,U.S.Men's Clay Court Championships,ATP250,Outdoor,Clay,1st Round,3,Tirante T.A.,Smith C.,83,164,Completed,1.5,2.63,,,1.5,2.63,1.47,2.59,file
2026-04-01,Grand Prix Hassan II,ATP250,Outdoor,Clay,2nd Round,3,Darderi L.,Bellucci M.,19,73,Completed,1.2,4.5,,,1.22,4.5,1.2,4.28,file
2026-04-01,Grand Prix Hassan II,ATP250,Outdoor,Clay,2nd Round,3,Hanfmann Y.,Bennani K.,61,731,Completed,1.05,11,,,1.05,12,1.05,9.67,file
2026-04-01,Grand Prix Hassan II,ATP250,Outdoor,Clay,1st Round,3,Kopriva V.,Medjedovic H.,70,81,Completed,2.2,1.67,,,2.25,1.67,2.23,1.62,file
2026-04-01,Grand Prix Hassan II,ATP250,Outdoor,Clay,2nd Round,3,Moutet C.,Baadi T.,32,587,Completed,1.04,13,,,1.04,13,1.03,11.42,file
2026-04-01,Grand Prix Hassan II,ATP250,Outdoor,Clay,2nd Round,3,Trungelliti M.,Majchrzak K.,117,53,Completed,2.5,1.53,,,2.7,1.53,2.6,1.48,file
2026-04-01,Tiriac Open,ATP250,Outdoor,Clay,2nd Round,3,Dzumhur D.,Borges N.,74,48,Completed,2.5,1.53,,,2.55,1.54,2.48,1.51,file
2026-04-01,Tiriac Open,ATP250,Outdoor,Clay,2nd Round,3,Molcan A.,Diallo G.,189,36,Completed,2.2,1.67,,,2.28,1.67,2.21,1.63,file
2026-04-01,Tiriac Open,ATP250,Outdoor,Clay,2nd Round,3,Navone M.,Moller E.,60,134,Completed,1.25,4,,,1.26,4,1.25,3.81,file
2026-04-01,Tiriac Open,ATP250,Outdoor,Clay,2nd Round,3,Van De Zandschulp B.,Shevchenko A.,62,76,Completed,1.53,2.5,,,1.54,2.54,1.52,2.47,file
2026-04-01,U.S.Men's Clay Court Championships,ATP250,Outdoor,Clay,1st Round,3,Burruchaga R.,Walton A.,77,105,Completed,1.44,2.75,,,1.5,2.75,1.46,2.65,file
2026-04-01,U.S.Men's Clay Court Championships,ATP250,Outdoor,Clay,2nd Round,3,Etcheverry T.,Bolt A.,31,165,Completed,1.08,8,,,1.09,8,1.08,7.33,file
2026-04-01,U.S.Men's Clay Court Championships,ATP250,Outdoor,Clay,1st Round,3,Hijikata R.,Kovacevic A.,102,85,Completed,2.38,1.57,,,2.38,1.65,2.29,1.59,file
2026-04-01,U.S.Men's Clay Court Championships,ATP250,Outdoor,Clay,1st Round,3,Michelsen A.,Wong C.,35,124,Completed,1.29,3.75,,,1.29,4,1.26,3.7,file
2026-04-01,U.S.Men's Clay Court Championships,ATP250,Outdoor,Clay,1st Round,3,Popyrin A.,Kypson P.,45,96,Completed,1.53,2.5,,,1.58,2.5,1.54,2.44,file
2026-04-01,U.S.Men's Clay Court Championships,ATP250,Outdoor,Clay,2nd Round,3,Tirante T.A.,McDonald M.,83,125,Completed,1.33,3.4,,,1.37,3.4,1.35,3.09,file
2026-04-02,Grand Prix Hassan II,ATP250,Outdoor,Clay,2nd Round,3,Jodar R.,Machac T.,89,55,Completed,1.91,1.91,,,2.02,1.91,1.96,1.8,file
2026-04-02,Grand Prix Hassan II,ATP250,Outdoor,Clay,2nd Round,3,Muller A.,Kopriva V.,94,70,Completed,2.1,1.73,,,2.1,1.83,2.06,1.73,file
2026-04-02,Grand Prix Hassan II,ATP250,Outdoor,Clay,2nd Round,3,Ugo Carabelli C.,Buse I.,67,59,Completed,2.1,1.73,,,2.1,1.75,2.09,1.71,file
2026-04-02,Grand Prix Hassan II,ATP250,Outdoor,Clay,2nd Round,3,Van Assche L.,Griekspoor T.,109,30,Completed,2.38,1.57,,,2.38,1.62,2.29,1.59,file
2026-04-02,U.S.Men's Clay Court Championships,ATP250,Outdoor,Clay,2nd Round,3,Burruchaga R.,Nakashima B.,77,33,Completed,2.63,1.5,,,2.63,1.66,2.3,1.6,file
2026-04-02,U.S.Men's Clay Court Championships,ATP250,Outdoor,Clay,2nd Round,3,Paul T.,Vallejo D.,21,109,Completed,1.22,4.33,,,1.26,4.33,1.23,3.9,file
2026-04-02,U.S.Men's Clay Court Championships,ATP250,Outdoor,Clay,2nd Round,3,Shelton B.,Zhang Zh.,9,263,Completed,1.3,3.5,,,1.36,3.5,1.32,3.29,file
2026-04-02,U.S.Men's Clay Court Championships,ATP250,Outdoor,Clay,2nd Round,3,Tien L.,Basavareddy N.,22,193,Completed,1.25,4,,,1.3,4,1.25,3.79,file
2026-04-03,Grand Prix Hassan II,ATP250,Outdoor,Clay,Quarterfinals,3,Darderi L.,Hanfmann Y.,19,61,Walkover,1.36,3.2,,,1.37,3.25,1.34,3.12,file
2026-04-03,Grand Prix Hassan II,ATP250,Outdoor,Clay,Quarterfinals,3,Jodar R.,Muller A.,89,94,Retired,1.53,2.5,,,1.56,2.5,1.53,2.45,file
2026-04-03,Grand Prix Hassan II,ATP250,Outdoor,Clay,Quarterfinals,3,Trungelliti M.,Moutet C.,117,32,Completed,2.75,1.44,,,2.95,1.44,2.81,1.41,file
2026-04-03,Grand Prix Hassan II,ATP250,Outdoor,Clay,Quarterfinals,3,Ugo Carabelli C.,Van Assche L.,67,109,Completed,1.62,2.3,,,1.63,2.45,1.59,2.29,file
2026-04-03,Tiriac Open,ATP250,Outdoor,Clay,2nd Round,3,Altmaier D.,Prizmic D.,52,112,Completed,2.5,1.53,,,2.5,1.64,2.36,1.55,file
2026-04-03,Tiriac Open,ATP250,Outdoor,Clay,2nd Round,3,Droguet T.,Baez S.,122,50,Completed,3.2,1.36,,,3.25,1.38,3.07,1.35,file
2026-04-03,Tiriac Open,ATP250,Outdoor,Clay,2nd Round,3,Marozsan F.,Sakellaridis S.,47,225,Completed,1.3,3.5,,,1.36,3.6,1.31,3.32,file
2026-04-03,Tiriac Open,ATP250,Outdoor,Clay,Quarterfinals,3,Marozsan F.,Altmaier D.,47,52,Completed,1.44,2.75,,,1.44,2.88,1.41,2.78,file
2026-04-03,Tiriac Open,ATP250,Outdoor,Clay,2nd Round,3,Merida Aguilar D.,Mannarino A.,136,43,Completed,1.22,4.33,,,1.27,4.33,1.23,4.04,file
2026-04-03,Tiriac Open,ATP250,Outdoor,Clay,Quarterfinals,3,Merida Aguilar D.,Droguet T.,136,122,Retired,2.38,1.57,,,2.38,1.63,2.29,1.59,file
2026-04-03,Tiriac Open,ATP250,Outdoor,Clay,Quarterfinals,3,Navone M.,Molcan A.,60,189,Completed,1.36,3.2,,,1.37,3.2,1.35,3.06,file
2026-04-03,Tiriac Open,ATP250,Outdoor,Clay,Quarterfinals,3,Van De Zandschulp B.,Dzumhur D.,62,74,Completed,1.53,2.5,,,1.53,2.63,1.5,2.51,file
2026-04-03,U.S.Men's Clay Court Championships,ATP250,Outdoor,Clay,Quarterfinals,3,Burruchaga R.,Tien L.,77,22,Completed,2.3,1.62,,,2.35,1.64,2.25,1.61,file
2026-04-03,U.S.Men's Clay Court Championships,ATP250,Outdoor,Clay,Quarterfinals,3,Paul T.,Etcheverry T.,21,31,Completed,1.44,2.75,,,1.48,2.75,1.45,2.67,file
2026-04-03,U.S.Men's Clay Court Championships,ATP250,Outdoor,Clay,2nd Round,3,Popyrin A.,Michelsen A.,45,35,Completed,2.63,1.5,,,2.63,1.56,2.5,1.52,file
2026-04-03,U.S.Men's Clay Court Championships,ATP250,Outdoor,Clay,2nd Round,3,Tiafoe F.,Hijikata R.,18,102,Completed,1.25,4,,,1.26,4,1.25,3.84,file
2026-04-03,U.S.Men's Clay Court Championships,ATP250,Outdoor,Clay,Quarterfinals,3,Tirante T.A.,Shelton B.,83,9,Completed,2.75,1.44,,,2.88,1.45,2.76,1.42,file
2026-04-04,Grand Prix Hassan II,ATP250,Outdoor,Clay,Semifinals,3,Jodar R.,Ugo Carabelli C.,89,67,Completed,1.44,2.75,,,1.49,3,1.43,2.74,file
2026-04-04,Grand Prix Hassan II,ATP250,Outdoor,Clay,Semifinals,3,Trungelliti M.,Darderi L.,117,19,Completed,5,1.17,,,5.1,1.19,4.7,1.17,file
2026-04-04,Tiriac Open,ATP250,Outdoor,Clay,Semifinals,3,Merida Aguilar D.,Marozsan F.,136,47,Completed,3.4,1.33,,,3.5,1.33,3.31,1.32,file
2026-04-04,Tiriac Open,ATP250,Outdoor,Clay,Semifinals,3,Navone M.,Van De Zandschulp B.,60,62,Completed,1.57,2.38,,,1.62,2.4,1.58,2.31,file
2026-04-04,U.S.Men's Clay Court Championships,ATP250,Outdoor,Clay,Semifinals,3,Burruchaga R.,Tirante T.A.,77,83,Completed,1.91,1.91,,,1.91,1.91,1.87,1.88,file
2026-04-04,U.S.Men's Clay Court Championships,ATP250,Outdoor,Clay,Semifinals,3,Paul T.,Tiafoe F.,21,18,Completed,1.4,3,,,1.44,3,1.4,2.89,file
2026-04-04,U.S.Men's Clay Court Championships,ATP250,Outdoor,Clay,Quarterfinals,3,Tiafoe F.,Popyrin A.,18,45,Completed,1.57,2.38,,,1.6,2.4,1.56,2.34,file
2026-04-05,Grand Prix Hassan II,ATP250,Outdoor,Clay,The Final,3,Jodar R.,Trungelliti M.,89,117,Completed,1.33,3.4,,,1.34,3.5,1.31,3.33,file
2026-04-05,Monte Carlo Masters,Masters 1000,Outdoor,Clay,1st Round,3,Humbert U.,Kouame M.,34,334,Completed,1.25,4,,,1.25,4.5,1.23,4.04,file
2026-04-05,Monte Carlo Masters,Masters 1000,Outdoor,Clay,1st Round,3,Monfils G.,Griekspoor T.,199,32,Completed,2.38,1.57,,,2.63,1.57,2.52,1.51,file
2026-04-05,Monte Carlo Masters,Masters 1000,Outdoor,Clay,1st Round,3,Norrie C.,Kecmanovic M.,24,59,Completed,1.67,2.2,,,1.67,2.24,1.66,2.17,file
2026-04-05,Monte Carlo Masters,Masters 1000,Outdoor,Clay,1st Round,3,Tabilo A.,Fucsovics M.,39,58,Completed,1.53,2.5,,,1.53,2.54,1.51,2.49,file
2026-04-05,Tiriac Open,ATP250,Outdoor,Clay,The Final,3,Navone M.,Merida Aguilar D.,60,136,Completed,1.36,3.2,,,1.38,3.25,1.35,3.11,file
2026-04-05,U.S.Men's Clay Court Championships,ATP250,Outdoor,Clay,The Final,3,Paul T.,Burruchaga R.,21,77,Completed,1.44,2.75,,,1.45,2.9,1.42,2.78,file
2026-04-06,Monte Carlo Masters,Masters 1000,Outdoor,Clay,1st Round,3,Baez S.,Wawrinka S.,65,104,Completed,1.4,3,,,1.45,3.1,1.4,2.88,file
2026-04-06,Monte Carlo Masters,Masters 1000,Outdoor,Clay,1st Round,3,Bergs Z.,Mannarino A.,47,46,Completed,1.22,4.33,,,1.27,4.33,1.23,4.01,file
2026-04-06,Monte Carlo Masters,Masters 1000,Outdoor,Clay,1st Round,3,Blockx A.,Shapovalov D.,91,38,Completed,1.8,2,,,1.9,2,1.81,1.96,file
2026-04-06,Monte Carlo Masters,Masters 1000,Outdoor,Clay,1st Round,3,Cerundolo F.,Tsitsipas S.,19,48,Completed,1.73,2.1,,,1.75,2.12,1.73,2.07,file
2026-04-06,Monte Carlo Masters,Masters 1000,Outdoor,Clay,1st Round,3,Cobolli F.,Comesana F.,16,99,Completed,1.57,2.38,,,1.58,2.4,1.56,2.38,file
2026-04-06,Monte Carlo Masters,Masters 1000,Outdoor,Clay,1st Round,3,Fonseca J.,Diallo G.,40,36,Completed,1.22,4.33,,,1.25,4.33,1.23,4.01,file
2026-04-06,Monte Carlo Masters,Masters 1000,Outdoor,Clay,1st Round,3,Garin C.,Arnaldi M.,109,107,Completed,1.62,2.3,,,1.67,2.33,1.62,2.25,file
2026-04-06,Monte Carlo Masters,Masters 1000,Outdoor,Clay,1st Round,3,Lehecka J.,Nava E.,13,103,Completed,1.29,3.75,,,1.29,3.75,1.26,3.68,file
2026-04-06,Monte Carlo Masters,Masters 1000,Outdoor,Clay,1st Round,3,Machac T.,Altmaier D.,53,49,Completed,1.5,2.63,,,1.57,2.63,1.53,2.46,file
2026-04-06,Monte Carlo Masters,Masters 1000,Outdoor,Clay,1st Round,3,Rinderknech A.,Khachanov K.,27,14,Completed,3,1.4,,,3.1,1.43,2.88,1.4,file
2026-04-06,Monte Carlo Masters,Masters 1000,Outdoor,Clay,1st Round,3,Rublev A.,Borges N.,15,50,Completed,1.22,4.33,,,1.24,4.5,1.22,4.15,file
2026-04-06,Monte Carlo Masters,Masters 1000,Outdoor,Clay,1st Round,3,Vacherot V.,Cerundolo J.M.,23,71,Completed,1.33,3.4,,,1.41,3.4,1.37,2.98,file
2026-04-07,Monte Carlo Masters,Masters 1000,Outdoor,Clay,2nd Round,3,Alcaraz C.,Baez S.,1,65,Completed,1.03,15,,,1.04,21,1.03,13.5,file
2026-04-07,Monte Carlo Masters,Masters 1000,Outdoor,Clay,1st Round,3,Atmane T.,Quinn E.,45,54,Completed,2.1,1.73,,,2.18,1.73,2.11,1.7,file
2026-04-07,Monte Carlo Masters,Masters 1000,Outdoor,Clay,1st Round,3,Berrettini M.,Bautista Agut R.,90,85,Retired,1.3,3.5,,,1.3,3.6,1.3,3.46,file
2026-04-07,Monte Carlo Masters,Masters 1000,Outdoor,Clay,2nd Round,3,Bublik A.,Monfils G.,11,199,Completed,1.44,2.75,,,1.45,2.85,1.44,2.74,file
2026-04-07,Monte Carlo Masters,Masters 1000,Outdoor,Clay,1st Round,3,Cilic M.,Shevchenko A.,51,77,Completed,1.8,2,,,1.8,2.08,1.79,1.99,file
2026-04-07,Monte Carlo Masters,Masters 1000,Outdoor,Clay,2nd Round,3,De Minaur A.,Norrie C.,6,24,Completed,1.44,2.75,,,1.44,3,1.41,2.84,file
2026-04-07,Monte Carlo Masters,Masters 1000,Outdoor,Clay,1st Round,3,Etcheverry T.,Dimitrov G.,30,93,Completed,1.57,2.38,,,1.58,2.5,1.55,2.4,file
2026-04-07,Monte Carlo Masters,Masters 1000,Outdoor,Clay,1st Round,3,Hurkacz H.,Darderi L.,74,21,Completed,3.2,1.36,,,3.25,1.42,2.99,1.38,file
2026-04-07,Monte Carlo Masters,Masters 1000,Outdoor,Clay,1st Round,3,Marozsan F.,Dzumhur D.,43,81,Completed,1.36,3.2,,,1.44,3.25,1.37,3.01,file
2026-04-07,Monte Carlo Masters,Masters 1000,Outdoor,Clay,1st Round,3,Moutet C.,Muller A.,31,88,Completed,1.5,2.63,,,1.54,2.63,1.51,2.53,file
2026-04-07,Monte Carlo Masters,Masters 1000,Outdoor,Clay,1st Round,3,Ruud C.,Popyrin A.,12,44,Completed,1.3,3.5,,,1.3,3.75,1.29,3.51,file
2026-04-07,Monte Carlo Masters,Masters 1000,Outdoor,Clay,2nd Round,3,Sinner J.,Humbert U.,2,34,Completed,1.02,19,,,1.03,19,1.03,13.42,file
2026-04-08,Monte Carlo Masters,Masters 1000,Outdoor,Clay,2nd Round,3,Auger-Aliassime F.,Cilic M.,7,51,Completed,1.44,2.75,,,1.44,2.88,1.43,2.77,file
2026-04-08,Monte Carlo Masters,Masters 1000,Outdoor,Clay,2nd Round,3,Bergs Z.,Rublev A.,47,15,Completed,3.4,1.33,,,3.4,1.4,3.08,1.36,file
2026-04-08,Monte Carlo Masters,Masters 1000,Outdoor,Clay,2nd Round,3,Berrettini M.,Medvedev D.,90,10,Completed,3,1.4,,,3.25,1.4,3.05,1.37,file
2026-04-08,Monte Carlo Masters,Masters 1000,Outdoor,Clay,2nd Round,3,Blockx A.,Cobolli F.,91,16,Completed,2.5,1.53,,,2.55,1.55,2.48,1.52,file
2026-04-08,Monte Carlo Masters,Masters 1000,Outdoor,Clay,2nd Round,3,Etcheverry T.,Atmane T.,30,45,Completed,1.36,3.2,,,1.38,3.25,1.36,3.05,file
2026-04-08,Monte Carlo Masters,Masters 1000,Outdoor,Clay,2nd Round,3,Fonseca J.,Rinderknech A.,40,27,Completed,1.25,4,,,1.29,4,1.25,3.78,file
2026-04-08,Monte Carlo Masters,Masters 1000,Outdoor,Clay,2nd Round,3,Hurkacz H.,Marozsan F.,74,43,Completed,2.1,1.73,,,2.2,1.73,2.1,1.71,file
2026-04-08,Monte Carlo Masters,Masters 1000,Outdoor,Clay,2nd Round,3,Lehecka J.,Tabilo A.,13,39,Completed,1.73,2.1,,,1.75,2.12,1.73,2.07,file
2026-04-08,Monte Carlo Masters,Masters 1000,Outdoor,Clay,2nd Round,3,Machac T.,Cerundolo F.,53,19,Completed,3.5,1.3,,,3.6,1.35,3.33,1.32,file
2026-04-08,Monte Carlo Masters,Masters 1000,Outdoor,Clay,2nd Round,3,Ruud C.,Moutet C.,12,31,Completed,1.36,3.2,,,1.36,3.3,1.34,3.13,file
2026-04-08,Monte Carlo Masters,Masters 1000,Outdoor,Clay,2nd Round,3,Vacherot V.,Musetti L.,23,5,Completed,2.75,1.44,,,2.8,1.5,2.68,1.46,file
2026-04-08,Monte Carlo Masters,Masters 1000,Outdoor,Clay,2nd Round,3,Zverev A.,Garin C.,3,109,Completed,1.1,7,,,1.13,7,1.11,6.37,file
2026-04-09,Monte Carlo Masters,Masters 1000,Outdoor,Clay,3rd Round,3,Alcaraz C.,Etcheverry T.,1,30,Completed,1.03,15,,,1.04,19,1.03,13.42,file
2026-04-09,Monte Carlo Masters,Masters 1000,Outdoor,Clay,3rd Round,3,Auger-Aliassime F.,Ruud C.,7,12,Retired,2.38,1.57,,,2.63,1.6,2.39,1.56,file
2026-04-09,Monte Carlo Masters,Masters 1000,Outdoor,Clay,3rd Round,3,Bublik A.,Lehecka J.,11,13,Completed,2.2,1.67,,,2.2,1.78,2.13,1.69,file
2026-04-09,Monte Carlo Masters,Masters 1000,Outdoor,Clay,3rd Round,3,De Minaur A.,Blockx A.,6,91,Completed,1.29,3.75,,,1.32,3.75,1.29,3.53,file
2026-04-09,Monte Carlo Masters,Masters 1000,Outdoor,Clay,3rd Round,3,Fonseca J.,Berrettini M.,40,90,Completed,1.62,2.3,,,1.67,2.31,1.63,2.24,file
2026-04-09,Monte Carlo Masters,Masters 1000,Outdoor,Clay,3rd Round,3,Sinner J.,Machac T.,2,53,Completed,1.02,19,,,1.03,19,1.03,13.46,file
2026-04-09,Monte Carlo Masters,Masters 1000,Outdoor,Clay,3rd Round,3,Vacherot V.,Hurkacz H.,23,74,Completed,1.57,2.38,,,1.66,2.38,1.63,2.23,file
2026-04-09,Monte Carlo Masters,Masters 1000,Outdoor,Clay,3rd Round,3,Zverev A.,Bergs Z.,3,47,Completed,1.17,5,,,1.24,5,1.2,4.4,file
2026-04-10,Monte Carlo Masters,Masters 1000,Outdoor,Clay,Quarterfinals,3,Alcaraz C.,Bublik A.,1,11,Completed,1.08,8,,,1.09,9,1.07,7.88,file
2026-04-10,Monte Carlo Masters,Masters 1000,Outdoor,Clay,Quarterfinals,3,Sinner J.,Auger-Aliassime F.,2,7,Completed,1.1,7,,,1.13,7.5,1.1,6.56,file
2026-04-10,Monte Carlo Masters,Masters 1000,Outdoor,Clay,Quarterfinals,3,Vacherot V.,De Minaur A.,23,6,Completed,2.75,1.44,,,2.8,1.5,2.68,1.45,file
2026-04-10,Monte Carlo Masters,Masters 1000,Outdoor,Clay,Quarterfinals,3,Zverev A.,Fonseca J.,3,40,Completed,1.62,2.3,,,1.63,2.38,1.6,2.3,file
2026-04-11,Monte Carlo Masters,Masters 1000,Outdoor,Clay,Semifinals,3,Alcaraz C.,Vacherot V.,1,23,Completed,1.05,11,,,1.06,12,1.05,9.75,file
2026-04-11,Monte Carlo Masters,Masters 1000,Outdoor,Clay,Semifinals,3,Sinner J.,Zverev A.,2,3,Completed,1.17,5,,,1.19,5.1,1.17,4.88,file
2026-04-12,Monte Carlo Masters,Masters 1000,Outdoor,Clay,The Final,3,Sinner J.,Alcaraz C.,2,1,Completed,1.8,2,,,1.91,2,1.85,1.94,file
2026-04-13,BMW Open,ATP500,Outdoor,Clay,1st Round,3,Blockx A.,Hanfmann Y.,71,51,Completed,1.91,1.91,,,1.91,2.2,1.86,1.91,file
2026-04-13,BMW Open,ATP500,Outdoor,Clay,1st Round,3,Cerundolo F.,Nagal S.,19,292,Completed,1.05,11,,,1.06,11,1.05,9.73,file
2026-04-13,BMW Open,ATP500,Outdoor,Clay,1st Round,3,Diallo G.,Sachko V.,37,208,Completed,1.62,2.3,,,1.62,2.38,1.59,2.29,file
2026-04-13,BMW Open,ATP500,Outdoor,Clay,1st Round,3,Rinderknech A.,Michelsen A.,26,36,Completed,1.67,2.2,,,1.67,2.3,1.62,2.24,file
2026-04-13,BMW Open,ATP500,Outdoor,Clay,1st Round,3,Shelton B.,Nava E.,6,112,Completed,1.33,3.4,,,1.36,4,1.3,3.46,file
2026-04-13,BMW Open,ATP500,Outdoor,Clay,1st Round,3,Van De Zandschulp B.,Huesler M.,49,340,Completed,1.25,4,,,1.32,4,1.28,3.53,file
2026-04-13,Barcelona Open,ATP500,Outdoor,Clay,1st Round,3,Borges N.,Mannarino A.,52,46,Completed,1.2,4.5,,,1.22,5,1.2,4.4,file
2026-04-13,Barcelona Open,ATP500,Outdoor,Clay,1st Round,3,Etcheverry T.,Draper J.,29,28,Retired,2.2,1.67,,,2.2,1.75,2.1,1.7,file
2026-04-13,Barcelona Open,ATP500,Outdoor,Clay,1st Round,3,Jodar R.,Munar J.,55,38,Completed,1.4,3,,,1.44,3.1,1.39,2.93,file
2026-04-13,Barcelona Open,ATP500,Outdoor,Clay,1st Round,3,Medjedovic H.,Trungelliti M.,88,79,Completed,1.36,3.2,,,1.38,3.3,1.35,3.11,file
2026-04-13,Barcelona Open,ATP500,Outdoor,Clay,1st Round,3,Moutet C.,Buse I.,31,60,Completed,1.53,2.5,,,1.57,2.55,1.52,2.47,file
2026-04-13,Barcelona Open,ATP500,Outdoor,Clay,1st Round,3,Norrie C.,Wawrinka S.,24,107,Completed,1.29,3.75,,,1.29,3.75,1.28,3.59,file
2026-04-13,Barcelona Open,ATP500,Outdoor,Clay,1st Round,3,Quinn E.,Opelka R.,50,68,Completed,1.5,2.63,,,1.5,2.63,1.48,2.57,file
2026-04-14,BMW Open,ATP500,Outdoor,Clay,1st Round,3,Altmaier D.,Cilic M.,56,48,Completed,2.2,1.67,,,2.3,1.68,2.18,1.66,file
2026-04-14,BMW Open,ATP500,Outdoor,Clay,1st Round,3,Bergs Z.,Topo M.,40,260,Completed,1.22,4.33,,,1.22,4.35,1.22,4.17,file
2026-04-14,BMW Open,ATP500,Outdoor,Clay,1st Round,3,Cobolli F.,Dedura D.,16,258,Completed,1.22,4.33,,,1.25,4.33,1.22,4.01,file
2026-04-14,BMW Open,ATP500,Outdoor,Clay,1st Round,3,Darderi L.,Zhang Zh.,21,242,Completed,1.33,3.4,,,1.33,3.7,1.32,3.3,file
2026-04-14,BMW Open,ATP500,Outdoor,Clay,1st Round,3,Fonseca J.,Tabilo A.,35,45,Completed,1.4,3,,,1.42,3,1.4,2.85,file
2026-04-14,BMW Open,ATP500,Outdoor,Clay,1st Round,3,Kopriva V.,Engel J.,77,184,Completed,1.33,3.4,,,1.37,3.5,1.33,3.26,file
2026-04-14,BMW Open,ATP500,Outdoor,Clay,1st Round,3,Molcan A.,Bublik A.,166,11,Completed,3.4,1.33,,,3.5,1.33,3.36,1.31,file
2026-04-14,BMW Open,ATP500,Outdoor,Clay,1st Round,3,Shapovalov D.,Griekspoor T.,39,32,Completed,1.8,2,,,2,2,1.86,1.9,file
2026-04-14,BMW Open,ATP500,Outdoor,Clay,1st Round,3,Zverev A.,Kecmanovic M.,3,58,Completed,1.14,5.5,,,1.17,5.5,1.15,5.13,file
2026-04-14,Barcelona Open,ATP500,Outdoor,Clay,1st Round,3,Alcaraz C.,Virtanen O.,2,130,Completed,1.01,21,,,1.03,23,1.02,14.85,file
2026-04-14,Barcelona Open,ATP500,Outdoor,Clay,1st Round,3,De Minaur A.,Ofner S.,7,86,Completed,1.17,5,,,1.19,5.5,1.17,4.89,file
2026-04-14,Barcelona Open,ATP500,Outdoor,Clay,1st Round,3,Fils A.,Atmane T.,30,41,Completed,1.17,5,,,1.18,5,1.17,4.85,file
2026-04-14,Barcelona Open,ATP500,Outdoor,Clay,1st Round,3,Machac T.,Baez S.,47,57,Completed,1.57,2.38,,,1.67,2.38,1.61,2.26,file
2026-04-14,Barcelona Open,ATP500,Outdoor,Clay,1st Round,3,Musetti L.,Landaluce M.,9,101,Completed,1.22,4.33,,,1.25,4.6,1.22,4.14,file
2026-04-14,Barcelona Open,ATP500,Outdoor,Clay,1st Round,3,Nakashima B.,Cerundolo J.M.,33,69,Completed,2,1.8,,,2.1,1.83,2.01,1.77,file
2026-04-14,Barcelona Open,ATP500,Outdoor,Clay,1st Round,3,Rublev A.,Navone M.,15,44,Completed,1.57,2.38,,,1.67,2.38,1.63,2.22,file
2026-04-14,Barcelona Open,ATP500,Outdoor,Clay,1st Round,3,Sonego L.,Martinez P.,66,125,Completed,2.75,1.44,,,2.75,1.5,2.6,1.48,file
2026-04-14,Barcelona Open,ATP500,Outdoor,Clay,1st Round,3,Ugo Carabelli C.,Khachanov K.,64,14,Completed,2.5,1.53,,,2.6,1.62,2.39,1.55,file
2026-04-15,BMW Open,ATP500,Outdoor,Clay,2nd Round,3,Cobolli F.,Bergs Z.,16,40,Completed,1.57,2.38,,,1.67,2.38,1.62,2.24,file
2026-04-15,BMW Open,ATP500,Outdoor,Clay,2nd Round,3,Fonseca J.,Rinderknech A.,35,26,Completed,1.3,3.5,,,1.33,3.5,1.3,3.39,file
2026-04-15,BMW Open,ATP500,Outdoor,Clay,2nd Round,3,Kopriva V.,Darderi L.,77,21,Completed,3.4,1.33,,,3.4,1.4,3.19,1.34,file
2026-04-15,BMW Open,ATP500,Outdoor,Clay,1st Round,3,Marozsan F.,Tsitsipas S.,42,67,Completed,2.3,1.62,,,2.38,1.67,2.27,1.6,file
2026-04-15,BMW Open,ATP500,Outdoor,Clay,2nd Round,3,Shelton B.,Blockx A.,6,71,Completed,1.73,2.1,,,1.73,2.25,1.66,2.18,file
2026-04-15,Barcelona Open,ATP500,Outdoor,Clay,2nd Round,3,Borges N.,Etcheverry T.,52,29,Completed,3.5,1.3,,,3.5,1.33,3.35,1.31,file
2026-04-15,Barcelona Open,ATP500,Outdoor,Clay,2nd Round,3,Jodar R.,Ugo Carabelli C.,55,64,Completed,1.2,4.5,,,1.22,4.6,1.2,4.32,file
2026-04-15,Barcelona Open,ATP500,Outdoor,Clay,2nd Round,3,Medjedovic H.,De Minaur A.,88,7,Completed,3.5,1.3,,,3.5,1.4,3.09,1.35,file
2026-04-15,Barcelona Open,ATP500,Outdoor,Clay,2nd Round,3,Norrie C.,Quinn E.,24,50,Completed,1.5,2.63,,,1.53,2.65,1.5,2.54,file
2026-04-16,BMW Open,ATP500,Outdoor,Clay,2nd Round,3,Cerundolo F.,Van De Zandschulp B.,19,49,Completed,1.3,3.5,,,1.33,3.5,1.31,3.38,file
2026-04-16,BMW Open,ATP500,Outdoor,Clay,2nd Round,3,Molcan A.,Altmaier D.,166,56,Completed,2.2,1.67,,,2.2,1.74,2.11,1.7,file
2026-04-16,BMW Open,ATP500,Outdoor,Clay,2nd Round,3,Shapovalov D.,Marozsan F.,39,42,Completed,2.1,1.73,,,2.15,1.75,2.08,1.72,file
2026-04-16,BMW Open,ATP500,Outdoor,Clay,2nd Round,3,Zverev A.,Diallo G.,3,37,Completed,1.07,9,,,1.08,9,1.07,7.9,file
2026-04-16,Barcelona Open,ATP500,Outdoor,Clay,2nd Round,3,Fils A.,Nakashima B.,30,33,Completed,1.29,3.75,,,1.3,4.33,1.27,3.67,file
2026-04-16,Barcelona Open,ATP500,Outdoor,Clay,2nd Round,3,Machac T.,Alcaraz C.,47,2,Walkover,4.5,1.2,,,7,1.22,5.58,1.14,file
2026-04-16,Barcelona Open,ATP500,Outdoor,Clay,2nd Round,3,Musetti L.,Moutet C.,9,31,Completed,1.25,4,,,1.3,4,1.25,3.76,file
2026-04-16,Barcelona Open,ATP500,Outdoor,Clay,2nd Round,3,Rublev A.,Sonego L.,15,66,Completed,1.25,4,,,1.26,4.2,1.25,3.86,file
2026-04-17,BMW Open,ATP500,Outdoor,Clay,Quarterfinals,3,Cobolli F.,Kopriva V.,16,77,Completed,1.4,3,,,1.4,3.15,1.36,3.01,file
2026-04-17,BMW Open,ATP500,Outdoor,Clay,Quarterfinals,3,Molcan A.,Shapovalov D.,166,39,Completed,2.2,1.67,,,2.2,1.8,2.12,1.7,file
2026-04-17,BMW Open,ATP500,Outdoor,Clay,Quarterfinals,3,Shelton B.,Fonseca J.,6,35,Completed,2.75,1.44,,,2.75,1.49,2.69,1.44,file
2026-04-17,BMW Open,ATP500,Outdoor,Clay,Quarterfinals,3,Zverev A.,Cerundolo F.,3,19,Completed,1.36,3.2,,,1.4,3.25,1.35,3.08,file
2026-04-17,Barcelona Open,ATP500,Outdoor,Clay,Quarterfinals,3,Fils A.,Musetti L.,30,9,Completed,1.91,1.91,,,1.93,1.91,1.88,1.88,file
2026-04-17,Barcelona Open,ATP500,Outdoor,Clay,Quarterfinals,3,Jodar R.,Norrie C.,55,24,Completed,1.3,3.5,,,1.33,3.6,1.31,3.33,file
2026-04-17,Barcelona Open,ATP500,Outdoor,Clay,Quarterfinals,3,Medjedovic H.,Borges N.,88,52,Completed,1.44,2.75,,,1.52,2.75,1.47,2.64,file
2026-04-17,Barcelona Open,ATP500,Outdoor,Clay,Quarterfinals,3,Rublev A.,Machac T.,15,47,Completed,1.62,2.3,,,1.68,2.32,1.64,2.22,file
2026-04-18,BMW Open,ATP500,Outdoor,Clay,Semifinals,3,Cobolli F.,Zverev A.,16,3,Completed,5,1.17,,,5,1.2,4.71,1.18,file
2026-04-18,BMW Open,ATP500,Outdoor,Clay,Semifinals,3,Shelton B.,Molcan A.,6,166,Completed,1.44,2.75,,,1.44,3.5,1.36,3.07,file
2026-04-18,Barcelona Open,ATP500,Outdoor,Clay,Semifinals,3,Fils A.,Jodar R.,30,55,Completed,1.62,2.3,,,1.63,2.38,1.59,2.29,file
2026-04-18,Barcelona Open,ATP500,Outdoor,Clay,Semifinals,3,Rublev A.,Medjedovic H.,15,88,Completed,1.53,2.5,,,1.57,2.5,1.54,2.42,file
2026-04-19,BMW Open,ATP500,Outdoor,Clay,The Final,3,Shelton B.,Cobolli F.,6,16,Completed,1.91,1.91,,,2,2.03,1.88,1.87,file
2026-04-19,Barcelona Open,ATP500,Outdoor,Clay,The Final,3,Fils A.,Rublev A.,30,15,Completed,1.4,3,,,1.42,3.05,1.39,2.91,file
2026-04-22,Mutua Madrid Open,Masters 1000,Outdoor,Clay,1st Round,3,Bonzi B.,Droguet T.,104,113,Completed,2.2,1.67,,,2.2,1.7,2.15,1.68,file
2026-04-22,Mutua Madrid Open,Masters 1000,Outdoor,Clay,1st Round,3,Buse I.,Mannarino A.,58,46,Completed,1.14,5.5,,,1.18,6,1.15,5.22,file
2026-04-22,Mutua Madrid Open,Masters 1000,Outdoor,Clay,1st Round,3,Cilic M.,Bergs Z.,51,44,Completed,2,1.8,,,2,1.91,1.94,1.84,file
2026-04-22,Mutua Madrid Open,Masters 1000,Outdoor,Clay,1st Round,3,Dzumhur D.,Bellucci M.,84,78,Completed,2,1.8,,,2.1,1.83,2.02,1.76,file
2026-04-22,Mutua Madrid Open,Masters 1000,Outdoor,Clay,1st Round,3,Hurkacz H.,Faria J.,63,136,Completed,1.36,3.2,,,1.37,3.25,1.35,3.13,file
2026-04-22,Mutua Madrid Open,Masters 1000,Outdoor,Clay,1st Round,3,Jodar R.,De Jong J.,42,109,Completed,1.17,5,,,1.17,5.5,1.15,5.1,file
2026-04-22,Mutua Madrid Open,Masters 1000,Outdoor,Clay,1st Round,3,Kopriva V.,Zhang Zh.,66,245,Completed,2,1.8,,,2.1,1.93,1.94,1.82,file
2026-04-22,Mutua Madrid Open,Masters 1000,Outdoor,Clay,1st Round,3,Lajovic D.,Sonego L.,138,62,Completed,1.67,2.2,,,1.73,2.2,1.68,2.15,file
2026-04-22,Mutua Madrid Open,Masters 1000,Outdoor,Clay,1st Round,3,Machac T.,Comesana F.,41,105,Completed,1.4,3,,,1.46,3,1.41,2.81,file
2026-04-22,Mutua Madrid Open,Masters 1000,Outdoor,Clay,1st Round,3,Moller E.,Cina F.,169,205,Completed,1.57,2.38,,,1.62,2.5,1.56,2.37,file
2026-04-22,Mutua Madrid Open,Masters 1000,Outdoor,Clay,1st Round,3,Nava E.,Brooksby J.,116,61,Completed,1.5,2.63,,,1.53,2.75,1.48,2.6,file
2026-04-22,Mutua Madrid Open,Masters 1000,Outdoor,Clay,1st Round,3,Ofner S.,Basilashvili N.,83,120,Completed,1.57,2.38,,,1.62,2.4,1.56,2.37,file
2026-04-22,Mutua Madrid Open,Masters 1000,Outdoor,Clay,1st Round,3,Prizmic D.,Berrettini M.,87,92,Completed,2.5,1.53,,,2.5,1.73,2.21,1.64,file
2026-04-22,Mutua Madrid Open,Masters 1000,Outdoor,Clay,1st Round,3,Struff J.L.,Muller A.,81,95,Completed,2.5,1.53,,,2.5,1.65,2.32,1.59,file
2026-04-22,Mutua Madrid Open,Masters 1000,Outdoor,Clay,1st Round,3,Tabilo A.,Royer V.,43,72,Completed,1.3,3.5,,,1.36,3.5,1.33,3.28,file
2026-04-22,Mutua Madrid Open,Masters 1000,Outdoor,Clay,1st Round,3,Tirante T.A.,Bautista Agut R.,75,93,Completed,1.44,2.75,,,1.57,2.75,1.49,2.57,file
2026-04-23,Mutua Madrid Open,Masters 1000,Outdoor,Clay,1st Round,3,Atmane T.,Kecmanovic M.,47,65,Completed,2,1.8,,,2.1,1.85,1.99,1.79,file
2026-04-23,Mutua Madrid Open,Masters 1000,Outdoor,Clay,1st Round,3,Blockx A.,Garin C.,69,85,Completed,1.67,2.2,,,1.67,2.38,1.61,2.27,file
2026-04-23,Mutua Madrid Open,Masters 1000,Outdoor,Clay,1st Round,3,Budkov Kjaer N.,Opelka R.,140,70,Retired,1.91,1.91,,,2.15,1.91,1.96,1.81,file
2026-04-23,Mutua Madrid Open,Masters 1000,Outdoor,Clay,1st Round,3,Carreno Busta P.,Fucsovics M.,94,54,Completed,1.8,2,,,1.91,2,1.82,1.95,file
2026-04-23,Mutua Madrid Open,Masters 1000,Outdoor,Clay,1st Round,3,Cerundolo J.M.,Altmaier D.,67,55,Completed,1.67,2.2,,,1.7,2.25,1.65,2.2,file
2026-04-23,Mutua Madrid Open,Masters 1000,Outdoor,Clay,1st Round,3,Damm M.,Popyrin A.,126,56,Completed,2.63,1.5,,,2.75,1.53,2.53,1.5,file
2026-04-23,Mutua Madrid Open,Masters 1000,Outdoor,Clay,1st Round,3,Gaubas V.,Baez S.,124,64,Completed,3.2,1.36,,,3.25,1.4,3.06,1.36,file
2026-04-23,Mutua Madrid Open,Masters 1000,Outdoor,Clay,1st Round,3,Hanfmann Y.,Giron M.,60,76,Completed,1.36,3.2,,,1.38,3.3,1.35,3.11,file
2026-04-23,Mutua Madrid Open,Masters 1000,Outdoor,Clay,1st Round,3,Marozsan F.,Quinn E.,50,48,Completed,1.73,2.1,,,1.73,2.2,1.69,2.13,file
2026-04-23,Mutua Madrid Open,Masters 1000,Outdoor,Clay,1st Round,3,Merida Aguilar D.,Trungelliti M.,102,77,Completed,1.67,2.2,,,1.7,2.3,1.64,2.21,file
2026-04-23,Mutua Madrid Open,Masters 1000,Outdoor,Clay,1st Round,3,Munar J.,Shevchenko A.,38,82,Completed,1.44,2.75,,,1.47,2.85,1.43,2.74,file
2026-04-23,Mutua Madrid Open,Masters 1000,Outdoor,Clay,1st Round,3,Navone M.,Borges N.,45,49,Completed,1.53,2.5,,,1.56,2.7,1.5,2.54,file
2026-04-23,Mutua Madrid Open,Masters 1000,Outdoor,Clay,1st Round,3,Tsitsipas S.,Kypson P.,80,90,Completed,1.36,3.2,,,1.37,3.25,1.36,3.07,file
2026-04-23,Mutua Madrid Open,Masters 1000,Outdoor,Clay,1st Round,3,Ugo Carabelli C.,Monfils G.,57,200,Completed,1.5,2.63,,,1.53,2.63,1.51,2.52,file
2026-04-23,Mutua Madrid Open,Masters 1000,Outdoor,Clay,1st Round,3,Vallejo D.,Dimitrov G.,96,137,Completed,1.91,1.91,,,2.06,1.91,1.9,1.87,file
2026-04-23,Mutua Madrid Open,Masters 1000,Outdoor,Clay,1st Round,3,Walton A.,Landaluce M.,117,99,Completed,4.5,1.2,,,4.8,1.23,4.39,1.2,file
2026-04-24,Mutua Madrid Open,Masters 1000,Outdoor,Clay,2nd Round,3,Etcheverry T.,Ofner S.,29,83,Completed,1.57,2.38,,,1.57,2.5,1.55,2.41,file
2026-04-24,Mutua Madrid Open,Masters 1000,Outdoor,Clay,2nd Round,3,Fils A.,Buse I.,25,58,Completed,1.14,5.5,,,1.17,5.5,1.15,5.31,file
2026-04-24,Mutua Madrid Open,Masters 1000,Outdoor,Clay,2nd Round,3,Fonseca J.,Cilic M.,31,51,Walkover,1.25,4,,,1.25,4.2,1.24,3.96,file
2026-04-24,Mutua Madrid Open,Masters 1000,Outdoor,Clay,2nd Round,3,Griekspoor T.,Dzumhur D.,33,84,Completed,1.53,2.5,,,1.55,2.63,1.52,2.5,file
2026-04-24,Mutua Madrid Open,Masters 1000,Outdoor,Clay,2nd Round,3,Jodar R.,De Minaur A.,42,8,Completed,2.1,1.73,,,2.1,1.83,2.02,1.77,file
2026-04-24,Mutua Madrid Open,Masters 1000,Outdoor,Clay,2nd Round,3,Kopriva V.,Rublev A.,66,12,Completed,3.5,1.3,,,3.75,1.3,3.51,1.29,file
2026-04-24,Mutua Madrid Open,Masters 1000,Outdoor,Clay,2nd Round,3,Lehecka J.,Tabilo A.,14,43,Completed,1.62,2.3,,,1.73,2.3,1.65,2.22,file
2026-04-24,Mutua Madrid Open,Masters 1000,Outdoor,Clay,2nd Round,3,Michelsen A.,Struff J.L.,37,81,Completed,2.1,1.73,,,2.2,1.73,2.15,1.68,file
2026-04-24,Mutua Madrid Open,Masters 1000,Outdoor,Clay,2nd Round,3,Moller E.,Diallo G.,169,36,Retired,2.2,1.67,,,2.3,1.67,2.22,1.63,file
2026-04-24,Mutua Madrid Open,Masters 1000,Outdoor,Clay,2nd Round,3,Musetti L.,Hurkacz H.,9,63,Completed,1.53,2.5,,,1.57,2.5,1.55,2.4,file
2026-04-24,Mutua Madrid Open,Masters 1000,Outdoor,Clay,2nd Round,3,Nava E.,Vacherot V.,116,17,Completed,3.75,1.29,,,3.75,1.33,3.58,1.29,file
2026-04-24,Mutua Madrid Open,Masters 1000,Outdoor,Clay,2nd Round,3,Norrie C.,Machac T.,23,41,Completed,2.2,1.67,,,2.2,1.73,2.15,1.67,file
2026-04-24,Mutua Madrid Open,Masters 1000,Outdoor,Clay,2nd Round,3,Prizmic D.,Shelton B.,87,6,Completed,2.75,1.44,,,2.8,1.5,2.67,1.46,file
2026-04-24,Mutua Madrid Open,Masters 1000,Outdoor,Clay,2nd Round,3,Rinderknech A.,Lajovic D.,26,138,Completed,1.57,2.38,,,1.6,2.43,1.57,2.37,file
2026-04-24,Mutua Madrid Open,Masters 1000,Outdoor,Clay,2nd Round,3,Sinner J.,Bonzi B.,1,104,Completed,,34,,,1.02,51,1.01,25.17,file
2026-04-24,Mutua Madrid Open,Masters 1000,Outdoor,Clay,2nd Round,3,Tirante T.A.,Paul T.,75,18,Completed,2.75,1.44,,,3,1.44,2.88,1.4,file
2026-04-25,Mutua Madrid Open,Masters 1000,Outdoor,Clay,2nd Round,3,Atmane T.,Humbert U.,47,34,Completed,1.62,2.3,,,1.7,2.75,1.61,2.29,file
2026-04-25,Mutua Madrid Open,Masters 1000,Outdoor,Clay,2nd Round,3,Auger-Aliassime F.,Gaubas V.,5,124,Completed,1.25,4,,,1.29,4,1.26,3.76,file
2026-04-25,Mutua Madrid Open,Masters 1000,Outdoor,Clay,2nd Round,3,Blockx A.,Nakashima B.,69,32,Completed,1.62,2.3,,,1.67,2.3,1.62,2.23,file
2026-04-25,Mutua Madrid Open,Masters 1000,Outdoor,Clay,2nd Round,3,Budkov Kjaer N.,Shapovalov D.,140,35,Completed,2.1,1.73,,,2.3,1.8,2.14,1.68,file
2026-04-25,Mutua Madrid Open,Masters 1000,Outdoor,Clay,2nd Round,3,Cerundolo F.,Hanfmann Y.,20,60,Completed,1.36,3.2,,,1.37,3.3,1.35,3.1,file
2026-04-25,Mutua Madrid Open,Masters 1000,Outdoor,Clay,2nd Round,3,Cobolli F.,Ugo Carabelli C.,13,57,Completed,1.44,2.75,,,1.45,2.9,1.42,2.81,file
2026-04-25,Mutua Madrid Open,Masters 1000,Outdoor,Clay,2nd Round,3,Darderi L.,Cerundolo J.M.,22,67,Completed,1.57,2.38,,,1.62,2.43,1.57,2.33,file
2026-04-25,Mutua Madrid Open,Masters 1000,Outdoor,Clay,2nd Round,3,Davidovich Fokina A.,Carreno Busta P.,24,94,Completed,1.44,2.75,,,1.5,2.8,1.45,2.7,file
2026-04-25,Mutua Madrid Open,Masters 1000,Outdoor,Clay,2nd Round,3,Khachanov K.,Walton A.,16,117,Completed,1.2,4.5,,,1.21,4.6,1.2,4.35,file
2026-04-25,Mutua Madrid Open,Masters 1000,Outdoor,Clay,2nd Round,3,Medvedev D.,Marozsan F.,10,50,Completed,1.62,2.3,,,1.63,2.3,1.62,2.25,file
2026-04-25,Mutua Madrid Open,Masters 1000,Outdoor,Clay,2nd Round,3,Mensik J.,Damm M.,27,126,Completed,1.3,3.5,,,1.33,3.75,1.3,3.45,file
2026-04-25,Mutua Madrid Open,Masters 1000,Outdoor,Clay,2nd Round,3,Merida Aguilar D.,Moutet C.,102,30,Completed,2.75,1.44,,,2.75,1.57,2.59,1.48,file
2026-04-25,Mutua Madrid Open,Masters 1000,Outdoor,Clay,2nd Round,3,Ruud C.,Munar J.,15,38,Completed,1.3,3.5,,,1.43,3.5,1.36,3.08,file
2026-04-25,Mutua Madrid Open,Masters 1000,Outdoor,Clay,2nd Round,3,Tsitsipas S.,Bublik A.,80,11,Completed,1.17,5,,,1.17,7,1.14,5.26,file
2026-04-25,Mutua Madrid Open,Masters 1000,Outdoor,Clay,2nd Round,3,Vallejo D.,Tien L.,96,21,Completed,1.62,2.3,,,1.67,2.3,1.64,2.21,file
2026-04-25,Mutua Madrid Open,Masters 1000,Outdoor,Clay,2nd Round,3,Zverev A.,Navone M.,3,45,Completed,1.22,4.33,,,1.24,4.5,1.21,4.24,file
2026-04-26,Mutua Madrid Open,Masters 1000,Outdoor,Clay,3rd Round,3,Etcheverry T.,Prizmic D.,29,87,Completed,1.8,2,,,1.8,2.05,1.76,2.01,file
2026-04-26,Mutua Madrid Open,Masters 1000,Outdoor,Clay,3rd Round,3,Fils A.,Nava E.,25,116,Completed,1.14,5.5,,,1.14,6,1.13,5.54,file
2026-04-26,Mutua Madrid Open,Masters 1000,Outdoor,Clay,3rd Round,3,Jodar R.,Fonseca J.,42,31,Completed,1.67,2.2,,,1.73,2.2,1.7,2.11,file
2026-04-26,Mutua Madrid Open,Masters 1000,Outdoor,Clay,3rd Round,3,Kopriva V.,Rinderknech A.,66,26,Retired,2.2,1.67,,,2.2,1.75,2.13,1.69,file
2026-04-26,Mutua Madrid Open,Masters 1000,Outdoor,Clay,3rd Round,3,Lehecka J.,Michelsen A.,14,37,Completed,1.36,3.2,,,1.36,3.4,1.34,3.2,file
2026-04-26,Mutua Madrid Open,Masters 1000,Outdoor,Clay,3rd Round,3,Musetti L.,Griekspoor T.,9,33,Completed,1.25,4,,,1.25,4.5,1.22,4.11,file
2026-04-26,Mutua Madrid Open,Masters 1000,Outdoor,Clay,3rd Round,3,Norrie C.,Tirante T.A.,23,75,Completed,1.73,2.1,,,1.85,2.1,1.76,2.01,file
2026-04-26,Mutua Madrid Open,Masters 1000,Outdoor,Clay,3rd Round,3,Sinner J.,Moller E.,1,169,Completed,1.01,29,,,1.02,34,1.01,19.27,file
2026-04-27,Mutua Madrid Open,Masters 1000,Outdoor,Clay,3rd Round,3,Blockx A.,Auger-Aliassime F.,69,5,Completed,3.5,1.3,,,3.5,1.34,3.3,1.32,file
2026-04-27,Mutua Madrid Open,Masters 1000,Outdoor,Clay,3rd Round,3,Cerundolo F.,Darderi L.,20,22,Completed,1.44,2.75,,,1.5,2.75,1.45,2.69,file
2026-04-27,Mutua Madrid Open,Masters 1000,Outdoor,Clay,3rd Round,3,Cobolli F.,Vallejo D.,13,96,Completed,1.44,2.75,,,1.46,2.9,1.42,2.8,file
2026-04-27,Mutua Madrid Open,Masters 1000,Outdoor,Clay,3rd Round,3,Medvedev D.,Budkov Kjaer N.,10,140,Completed,1.3,3.5,,,1.33,3.75,1.3,3.42,file
2026-04-27,Mutua Madrid Open,Masters 1000,Outdoor,Clay,3rd Round,3,Mensik J.,Khachanov K.,27,16,Completed,1.44,2.75,,,1.44,3.5,1.39,2.9,file
2026-04-27,Mutua Madrid Open,Masters 1000,Outdoor,Clay,3rd Round,3,Ruud C.,Davidovich Fokina A.,15,24,Completed,1.36,3.2,,,1.4,3.25,1.35,3.11,file
2026-04-27,Mutua Madrid Open,Masters 1000,Outdoor,Clay,3rd Round,3,Tsitsipas S.,Merida Aguilar D.,80,102,Completed,1.4,3,,,1.44,3,1.41,2.82,file
2026-04-27,Mutua Madrid Open,Masters 1000,Outdoor,Clay,3rd Round,3,Zverev A.,Atmane T.,3,47,Completed,1.14,5.5,,,1.15,5.5,1.14,5.29,file
2026-04-28,Mutua Madrid Open,Masters 1000,Outdoor,Clay,4th Round,3,Blockx A.,Cerundolo F.,69,20,Completed,3,1.4,,,3.3,1.44,2.95,1.39,file
2026-04-28,Mutua Madrid Open,Masters 1000,Outdoor,Clay,4th Round,3,Cobolli F.,Medvedev D.,13,10,Completed,1.91,1.91,,,2.1,1.91,1.97,1.82,file
2026-04-28,Mutua Madrid Open,Masters 1000,Outdoor,Clay,4th Round,3,Fils A.,Etcheverry T.,25,29,Completed,1.3,3.5,,,1.33,3.6,1.31,3.4,file
2026-04-28,Mutua Madrid Open,Masters 1000,Outdoor,Clay,4th Round,3,Jodar R.,Kopriva V.,42,66,Completed,1.17,5,,,1.19,5.5,1.17,4.89,file
2026-04-28,Mutua Madrid Open,Masters 1000,Outdoor,Clay,4th Round,3,Lehecka J.,Musetti L.,14,9,Completed,2.5,1.53,,,2.5,1.62,2.35,1.57,file
2026-04-28,Mutua Madrid Open,Masters 1000,Outdoor,Clay,4th Round,3,Ruud C.,Tsitsipas S.,15,80,Completed,1.36,3.2,,,1.38,3.3,1.36,3.1,file
2026-04-28,Mutua Madrid Open,Masters 1000,Outdoor,Clay,4th Round,3,Sinner J.,Norrie C.,1,23,Completed,1.02,19,,,1.03,26,1.02,15.18,file
2026-04-28,Mutua Madrid Open,Masters 1000,Outdoor,Clay,4th Round,3,Zverev A.,Mensik J.,3,27,Completed,1.44,2.75,,,1.5,3.25,1.44,2.73,file
2026-04-29,Mutua Madrid Open,Masters 1000,Outdoor,Clay,Quarterfinals,3,Fils A.,Lehecka J.,25,14,Completed,1.22,4.33,,,1.22,5.5,1.18,4.6,file
2026-04-29,Mutua Madrid Open,Masters 1000,Outdoor,Clay,Quarterfinals,3,Sinner J.,Jodar R.,1,42,Completed,1.14,5.5,,,1.18,5.5,1.15,5.13,file
2026-04-30,Mutua Madrid Open,Masters 1000,Outdoor,Clay,Quarterfinals,3,Blockx A.,Ruud C.,69,15,Completed,3.5,1.3,,,3.5,1.36,3.3,1.32,file
2026-04-30,Mutua Madrid Open,Masters 1000,Outdoor,Clay,Quarterfinals,3,Zverev A.,Cobolli F.,3,13,Completed,1.06,10,,,1.1,12,1.06,9.25,file
2026-05-01,Mutua Madrid Open,Masters 1000,Outdoor,Clay,Semifinals,3,Sinner J.,Fils A.,1,25,Completed,1.13,6,,,1.17,6.5,1.15,5.28,file
2026-05-01,Mutua Madrid Open,Masters 1000,Outdoor,Clay,Semifinals,3,Zverev A.,Blockx A.,3,69,Completed,1.22,4.33,,,1.25,4.5,1.22,4.12,file
2026-05-03,Mutua Madrid Open,Masters 1000,Outdoor,Clay,The Final,3,Sinner J.,Zverev A.,1,3,Completed,1.14,5.5,,,1.2,5.5,1.16,5.12,file
2026-05-06,Internazionali BNL d'Italia,Masters 1000,Outdoor,Clay,1st Round,3,Altmaier D.,Zhang Zh.,64,239,Completed,1.57,2.38,,,1.57,2.5,1.54,2.41,file
2026-05-06,Internazionali BNL d'Italia,Masters 1000,Outdoor,Clay,1st Round,3,Arnaldi M.,Munar J.,106,38,Completed,1.67,2.2,,,1.73,2.25,1.66,2.19,file
2026-05-06,Internazionali BNL d'Italia,Masters 1000,Outdoor,Clay,1st Round,3,Baez S.,Brooksby J.,65,63,Completed,1.25,4,,,1.29,4,1.26,3.75,file
2026-05-06,Internazionali BNL d'Italia,Masters 1000,Outdoor,Clay,1st Round,3,Borges N.,De Jong J.,52,102,Completed,1.62,2.3,,,1.8,2.3,1.72,2.07,file
2026-05-06,Internazionali BNL d'Italia,Masters 1000,Outdoor,Clay,1st Round,3,Dzumhur D.,Mannarino A.,87,45,Completed,1.3,3.5,,,1.33,3.75,1.29,3.49,file
2026-05-06,Internazionali BNL d'Italia,Masters 1000,Outdoor,Clay,1st Round,3,Hanfmann Y.,Hurkacz H.,59,53,Completed,2.75,1.44,,,3,1.45,2.74,1.43,file
2026-05-06,Internazionali BNL d'Italia,Masters 1000,Outdoor,Clay,1st Round,3,Kopriva V.,Marozsan F.,55,49,Completed,2.3,1.62,,,2.38,1.67,2.28,1.6,file
2026-05-06,Internazionali BNL d'Italia,Masters 1000,Outdoor,Clay,1st Round,3,Shevchenko A.,Ugo Carabelli C.,85,61,Completed,3,1.4,,,3,1.44,2.82,1.41,file
2026-05-06,Internazionali BNL d'Italia,Masters 1000,Outdoor,Clay,1st Round,3,Struff J.L.,Comesana F.,302,114,Completed,2.75,1.44,,,2.8,1.5,2.69,1.45,file
2026-05-06,Internazionali BNL d'Italia,Masters 1000,Outdoor,Clay,1st Round,3,Svajda Z.,Trungelliti M.,90,78,Completed,3.5,1.3,,,3.5,1.36,3.18,1.34,file
2026-05-06,Internazionali BNL d'Italia,Masters 1000,Outdoor,Clay,1st Round,3,Tabilo A.,Carreno Busta P.,35,91,Completed,1.4,3,,,1.45,3,1.42,2.78,file
2026-05-06,Internazionali BNL d'Italia,Masters 1000,Outdoor,Clay,1st Round,3,Van De Zandschulp B.,Muller A.,54,105,Completed,1.67,2.2,,,1.67,2.28,1.65,2.2,file
2026-05-06,Internazionali BNL d'Italia,Masters 1000,Outdoor,Clay,1st Round,3,Vukic A.,Kypson P.,99,89,Completed,3.75,1.29,,,4,1.29,3.73,1.27,file
2026-05-07,Internazionali BNL d'Italia,Masters 1000,Outdoor,Clay,1st Round,3,Atmane T.,Bergs Z.,51,39,Completed,2.1,1.73,,,2.15,1.8,2.07,1.74,file
2026-05-07,Internazionali BNL d'Italia,Masters 1000,Outdoor,Clay,1st Round,3,Basilashvili N.,Merida Aguilar D.,117,86,Completed,2.3,1.62,,,2.38,1.8,2.29,1.6,file
2026-05-07,Internazionali BNL d'Italia,Masters 1000,Outdoor,Clay,1st Round,3,Bautista Agut R.,Maestrelli F.,98,112,Completed,1.62,2.3,,,1.62,2.45,1.56,2.38,file
2026-05-07,Internazionali BNL d'Italia,Masters 1000,Outdoor,Clay,1st Round,3,Bellucci M.,Burruchaga R.,80,56,Completed,3.5,1.3,,,3.5,1.42,3.06,1.36,file
2026-05-07,Internazionali BNL d'Italia,Masters 1000,Outdoor,Clay,1st Round,3,Blockx A.,Cina F.,36,225,Completed,1.2,4.5,,,1.24,4.5,1.21,4.24,file
2026-05-07,Internazionali BNL d'Italia,Masters 1000,Outdoor,Clay,1st Round,3,Buse I.,Sonego L.,62,66,Completed,1.57,2.38,,,1.62,2.38,1.58,2.31,file
2026-05-07,Internazionali BNL d'Italia,Masters 1000,Outdoor,Clay,1st Round,3,Cilic M.,Giron M.,47,77,Completed,1.62,2.3,,,1.62,2.3,1.61,2.26,file
2026-05-07,Internazionali BNL d'Italia,Masters 1000,Outdoor,Clay,1st Round,3,Garin C.,Cerundolo J.M.,104,72,Completed,1.67,2.2,,,1.67,2.25,1.65,2.19,file
2026-05-07,Internazionali BNL d'Italia,Masters 1000,Outdoor,Clay,1st Round,3,Kecmanovic M.,Svrcina D.,70,116,Completed,1.91,1.91,,,1.91,2,1.85,1.91,file
2026-05-07,Internazionali BNL d'Italia,Masters 1000,Outdoor,Clay,1st Round,3,Llamas Ruiz P.,Quinn E.,139,48,Completed,1.8,2,,,1.8,2.1,1.77,2.01,file
2026-05-07,Internazionali BNL d'Italia,Masters 1000,Outdoor,Clay,1st Round,3,Machac T.,Tsitsipas S.,41,75,Completed,2.38,1.57,,,2.4,1.67,2.26,1.61,file
2026-05-07,Internazionali BNL d'Italia,Masters 1000,Outdoor,Clay,1st Round,3,Medjedovic H.,Royer V.,67,71,Completed,1.33,3.4,,,1.33,3.75,1.3,3.39,file
2026-05-07,Internazionali BNL d'Italia,Masters 1000,Outdoor,Clay,1st Round,3,Mpetshi G.,Fearnley J.,58,123,Completed,2.38,1.57,,,2.43,1.6,2.36,1.56,file
2026-05-07,Internazionali BNL d'Italia,Masters 1000,Outdoor,Clay,1st Round,3,Navone M.,Shapovalov D.,44,37,Completed,1.5,2.63,,,1.53,2.75,1.48,2.6,file
2026-05-07,Internazionali BNL d'Italia,Masters 1000,Outdoor,Clay,1st Round,3,Ofner S.,Michelsen A.,82,42,Completed,1.57,2.38,,,1.57,2.45,1.55,2.39,file
2026-05-07,Internazionali BNL d'Italia,Masters 1000,Outdoor,Clay,1st Round,3,Pellegrino A.,Nardi L.,155,151,Completed,1.62,2.3,,,1.64,2.3,1.61,2.25,file
2026-05-07,Internazionali BNL d'Italia,Masters 1000,Outdoor,Clay,1st Round,3,Popyrin A.,Berrettini M.,60,100,Completed,2.75,1.44,,,2.75,1.53,2.67,1.46,file
2026-05-07,Internazionali BNL d'Italia,Masters 1000,Outdoor,Clay,1st Round,3,Prizmic D.,Fucsovics M.,79,57,Completed,1.29,3.75,,,1.3,3.75,1.29,3.51,file
2026-05-07,Internazionali BNL d'Italia,Masters 1000,Outdoor,Clay,1st Round,3,Tirante T.A.,Cadenasso G.,69,196,Completed,1.44,2.75,,,1.45,2.9,1.42,2.79,file
2026-05-08,Internazionali BNL d'Italia,Masters 1000,Outdoor,Clay,2nd Round,3,Arnaldi M.,De Minaur A.,106,8,Completed,3.2,1.36,,,3.2,1.4,2.96,1.38,file
2026-05-08,Internazionali BNL d'Italia,Masters 1000,Outdoor,Clay,2nd Round,3,Blockx A.,Griekspoor T.,36,31,Completed,1.44,2.75,,,1.48,2.88,1.45,2.69,file
2026-05-08,Internazionali BNL d'Italia,Masters 1000,Outdoor,Clay,2nd Round,3,Bublik A.,Baez S.,11,65,Completed,1.67,2.2,,,1.68,2.3,1.64,2.22,file
2026-05-08,Internazionali BNL d'Italia,Masters 1000,Outdoor,Clay,2nd Round,3,Cerundolo F.,Tabilo A.,27,35,Completed,1.62,2.3,,,1.67,2.4,1.6,2.28,file
2026-05-08,Internazionali BNL d'Italia,Masters 1000,Outdoor,Clay,2nd Round,3,Darderi L.,Hanfmann Y.,20,59,Completed,1.44,2.75,,,1.53,2.75,1.49,2.57,file
2026-05-08,Internazionali BNL d'Italia,Masters 1000,Outdoor,Clay,2nd Round,3,Humbert U.,Kopriva V.,33,55,Completed,2.75,1.44,,,2.9,1.44,2.8,1.41,file
2026-05-08,Internazionali BNL d'Italia,Masters 1000,Outdoor,Clay,2nd Round,3,Jodar R.,Borges N.,34,52,Completed,1.22,4.33,,,1.24,4.5,1.22,4.13,file
2026-05-08,Internazionali BNL d'Italia,Masters 1000,Outdoor,Clay,2nd Round,3,Khachanov K.,Shevchenko A.,15,85,Completed,1.4,3,,,1.4,3.1,1.38,2.96,file
2026-05-08,Internazionali BNL d'Italia,Masters 1000,Outdoor,Clay,2nd Round,3,Lehecka J.,Struff J.L.,13,302,Completed,1.25,4,,,1.26,4,1.25,3.84,file
2026-05-08,Internazionali BNL d'Italia,Masters 1000,Outdoor,Clay,2nd Round,3,Musetti L.,Mpetshi G.,10,58,Completed,1.08,8,,,1.12,8,1.1,6.52,file
2026-05-08,Internazionali BNL d'Italia,Masters 1000,Outdoor,Clay,2nd Round,3,Paul T.,Vukic A.,18,99,Completed,1.07,9,,,1.08,9.5,1.07,8.14,file
2026-05-08,Internazionali BNL d'Italia,Masters 1000,Outdoor,Clay,2nd Round,3,Prizmic D.,Djokovic N.,79,4,Completed,2.75,1.44,,,2.9,1.45,2.78,1.42,file
2026-05-08,Internazionali BNL d'Italia,Masters 1000,Outdoor,Clay,2nd Round,3,Ruud C.,Svajda Z.,25,90,Completed,1.06,10,,,1.07,13,1.06,9.33,file
2026-05-08,Internazionali BNL d'Italia,Masters 1000,Outdoor,Clay,2nd Round,3,Tien L.,Dzumhur D.,21,87,Completed,1.73,2.1,,,1.8,2.11,1.74,2.04,file
2026-05-08,Internazionali BNL d'Italia,Masters 1000,Outdoor,Clay,2nd Round,3,Van De Zandschulp B.,Kovacevic A.,54,95,Completed,1.25,4,,,1.25,4.33,1.23,3.97,file
2026-05-08,Internazionali BNL d'Italia,Masters 1000,Outdoor,Clay,2nd Round,3,Zverev A.,Altmaier D.,3,64,Completed,1.07,9,,,1.08,12,1.06,8.58,file
2026-05-09,Internazionali BNL d'Italia,Masters 1000,Outdoor,Clay,2nd Round,3,Basilashvili N.,Shelton B.,117,6,Completed,4.33,1.22,,,4.5,1.25,4.03,1.23,file
2026-05-09,Internazionali BNL d'Italia,Masters 1000,Outdoor,Clay,2nd Round,3,Bellucci M.,Etcheverry T.,80,26,Completed,3.75,1.29,,,3.75,1.34,3.46,1.3,file
2026-05-09,Internazionali BNL d'Italia,Masters 1000,Outdoor,Clay,2nd Round,3,Cobolli F.,Atmane T.,12,51,Completed,1.36,3.2,,,1.4,3.25,1.36,3.1,file
2026-05-09,Internazionali BNL d'Italia,Masters 1000,Outdoor,Clay,2nd Round,3,Davidovich Fokina A.,Garin C.,23,104,Completed,1.62,2.3,,,1.73,2.3,1.62,2.24,file
2026-05-09,Internazionali BNL d'Italia,Masters 1000,Outdoor,Clay,2nd Round,3,Landaluce M.,Cilic M.,94,47,Completed,2.5,1.53,,,2.5,1.57,2.38,1.55,file
2026-05-09,Internazionali BNL d'Italia,Masters 1000,Outdoor,Clay,2nd Round,3,Llamas Ruiz P.,Moutet C.,139,30,Completed,2.2,1.67,,,2.25,1.73,2.15,1.67,file
2026-05-09,Internazionali BNL d'Italia,Masters 1000,Outdoor,Clay,2nd Round,3,Medjedovic H.,Fonseca J.,67,29,Completed,2.75,1.44,,,2.75,1.5,2.56,1.49,file
2026-05-09,Internazionali BNL d'Italia,Masters 1000,Outdoor,Clay,2nd Round,3,Medvedev D.,Machac T.,9,41,Walkover,1.62,2.3,,,1.67,2.3,1.65,2.2,file
2026-05-09,Internazionali BNL d'Italia,Masters 1000,Outdoor,Clay,2nd Round,3,Nakashima B.,Bautista Agut R.,32,98,Completed,1.5,2.63,,,1.52,2.63,1.49,2.54,file
2026-05-09,Internazionali BNL d'Italia,Masters 1000,Outdoor,Clay,2nd Round,3,Navone M.,Auger-Aliassime F.,44,5,Completed,2.5,1.53,,,2.55,1.57,2.47,1.52,file
2026-05-09,Internazionali BNL d'Italia,Masters 1000,Outdoor,Clay,2nd Round,3,Pellegrino A.,Fils A.,155,17,Retired,9,1.07,,,10,1.08,7.87,1.07,file
2026-05-09,Internazionali BNL d'Italia,Masters 1000,Outdoor,Clay,2nd Round,3,Popyrin A.,Mensik J.,60,28,Completed,3,1.4,,,3,1.4,2.92,1.39,file
2026-05-09,Internazionali BNL d'Italia,Masters 1000,Outdoor,Clay,2nd Round,3,Rublev A.,Kecmanovic M.,14,70,Completed,1.4,3,,,1.4,3.2,1.39,2.91,file
2026-05-09,Internazionali BNL d'Italia,Masters 1000,Outdoor,Clay,2nd Round,3,Sinner J.,Ofner S.,1,82,Completed,1.01,26,,,1.05,36,1.01,19.34,file
2026-05-09,Internazionali BNL d'Italia,Masters 1000,Outdoor,Clay,2nd Round,3,Tiafoe F.,Buse I.,22,62,Completed,2.1,1.73,,,2.29,1.75,2.15,1.68,file
2026-05-09,Internazionali BNL d'Italia,Masters 1000,Outdoor,Clay,2nd Round,3,Tirante T.A.,Norrie C.,69,19,Completed,2.3,1.62,,,2.38,1.62,2.29,1.6,file
2026-05-10,Internazionali BNL d'Italia,Masters 1000,Outdoor,Clay,3rd Round,3,Darderi L.,Paul T.,20,18,Completed,2.1,1.73,,,2.2,1.73,2.14,1.68,file
2026-05-10,Internazionali BNL d'Italia,Masters 1000,Outdoor,Clay,3rd Round,3,Jodar R.,Arnaldi M.,34,106,Completed,1.29,3.75,,,1.36,4,1.27,3.68,file
2026-05-10,Internazionali BNL d'Italia,Masters 1000,Outdoor,Clay,3rd Round,3,Khachanov K.,Van De Zandschulp B.,15,54,Completed,1.67,2.2,,,1.68,2.23,1.66,2.18,file
2026-05-10,Internazionali BNL d'Italia,Masters 1000,Outdoor,Clay,3rd Round,3,Musetti L.,Cerundolo F.,10,27,Completed,1.8,2,,,1.86,2,1.82,1.94,file
2026-05-10,Internazionali BNL d'Italia,Masters 1000,Outdoor,Clay,3rd Round,3,Prizmic D.,Humbert U.,79,33,Completed,1.36,3.2,,,1.4,3.3,1.36,3.05,file
2026-05-10,Internazionali BNL d'Italia,Masters 1000,Outdoor,Clay,3rd Round,3,Ruud C.,Lehecka J.,25,13,Completed,1.5,2.63,,,1.53,2.63,1.5,2.53,file
2026-05-10,Internazionali BNL d'Italia,Masters 1000,Outdoor,Clay,3rd Round,3,Tien L.,Bublik A.,21,11,Completed,2.75,1.44,,,2.88,1.45,2.73,1.43,file
2026-05-10,Internazionali BNL d'Italia,Masters 1000,Outdoor,Clay,3rd Round,3,Zverev A.,Blockx A.,3,36,Completed,1.2,4.5,,,1.22,4.6,1.2,4.32,file
2026-05-11,Internazionali BNL d'Italia,Masters 1000,Outdoor,Clay,3rd Round,3,Basilashvili N.,Nakashima B.,117,32,Completed,2.3,1.62,,,2.3,1.67,2.24,1.62,file
2026-05-11,Internazionali BNL d'Italia,Masters 1000,Outdoor,Clay,3rd Round,3,Landaluce M.,Bellucci M.,94,80,Completed,2,1.8,,,2,1.91,1.94,1.83,file
2026-05-11,Internazionali BNL d'Italia,Masters 1000,Outdoor,Clay,3rd Round,3,Medjedovic H.,Navone M.,67,44,Completed,1.73,2.1,,,1.73,2.2,1.69,2.13,file
2026-05-11,Internazionali BNL d'Italia,Masters 1000,Outdoor,Clay,3rd Round,3,Medvedev D.,Llamas Ruiz P.,9,139,Completed,1.4,2.75,,,1.47,2.88,1.43,2.76,file
2026-05-11,Internazionali BNL d'Italia,Masters 1000,Outdoor,Clay,3rd Round,3,Pellegrino A.,Tiafoe F.,155,22,Completed,3,1.4,,,3,1.44,2.86,1.4,file
2026-05-11,Internazionali BNL d'Italia,Masters 1000,Outdoor,Clay,3rd Round,3,Rublev A.,Davidovich Fokina A.,14,23,Completed,1.62,2.3,,,1.67,2.33,1.61,2.27,file
2026-05-11,Internazionali BNL d'Italia,Masters 1000,Outdoor,Clay,3rd Round,3,Sinner J.,Popyrin A.,1,60,Completed,1.02,19,,,1.04,26,1.02,16.56,file
2026-05-11,Internazionali BNL d'Italia,Masters 1000,Outdoor,Clay,3rd Round,3,Tirante T.A.,Cobolli F.,69,12,Completed,3.2,1.36,,,3.2,1.42,2.91,1.39,file
2026-05-12,Internazionali BNL d'Italia,Masters 1000,Outdoor,Clay,4th Round,3,Darderi L.,Zverev A.,20,3,Completed,4.33,1.22,,,4.5,1.23,4.23,1.21,file
2026-05-12,Internazionali BNL d'Italia,Masters 1000,Outdoor,Clay,4th Round,3,Jodar R.,Tien L.,34,21,Completed,1.25,4,,,1.26,4.33,1.23,3.99,file
2026-05-12,Internazionali BNL d'Italia,Masters 1000,Outdoor,Clay,4th Round,3,Khachanov K.,Prizmic D.,15,79,Completed,2.63,1.5,,,2.63,1.57,2.48,1.52,file
2026-05-12,Internazionali BNL d'Italia,Masters 1000,Outdoor,Clay,4th Round,3,Landaluce M.,Medjedovic H.,94,67,Completed,2.5,1.53,,,2.5,1.57,2.44,1.54,file
2026-05-12,Internazionali BNL d'Italia,Masters 1000,Outdoor,Clay,4th Round,3,Medvedev D.,Tirante T.A.,9,69,Completed,1.67,2.2,,,1.73,2.21,1.68,2.14,file
2026-05-12,Internazionali BNL d'Italia,Masters 1000,Outdoor,Clay,4th Round,3,Rublev A.,Basilashvili N.,14,117,Completed,1.3,3.5,,,1.33,3.5,1.31,3.37,file
2026-05-12,Internazionali BNL d'Italia,Masters 1000,Outdoor,Clay,4th Round,3,Ruud C.,Musetti L.,25,10,Completed,1.5,2.63,,,1.53,2.63,1.51,2.52,file
2026-05-12,Internazionali BNL d'Italia,Masters 1000,Outdoor,Clay,4th Round,3,Sinner J.,Pellegrino A.,1,155,Completed,,41,,,1.02,41,1.01,24.16,file
2026-05-13,Internazionali BNL d'Italia,Masters 1000,Outdoor,Clay,Quarterfinals,3,Darderi L.,Jodar R.,20,34,Completed,2.75,1.44,,,2.8,1.5,2.7,1.45,file
2026-05-13,Internazionali BNL d'Italia,Masters 1000,Outdoor,Clay,Quarterfinals,3,Ruud C.,Khachanov K.,25,15,Completed,1.22,4.33,,,1.25,4.33,1.23,4.11,file
2026-05-14,Internazionali BNL d'Italia,Masters 1000,Outdoor,Clay,Quarterfinals,3,Medvedev D.,Landaluce M.,9,94,Completed,1.3,3.5,,,1.35,3.5,1.33,3.27,file
2026-05-14,Internazionali BNL d'Italia,Masters 1000,Outdoor,Clay,Quarterfinals,3,Sinner J.,Rublev A.,1,14,Completed,1.03,15,,,1.04,17,1.03,12.88,file
2026-05-15,Internazionali BNL d'Italia,Masters 1000,Outdoor,Clay,Semifinals,3,Ruud C.,Darderi L.,25,20,Completed,1.4,3,,,1.42,3.05,1.4,2.93,file
2026-05-16,Internazionali BNL d'Italia,Masters 1000,Outdoor,Clay,Semifinals,3,Sinner J.,Medvedev D.,1,9,Completed,1.06,10,,,1.07,11,1.06,8.84,file
2026-05-17,Geneva Open,ATP250,Outdoor,Clay,1st Round,3,Navone M.,Trungelliti M.,42,81,Completed,1.36,3.2,,,1.36,3.6,1.31,3.32,file
2026-05-17,Hamburg Open,ATP500,Outdoor,Clay,1st Round,3,Paul T.,Quinn E.,26,49,Completed,1.33,3.4,,,1.37,3.4,1.34,3.2,file
2026-05-17,Hamburg Open,ATP500,Outdoor,Clay,1st Round,3,Tiafoe F.,Dedura D.,21,281,Completed,1.36,3.2,,,1.36,3.4,1.32,3.28,file
2026-05-17,Internazionali BNL d'Italia,Masters 1000,Outdoor,Clay,The Final,3,Sinner J.,Ruud C.,1,25,Completed,1.13,6,,,1.15,7,1.13,6.05,file
2026-05-18,Geneva Open,ATP250,Outdoor,Clay,1st Round,3,Butvilas E.,Sonego L.,253,69,Completed,2.2,1.67,,,2.38,1.67,2.23,1.63,file
2026-05-18,Geneva Open,ATP250,Outdoor,Clay,1st Round,3,Comesana F.,Royer V.,114,73,Completed,1.5,2.63,,,1.53,2.65,1.49,2.55,file
2026-05-18,Geneva Open,ATP250,Outdoor,Clay,1st Round,3,Michelsen A.,Baez S.,41,62,Completed,2.75,1.44,,,2.75,1.5,2.67,1.45,file
2026-05-18,Geneva Open,ATP250,Outdoor,Clay,1st Round,3,Rinderknech A.,Tirante T.A.,24,58,Completed,2.3,1.62,,,2.35,1.62,2.29,1.59,file
2026-05-18,Geneva Open,ATP250,Outdoor,Clay,1st Round,3,Tsitsipas S.,Mpetshi G.,82,80,Completed,1.4,3,,,1.4,3,1.4,2.86,file
2026-05-18,Geneva Open,ATP250,Outdoor,Clay,1st Round,3,Wawrinka S.,Brancaccio R.,119,241,Completed,1.44,2.75,,,1.45,2.75,1.43,2.67,file
2026-05-18,Hamburg Open,ATP500,Outdoor,Clay,1st Round,3,Altmaier D.,Hijikata R.,65,102,Completed,1.33,3.4,,,1.36,3.4,1.34,3.2,file
2026-05-18,Hamburg Open,ATP500,Outdoor,Clay,1st Round,3,Davidovich Fokina A.,Moutet C.,23,32,Completed,1.5,2.63,,,1.52,2.65,1.49,2.59,file
2026-05-18,Hamburg Open,ATP500,Outdoor,Clay,1st Round,3,De Minaur A.,Cerundolo F.,9,27,Completed,2.5,1.53,,,2.5,1.57,2.44,1.53,file
2026-05-18,Hamburg Open,ATP500,Outdoor,Clay,1st Round,3,Etcheverry T.,Atmane T.,25,51,Completed,1.44,2.75,,,1.45,2.9,1.43,2.72,file
2026-05-18,Hamburg Open,ATP500,Outdoor,Clay,1st Round,3,Hanfmann Y.,Schoenhaus M.,55,452,Completed,1.25,4,,,1.25,4.6,1.21,4.19,file
2026-05-18,Hamburg Open,ATP500,Outdoor,Clay,1st Round,3,Mensik J.,Struff J.L.,28,79,Completed,1.29,3.75,,,1.3,3.75,1.28,3.59,file
2026-05-18,Hamburg Open,ATP500,Outdoor,Clay,1st Round,3,Shelton B.,Giron M.,6,84,Completed,1.29,3.75,,,1.3,3.85,1.26,3.7,file
2026-05-18,Hamburg Open,ATP500,Outdoor,Clay,1st Round,3,Ugo Carabelli C.,Majchrzak K.,68,77,Completed,1.44,2.75,,,1.5,2.75,1.47,2.62,file
2026-05-19,Geneva Open,ATP250,Outdoor,Clay,1st Round,3,Collignon R.,Mannarino A.,64,44,Completed,1.07,9,,,1.1,9,1.08,7.5,file
2026-05-19,Geneva Open,ATP250,Outdoor,Clay,1st Round,3,Djere L.,Duckworth J.,238,83,Completed,1.22,4.33,,,1.22,4.4,1.22,4.21,file
2026-05-19,Geneva Open,ATP250,Outdoor,Clay,1st Round,3,Munar J.,Basavareddy N.,39,156,Completed,1.4,3,,,1.44,3,1.4,2.84,file
2026-05-19,Geneva Open,ATP250,Outdoor,Clay,1st Round,3,Popyrin A.,Tabur C.,61,165,Completed,1.4,3,,,1.4,3.25,1.36,3.02,file
2026-05-19,Geneva Open,ATP250,Outdoor,Clay,1st Round,3,Ruud C.,Brooksby J.,17,60,Completed,1.11,6.5,,,1.13,7,1.11,6.39,file
2026-05-19,Hamburg Open,ATP500,Outdoor,Clay,2nd Round,3,Altmaier D.,Shelton B.,65,6,Completed,3,1.4,,,3,1.44,2.8,1.42,file
2026-05-19,Hamburg Open,ATP500,Outdoor,Clay,1st Round,3,Auger-Aliassime F.,Kopriva V.,5,63,Completed,1.44,2.75,,,1.44,3,1.4,2.84,file
2026-05-19,Hamburg Open,ATP500,Outdoor,Clay,1st Round,3,Buse I.,Cobolli F.,57,12,Completed,2.5,1.53,,,2.6,1.57,2.46,1.52,file
2026-05-19,Hamburg Open,ATP500,Outdoor,Clay,1st Round,3,Darderi L.,Burruchaga R.,16,66,Completed,1.5,2.63,,,1.53,2.7,1.47,2.62,file
2026-05-19,Hamburg Open,ATP500,Outdoor,Clay,1st Round,3,Humbert U.,Engel J.,34,190,Completed,1.29,3.75,,,1.3,3.9,1.26,3.69,file
2026-05-19,Hamburg Open,ATP500,Outdoor,Clay,1st Round,3,Khachanov K.,Gaston H.,15,120,Completed,1.2,4.5,,,1.22,4.8,1.19,4.41,file
2026-05-19,Hamburg Open,ATP500,Outdoor,Clay,1st Round,3,Kovacevic A.,Gea A.,94,140,Completed,2.1,1.73,,,2.23,1.73,2.15,1.68,file
2026-05-20,Geneva Open,ATP250,Outdoor,Clay,2nd Round,3,Bublik A.,Butvilas E.,10,253,Completed,1.36,3.2,,,1.36,3.4,1.32,3.28,file
2026-05-20,Geneva Open,ATP250,Outdoor,Clay,2nd Round,3,Michelsen A.,Wawrinka S.,41,119,Completed,1.57,2.38,,,1.57,2.5,1.55,2.39,file
2026-05-20,Geneva Open,ATP250,Outdoor,Clay,2nd Round,3,Munar J.,Comesana F.,39,114,Completed,1.57,2.38,,,1.62,2.4,1.57,2.32,file
2026-05-20,Geneva Open,ATP250,Outdoor,Clay,2nd Round,3,Navone M.,Norrie C.,42,22,Completed,1.73,2.1,,,1.78,2.1,1.73,2.05,file
2026-05-20,Geneva Open,ATP250,Outdoor,Clay,2nd Round,3,Popyrin A.,Fritz T.,61,8,Completed,2.1,1.73,,,2.1,1.75,2.06,1.73,file
2026-05-20,Geneva Open,ATP250,Outdoor,Clay,2nd Round,3,Rinderknech A.,Djere L.,24,238,Completed,1.62,2.3,,,1.73,2.3,1.67,2.14,file
2026-05-20,Geneva Open,ATP250,Outdoor,Clay,2nd Round,3,Ruud C.,Collignon R.,17,64,Completed,1.33,3.4,,,1.37,3.4,1.34,3.17,file
2026-05-20,Geneva Open,ATP250,Outdoor,Clay,2nd Round,3,Tien L.,Tsitsipas S.,20,82,Completed,2.63,1.5,,,2.63,1.5,2.55,1.49,file
2026-05-20,Hamburg Open,ATP500,Outdoor,Clay,2nd Round,3,Buse I.,Mensik J.,57,28,Completed,2.38,1.57,,,2.38,1.62,2.3,1.58,file
2026-05-20,Hamburg Open,ATP500,Outdoor,Clay,2nd Round,3,Darderi L.,Hanfmann Y.,16,55,Completed,1.44,2.75,,,1.45,2.8,1.44,2.7,file
2026-05-20,Hamburg Open,ATP500,Outdoor,Clay,2nd Round,3,De Minaur A.,Davidovich Fokina A.,9,23,Completed,1.62,2.3,,,1.67,2.3,1.62,2.25,file
2026-05-20,Hamburg Open,ATP500,Outdoor,Clay,2nd Round,3,Humbert U.,Khachanov K.,34,15,Completed,3.2,1.36,,,3.3,1.37,3.09,1.35,file
2026-05-20,Hamburg Open,ATP500,Outdoor,Clay,2nd Round,3,Kovacevic A.,Auger-Aliassime F.,94,5,Completed,7,1.1,,,7.5,1.13,6.33,1.11,file
2026-05-20,Hamburg Open,ATP500,Outdoor,Clay,2nd Round,3,Paul T.,Etcheverry T.,26,25,Completed,1.44,2.75,,,1.53,2.75,1.48,2.58,file
2026-05-20,Hamburg Open,ATP500,Outdoor,Clay,2nd Round,3,Ugo Carabelli C.,Tiafoe F.,68,21,Completed,2.1,1.73,,,2.1,1.8,2.02,1.77,file
2026-05-21,Geneva Open,ATP250,Outdoor,Clay,Quarterfinals,3,Bublik A.,Rinderknech A.,10,24,Completed,1.53,2.5,,,1.56,2.63,1.53,2.46,file
2026-05-21,Geneva Open,ATP250,Outdoor,Clay,Quarterfinals,3,Navone M.,Munar J.,42,39,Completed,1.8,2,,,1.82,2,1.79,1.98,file
2026-05-21,Geneva Open,ATP250,Outdoor,Clay,Quarterfinals,3,Ruud C.,Popyrin A.,17,61,Completed,1.3,3.5,,,1.32,3.75,1.3,3.43,file
2026-05-21,Geneva Open,ATP250,Outdoor,Clay,Quarterfinals,3,Tien L.,Michelsen A.,20,41,Completed,1.8,2,,,1.83,2,1.79,1.98,file
2026-05-21,Hamburg Open,ATP500,Outdoor,Clay,Quarterfinals,3,Buse I.,Humbert U.,57,34,Completed,1.3,3.5,,,1.33,3.5,1.3,3.39,file
2026-05-21,Hamburg Open,ATP500,Outdoor,Clay,Quarterfinals,3,De Minaur A.,Darderi L.,9,16,Completed,1.8,2,,,1.85,2,1.81,1.96,file
2026-05-21,Hamburg Open,ATP500,Outdoor,Clay,Quarterfinals,3,Kovacevic A.,Ugo Carabelli C.,94,68,Completed,3,1.4,,,3.1,1.44,2.96,1.38,file
2026-05-21,Hamburg Open,ATP500,Outdoor,Clay,Quarterfinals,3,Paul T.,Altmaier D.,26,65,Completed,1.4,3,,,1.43,3,1.41,2.84,file
2026-05-22,Geneva Open,ATP250,Outdoor,Clay,Semifinals,3,Navone M.,Ruud C.,42,17,Completed,4.33,1.22,,,4.5,1.22,4.3,1.21,file
2026-05-22,Geneva Open,ATP250,Outdoor,Clay,Semifinals,3,Tien L.,Bublik A.,20,10,Completed,2.3,1.62,,,2.3,1.73,2.18,1.66,file
2026-05-22,Hamburg Open,ATP500,Outdoor,Clay,Semifinals,3,Buse I.,Kovacevic A.,57,94,Completed,1.29,3.75,,,1.33,3.75,1.31,3.35,file
2026-05-22,Hamburg Open,ATP500,Outdoor,Clay,Semifinals,3,Paul T.,De Minaur A.,26,9,Completed,2.38,1.57,,,2.38,1.67,2.26,1.6,file
2026-05-23,Geneva Open,ATP250,Outdoor,Clay,The Final,3,Tien L.,Navone M.,20,42,Completed,2.38,1.57,,,2.4,1.63,2.32,1.58,file
2026-05-23,Hamburg Open,ATP500,Outdoor,Clay,The Final,3,Buse I.,Paul T.,57,26,Completed,2.38,1.57,,,2.4,1.72,2.29,1.6,file
2026-05-24,French Open,Grand Slam,Outdoor,Clay,1st Round,5,Basavareddy N.,Fritz T.,148,9,Completed,4.33,1.22,,,4.6,1.25,4.2,1.21,file
2026-05-24,French Open,Grand Slam,Outdoor,Clay,1st Round,5,Blockx A.,Wong C.,37,109,Completed,1.1,7,,,1.1,8,1.09,6.94,file
2026-05-24,French Open,Grand Slam,Outdoor,Clay,1st Round,5,Borges N.,Etcheverry T.,51,28,Completed,2.75,1.44,,,2.9,1.44,2.78,1.42,file
2026-05-24,French Open,Grand Slam,Outdoor,Clay,1st Round,5,Cina F.,Opelka R.,238,76,Completed,1.5,2.63,,,1.53,2.83,1.46,2.67,file
2026-05-24,French Open,Grand Slam,Outdoor,Clay,1st Round,5,Davidovich Fokina A.,Dzumhur D.,23,87,Completed,1.11,6.5,,,1.14,6.5,1.12,5.83,file
2026-05-24,French Open,Grand Slam,Outdoor,Clay,1st Round,5,Djokovic N.,Mpetshi G.,4,83,Completed,1.08,8,,,1.1,8,1.08,7.39,file
2026-05-24,French Open,Grand Slam,Outdoor,Clay,1st Round,5,Duckworth J.,Diallo G.,82,49,Retired,2.5,1.53,,,2.53,1.57,2.42,1.55,file
2026-05-24,French Open,Grand Slam,Outdoor,Clay,1st Round,5,Fonseca J.,Pavlovic L.,30,241,Completed,1.05,11,,,1.07,13,1.05,9.97,file
2026-05-24,French Open,Grand Slam,Outdoor,Clay,1st Round,5,Halys Q.,Bellucci M.,90,73,Completed,1.73,2.1,,,1.73,2.3,1.64,2.22,file
2026-05-24,French Open,Grand Slam,Outdoor,Clay,1st Round,5,Kecmanovic M.,Marozsan F.,48,54,Completed,1.62,2.3,,,1.67,2.38,1.62,2.25,file
2026-05-24,French Open,Grand Slam,Outdoor,Clay,1st Round,5,Khachanov K.,Gea A.,15,135,Completed,1.17,5,,,1.2,5.25,1.18,4.75,file
2026-05-24,French Open,Grand Slam,Outdoor,Clay,1st Round,5,Machac T.,Bergs Z.,43,40,Completed,1.67,2.2,,,1.73,2.21,1.69,2.14,file
2026-05-24,French Open,Grand Slam,Outdoor,Clay,1st Round,5,Medjedovic H.,Hanfmann Y.,58,53,Completed,1.5,2.63,,,1.56,2.63,1.5,2.55,file
2026-05-24,French Open,Grand Slam,Outdoor,Clay,1st Round,5,Mensik J.,Droguet T.,27,107,Completed,1.4,3,,,1.5,3,1.43,2.78,file
2026-05-24,French Open,Grand Slam,Outdoor,Clay,1st Round,5,Prizmic D.,Zheng M.,72,146,Completed,1.17,5,,,1.2,5.6,1.16,5.14,file
2026-05-24,French Open,Grand Slam,Outdoor,Clay,1st Round,5,Royer V.,Dellien H.,74,144,Completed,2.3,1.62,,,2.3,1.68,2.24,1.63,file
2026-05-24,French Open,Grand Slam,Outdoor,Clay,1st Round,5,Sonego L.,Herbert P.,70,220,Completed,1.53,2.5,,,1.53,2.75,1.48,2.6,file
2026-05-24,French Open,Grand Slam,Outdoor,Clay,1st Round,5,Tirante T.A.,Llamas Ruiz P.,60,122,Completed,1.8,2,,,1.85,2.01,1.81,1.97,file
2026-05-24,French Open,Grand Slam,Outdoor,Clay,1st Round,5,Trungelliti M.,Jacquet K.,81,147,Completed,2.2,1.67,,,2.21,1.73,2.15,1.68,file
2026-05-24,French Open,Grand Slam,Outdoor,Clay,1st Round,5,Zverev A.,Bonzi B.,3,95,Completed,1.03,15,,,1.04,21,1.03,13.93,file
2026-05-25,French Open,Grand Slam,Outdoor,Clay,1st Round,5,Berrettini M.,Fucsovics M.,105,65,Completed,1.44,2.75,,,1.5,2.8,1.47,2.63,file
2026-05-25,French Open,Grand Slam,Outdoor,Clay,1st Round,5,Carreno Busta P.,Lehecka J.,89,12,Completed,4.5,1.2,,,5.5,1.22,4.58,1.2,file
2026-05-25,French Open,Grand Slam,Outdoor,Clay,1st Round,5,Cerundolo F.,Van De Zandschulp B.,26,55,Completed,1.17,5,,,1.1,7,1.15,5.28,file
2026-05-25,French Open,Grand Slam,Outdoor,Clay,1st Round,5,Cobolli F.,Pellegrino A.,14,124,Completed,1.33,3.4,,,1.37,3.55,1.31,3.37,file
2026-05-25,French Open,Grand Slam,Outdoor,Clay,1st Round,5,Collignon R.,Vukic A.,62,96,Completed,1.08,8,,,1.08,9,1.07,8.34,file
2026-05-25,French Open,Grand Slam,Outdoor,Clay,1st Round,5,De Jong J.,Wawrinka S.,106,113,Completed,1.62,2.3,,,1.62,2.4,1.58,2.34,file
2026-05-25,French Open,Grand Slam,Outdoor,Clay,1st Round,5,De Minaur A.,Samuel T.,7,159,Completed,1.07,9,,,1.09,9.5,1.07,8.02,file
2026-05-25,French Open,Grand Slam,Outdoor,Clay,1st Round,5,Gaston H.,Monfils G.,118,218,Completed,2.1,1.73,,,2.2,1.8,2.05,1.74,file
2026-05-25,French Open,Grand Slam,Outdoor,Clay,1st Round,5,Humbert U.,Mannarino A.,32,45,Completed,1.11,6.5,,,1.12,7,1.11,6.31,file
2026-05-25,French Open,Grand Slam,Outdoor,Clay,1st Round,5,Hurkacz H.,Munar J.,99,41,Completed,1.67,2.2,,,1.73,2.25,1.67,2.17,file
2026-05-25,French Open,Grand Slam,Outdoor,Clay,1st Round,5,Jodar R.,Kovacevic A.,29,67,Completed,1.08,8,,,1.12,8.5,1.09,7.28,file
2026-05-25,French Open,Grand Slam,Outdoor,Clay,1st Round,5,Kokkinakis T.,Atmane T.,855,52,Completed,4,1.25,,,4,1.29,3.73,1.26,file
2026-05-25,French Open,Grand Slam,Outdoor,Clay,1st Round,5,Michelsen A.,Shevchenko A.,42,88,Completed,1.53,2.5,,,1.57,2.53,1.54,2.43,file
2026-05-25,French Open,Grand Slam,Outdoor,Clay,1st Round,5,Nakashima B.,Bautista Agut R.,35,117,Completed,1.3,3.5,,,1.32,3.75,1.29,3.47,file
2026-05-25,French Open,Grand Slam,Outdoor,Clay,1st Round,5,Navone M.,Brooksby J.,38,63,Completed,1.14,5.5,,,1.16,6,1.14,5.46,file
2026-05-25,French Open,Grand Slam,Outdoor,Clay,1st Round,5,Paul T.,Hijikata R.,21,98,Completed,1.05,11,,,1.05,14,1.04,11.09,file
2026-05-25,French Open,Grand Slam,Outdoor,Clay,1st Round,5,Rinderknech A.,Rodionov J.,25,158,Completed,1.3,3.5,,,1.33,3.75,1.3,3.5,file
2026-05-25,French Open,Grand Slam,Outdoor,Clay,1st Round,5,Rublev A.,Buse I.,13,31,Completed,1.44,2.75,,,1.45,2.85,1.44,2.73,file
2026-05-25,French Open,Grand Slam,Outdoor,Clay,1st Round,5,Ruud C.,Safiullin R.,16,141,Completed,1.1,7,,,1.1,8,1.09,7.09,file
2026-05-25,French Open,Grand Slam,Outdoor,Clay,1st Round,5,Shelton B.,Merida Aguilar D.,5,86,Completed,1.29,3.75,,,1.29,4,1.25,3.85,file
2026-05-25,French Open,Grand Slam,Outdoor,Clay,1st Round,5,Tiafoe F.,Spizzirri E.,22,91,Completed,1.07,9,,,1.08,9.5,1.07,8.08,file
2026-05-25,French Open,Grand Slam,Outdoor,Clay,1st Round,5,Ugo Carabelli C.,Nava E.,59,94,Completed,1.8,2,,,1.95,2,1.86,1.89,file
2026-05-25,French Open,Grand Slam,Outdoor,Clay,1st Round,5,Van Assche L.,Gaubas V.,100,133,Completed,1.73,2.1,,,1.73,2.1,1.73,2.1,file
2026-05-25,French Open,Grand Slam,Outdoor,Clay,1st Round,5,Wu Y.,Giron M.,92,84,Completed,2.1,1.73,,,2.13,1.8,2.05,1.74,file
2026-05-26,French Open,Grand Slam,Outdoor,Clay,1st Round,5,Arnaldi M.,Griekspoor T.,104,33,Completed,1.73,2.1,,,1.73,2.2,1.7,2.12,file
2026-05-26,French Open,Grand Slam,Outdoor,Clay,1st Round,5,Auger-Aliassime F.,Altmaier D.,6,57,Completed,1.3,3.5,,,1.36,3.6,1.3,3.41,file
2026-05-26,French Open,Grand Slam,Outdoor,Clay,1st Round,5,Burruchaga R.,Baez S.,68,64,Retired,2.2,1.67,,,2.25,1.74,2.17,1.67,file
2026-05-26,French Open,Grand Slam,Outdoor,Clay,1st Round,5,Cerundolo J.M.,Fearnley J.,56,125,Completed,1.25,4,,,1.25,4.33,1.24,4.02,file
2026-05-26,French Open,Grand Slam,Outdoor,Clay,1st Round,5,Comesana F.,Quinn E.,102,50,Completed,1.62,2.3,,,1.67,2.31,1.63,2.24,file
2026-05-26,French Open,Grand Slam,Outdoor,Clay,1st Round,5,Darderi L.,Ofner S.,17,112,Completed,1.29,3.75,,,1.36,3.75,1.3,3.51,file
2026-05-26,French Open,Grand Slam,Outdoor,Clay,1st Round,5,Diaz Acosta F.,Zhang Zh.,151,224,Completed,1.36,3.2,,,1.4,3.25,1.35,3.11,file
2026-05-26,French Open,Grand Slam,Outdoor,Clay,1st Round,5,Faria J.,Shapovalov D.,115,39,Completed,1.53,2.5,,,1.55,2.54,1.52,2.46,file
2026-05-26,French Open,Grand Slam,Outdoor,Clay,1st Round,5,Kopriva V.,Moutet C.,66,34,Completed,2.3,1.62,,,2.35,1.67,2.25,1.63,file
2026-05-26,French Open,Grand Slam,Outdoor,Clay,1st Round,5,Kouame M.,Cilic M.,318,46,Completed,4,1.25,,,4,1.3,3.81,1.26,file
2026-05-26,French Open,Grand Slam,Outdoor,Clay,1st Round,5,Landaluce M.,Prado Angelo J.C.,69,176,Completed,1.3,3.5,,,1.35,3.5,1.33,3.27,file
2026-05-26,French Open,Grand Slam,Outdoor,Clay,1st Round,5,Sinner J.,Tabur C.,1,171,Completed,,67,,,1.01,67,1.01,40.64,file
2026-05-26,French Open,Grand Slam,Outdoor,Clay,1st Round,5,Struff J.L.,Bublik A.,80,10,Completed,4,1.25,,,4.1,1.28,3.89,1.25,file
2026-05-26,French Open,Grand Slam,Outdoor,Clay,1st Round,5,Svajda Z.,Popyrin A.,85,61,Completed,8,1.08,,,8,1.11,6.77,1.1,file
2026-05-26,French Open,Grand Slam,Outdoor,Clay,1st Round,5,Tabilo A.,Majchrzak K.,36,78,Completed,1.22,4.33,,,1.23,4.5,1.21,4.28,file
2026-05-26,French Open,Grand Slam,Outdoor,Clay,1st Round,5,Tien L.,Garin C.,18,114,Completed,1.44,2.75,,,1.55,2.75,1.49,2.57,file
2026-05-26,French Open,Grand Slam,Outdoor,Clay,1st Round,5,Tsitsipas S.,Muller A.,79,127,Retired,1.14,5.5,,,1.16,6,1.14,5.41,file
2026-05-26,French Open,Grand Slam,Outdoor,Clay,1st Round,5,Vacherot V.,Faurel T.,19,378,Completed,1.13,6,,,1.15,6,1.14,5.52,file
2026-05-26,French Open,Grand Slam,Outdoor,Clay,1st Round,5,Vallejo D.,Norrie C.,71,24,Retired,1.8,2,,,1.8,2.1,1.76,2.02,file
2026-05-26,French Open,Grand Slam,Outdoor,Clay,1st Round,5,Walton A.,Medvedev D.,97,8,Completed,13,1.04,,,17,1.04,12.31,1.03,file
2026-05-27,French Open,Grand Slam,Outdoor,Clay,2nd Round,5,Borges N.,Kecmanovic M.,51,48,Completed,2.3,1.62,,,2.45,1.62,2.35,1.57,file
2026-05-27,French Open,Grand Slam,Outdoor,Clay,2nd Round,5,Carreno Busta P.,Kokkinakis T.,89,855,Retired,1.36,3.2,,,1.4,3.25,1.37,3.06,file
2026-05-27,French Open,Grand Slam,Outdoor,Clay,2nd Round,5,De Jong J.,Cina F.,106,238,Completed,1.62,2.3,,,1.62,2.38,1.59,2.3,file
2026-05-27,French Open,Grand Slam,Outdoor,Clay,2nd Round,5,De Minaur A.,Blockx A.,7,37,Walkover,1.5,2.63,,,1.57,2.63,1.54,2.44,file
2026-05-27,French Open,Grand Slam,Outdoor,Clay,2nd Round,5,Djokovic N.,Royer V.,4,74,Completed,1.1,7,,,1.12,7.5,1.1,6.61,file
2026-05-27,French Open,Grand Slam,Outdoor,Clay,2nd Round,5,Fonseca J.,Prizmic D.,30,72,Completed,1.91,1.91,,,1.95,2,1.87,1.9,file
2026-05-27,French Open,Grand Slam,Outdoor,Clay,2nd Round,5,Halys Q.,Humbert U.,90,32,Completed,2.3,1.62,,,2.3,1.67,2.23,1.64,file
2026-05-27,French Open,Grand Slam,Outdoor,Clay,2nd Round,5,Jodar R.,Duckworth J.,29,82,Completed,1.03,15,,,1.04,16,1.03,12.88,file
2026-05-27,French Open,Grand Slam,Outdoor,Clay,2nd Round,5,Khachanov K.,Trungelliti M.,15,81,Completed,1.25,4,,,1.26,4.5,1.23,3.99,file
2026-05-27,French Open,Grand Slam,Outdoor,Clay,2nd Round,5,Mensik J.,Navone M.,27,38,Completed,1.8,2,,,1.83,2.04,1.78,1.99,file
2026-05-27,French Open,Grand Slam,Outdoor,Clay,2nd Round,5,Michelsen A.,Basavareddy N.,42,148,Completed,1.5,2.63,,,1.53,2.63,1.51,2.53,file
2026-05-27,French Open,Grand Slam,Outdoor,Clay,2nd Round,5,Paul T.,Sonego L.,21,70,Completed,1.13,6,,,1.14,6,1.13,5.68,file
2026-05-27,French Open,Grand Slam,Outdoor,Clay,2nd Round,5,Rublev A.,Ugo Carabelli C.,13,59,Completed,1.25,4,,,1.29,4,1.26,3.73,file
2026-05-27,French Open,Grand Slam,Outdoor,Clay,2nd Round,5,Ruud C.,Medjedovic H.,16,58,Completed,1.36,3.2,,,1.4,3.25,1.36,3.09,file
2026-05-27,French Open,Grand Slam,Outdoor,Clay,2nd Round,5,Tirante T.A.,Davidovich Fokina A.,60,23,Completed,1.62,2.3,,,1.63,2.43,1.58,2.32,file
2026-05-27,French Open,Grand Slam,Outdoor,Clay,2nd Round,5,Zverev A.,Machac T.,3,43,Completed,1.11,6.5,,,1.12,7.5,1.1,6.56,file
2026-05-28,French Open,Grand Slam,Outdoor,Clay,2nd Round,5,Arnaldi M.,Tsitsipas S.,104,79,Completed,2.5,1.53,,,2.75,1.53,2.54,1.5,file
2026-05-28,French Open,Grand Slam,Outdoor,Clay,2nd Round,5,Auger-Aliassime F.,Burruchaga R.,6,68,Completed,1.3,3.5,,,1.36,3.75,1.33,3.31,file
2026-05-28,French Open,Grand Slam,Outdoor,Clay,2nd Round,5,Berrettini M.,Rinderknech A.,105,25,Completed,2,1.8,,,2.16,1.81,2.04,1.75,file
2026-05-28,French Open,Grand Slam,Outdoor,Clay,2nd Round,5,Cerundolo F.,Gaston H.,26,118,Completed,1.08,8,,,1.1,9,1.09,7.36,file
2026-05-28,French Open,Grand Slam,Outdoor,Clay,2nd Round,5,Cerundolo J.M.,Sinner J.,56,1,Completed,26,1.01,,,51,1.01,23.5,1.01,file
2026-05-28,French Open,Grand Slam,Outdoor,Clay,2nd Round,5,Cobolli F.,Wu Y.,14,92,Completed,1.22,4.33,,,1.22,4.5,1.21,4.27,file
2026-05-28,French Open,Grand Slam,Outdoor,Clay,2nd Round,5,Collignon R.,Shelton B.,62,5,Completed,2.75,1.44,,,3,1.48,2.77,1.43,file
2026-05-28,French Open,Grand Slam,Outdoor,Clay,2nd Round,5,Comesana F.,Darderi L.,102,17,Completed,3.75,1.29,,,3.75,1.33,3.41,1.31,file
2026-05-28,French Open,Grand Slam,Outdoor,Clay,2nd Round,5,Faria J.,Struff J.L.,115,80,Completed,1.57,2.38,,,1.62,2.38,1.58,2.32,file
2026-05-28,French Open,Grand Slam,Outdoor,Clay,2nd Round,5,Kouame M.,Vallejo D.,318,71,Completed,3.5,1.3,,,3.75,1.33,3.44,1.3,file
2026-05-28,French Open,Grand Slam,Outdoor,Clay,2nd Round,5,Landaluce M.,Kopriva V.,69,66,Completed,2.1,1.73,,,2.25,1.73,2.2,1.64,file
2026-05-28,French Open,Grand Slam,Outdoor,Clay,2nd Round,5,Nakashima B.,Van Assche L.,35,100,Completed,1.4,3,,,1.44,3.25,1.39,2.92,file
2026-05-28,French Open,Grand Slam,Outdoor,Clay,2nd Round,5,Svajda Z.,Walton A.,85,97,Completed,1.73,2.1,,,1.8,2.1,1.75,2.04,file
2026-05-28,French Open,Grand Slam,Outdoor,Clay,2nd Round,5,Tabilo A.,Vacherot V.,36,19,Walkover,1.5,2.63,,,1.53,2.75,1.48,2.59,file
2026-05-28,French Open,Grand Slam,Outdoor,Clay,2nd Round,5,Tiafoe F.,Hurkacz H.,22,99,Completed,2.2,1.67,,,2.3,1.68,2.23,1.63,file
2026-05-28,French Open,Grand Slam,Outdoor,Clay,2nd Round,5,Tien L.,Diaz Acosta F.,18,151,Completed,1.22,4.33,,,1.26,5.5,1.22,4.14,file
2026-05-29,French Open,Grand Slam,Outdoor,Clay,3rd Round,5,Carreno Busta P.,Tirante T.A.,89,60,Completed,3,1.4,,,3.1,1.44,2.89,1.4,file
2026-05-29,French Open,Grand Slam,Outdoor,Clay,3rd Round,5,De Jong J.,Khachanov K.,106,15,Completed,3.4,1.33,,,3.5,1.34,3.3,1.32,file
2026-05-29,French Open,Grand Slam,Outdoor,Clay,3rd Round,5,Fonseca J.,Djokovic N.,30,4,Completed,2.75,1.44,,,2.88,1.5,2.71,1.45,file
2026-05-29,French Open,Grand Slam,Outdoor,Clay,3rd Round,5,Jodar R.,Michelsen A.,29,42,Completed,1.14,5.5,,,1.19,6,1.16,5.11,file
2026-05-29,French Open,Grand Slam,Outdoor,Clay,3rd Round,5,Mensik J.,De Minaur A.,27,7,Completed,4.33,1.22,,,4.5,1.25,4.27,1.21,file
2026-05-29,French Open,Grand Slam,Outdoor,Clay,3rd Round,5,Rublev A.,Borges N.,13,51,Completed,1.33,3.4,,,1.4,3.5,1.33,3.29,file
2026-05-29,French Open,Grand Slam,Outdoor,Clay,3rd Round,5,Ruud C.,Paul T.,16,21,Completed,1.3,3.5,,,1.33,3.75,1.3,3.43,file
2026-05-29,French Open,Grand Slam,Outdoor,Clay,3rd Round,5,Zverev A.,Halys Q.,3,90,Completed,1.05,11,,,1.06,13,1.05,9.56,file
2026-05-30,French Open,Grand Slam,Outdoor,Clay,3rd Round,5,Arnaldi M.,Collignon R.,104,62,Completed,3,1.4,,,3,1.46,2.86,1.41,file
2026-05-30,French Open,Grand Slam,Outdoor,Clay,3rd Round,5,Auger-Aliassime F.,Nakashima B.,6,35,Completed,1.33,3.4,,,1.33,3.75,1.31,3.36,file
2026-05-30,French Open,Grand Slam,Outdoor,Clay,3rd Round,5,Berrettini M.,Comesana F.,105,102,Completed,1.44,2.75,,,1.45,2.9,1.43,2.76,file
2026-05-30,French Open,Grand Slam,Outdoor,Clay,3rd Round,5,Cerundolo J.M.,Landaluce M.,56,69,Completed,1.67,2.2,,,1.67,2.38,1.62,2.26,file
2026-05-30,French Open,Grand Slam,Outdoor,Clay,3rd Round,5,Cobolli F.,Tien L.,14,18,Completed,1.53,2.5,,,1.58,2.5,1.55,2.41,file
2026-05-30,French Open,Grand Slam,Outdoor,Clay,3rd Round,5,Svajda Z.,Cerundolo F.,85,26,Completed,8,1.08,,,8.5,1.08,7.73,1.07,file
2026-05-30,French Open,Grand Slam,Outdoor,Clay,3rd Round,5,Tabilo A.,Kouame M.,36,318,Completed,1.22,4.33,,,1.22,4.5,1.21,4.24,file
2026-05-30,French Open,Grand Slam,Outdoor,Clay,3rd Round,5,Tiafoe F.,Faria J.,22,115,Completed,1.53,2.5,,,1.62,2.55,1.53,2.45,file
2026-05-31,French Open,Grand Slam,Outdoor,Clay,4th Round,5,Fonseca J.,Ruud C.,30,16,Completed,2.5,1.53,,,2.63,1.53,2.53,1.5,file
2026-05-31,French Open,Grand Slam,Outdoor,Clay,4th Round,5,Jodar R.,Carreno Busta P.,29,89,Completed,1.25,4,,,1.27,4.25,1.24,3.96,file
2026-05-31,French Open,Grand Slam,Outdoor,Clay,4th Round,5,Mensik J.,Rublev A.,27,13,Completed,2,1.8,,,2.06,1.82,2,1.77,file
2026-05-31,French Open,Grand Slam,Outdoor,Clay,4th Round,5,Zverev A.,De Jong J.,3,106,Completed,1.05,11,,,1.05,11,1.05,11,file
2026-06-01,French Open,Grand Slam,Outdoor,Clay,4th Round,5,Arnaldi M.,Tiafoe F.,104,22,Completed,1.8,2,,,1.92,2.2,1.84,1.95,file
2026-06-01,French Open,Grand Slam,Outdoor,Clay,4th Round,5,Auger-Aliassime F.,Tabilo A.,6,36,Completed,1.53,2.5,,,1.55,2.75,1.49,2.57,file
2026-06-01,French Open,Grand Slam,Outdoor,Clay,4th Round,5,Berrettini M.,Cerundolo J.M.,105,56,Completed,1.57,2.38,,,1.58,2.5,1.55,2.42,file
2026-06-01,French Open,Grand Slam,Outdoor,Clay,4th Round,5,Cobolli F.,Svajda Z.,14,85,Completed,1.11,6.5,,,1.13,6.5,1.12,6.14,file
2026-06-02,French Open,Grand Slam,Outdoor,Clay,Quarterfinals,5,Mensik J.,Fonseca J.,27,30,Completed,2.75,1.44,,,2.88,1.47,2.75,1.43,file
2026-06-02,French Open,Grand Slam,Outdoor,Clay,Quarterfinals,5,Zverev A.,Jodar R.,3,29,Completed,1.25,4,,,1.27,4.33,1.24,3.94,file
2026-06-03,French Open,Grand Slam,Outdoor,Clay,Quarterfinals,5,Arnaldi M.,Berrettini M.,104,105,Retired,2.63,1.5,,,2.63,1.54,2.53,1.51,file
2026-06-03,French Open,Grand Slam,Outdoor,Clay,Quarterfinals,5,Cobolli F.,Auger-Aliassime F.,14,6,Completed,2,1.8,,,2.05,1.91,1.96,1.82,file
2026-06-05,French Open,Grand Slam,Outdoor,Clay,Semifinals,5,Cobolli F.,Arnaldi M.,14,104,Walkover,1.44,2.75,,,1.44,3.2,1.4,2.93,file
2026-06-05,French Open,Grand Slam,Outdoor,Clay,Semifinals,5,Zverev A.,Mensik J.,3,27,Completed,1.29,3.75,,,1.29,4,1.26,3.82,file
2026-06-07,French Open,Grand Slam,Outdoor,Clay,The Final,5,Zverev A.,Cobolli F.,3,14,Completed,1.18,5,,,1.25,5.25,1.21,4.56,file
2026-06-08,Rosmalen Grass Court Championships,ATP250,Outdoor,Grass,1st Round,3,Bonzi B.,Rottgering M.,99,464,Completed,1.3,3.5,,,1.33,3.75,1.3,3.43,file
2026-06-08,Rosmalen Grass Court Championships,ATP250,Outdoor,Grass,1st Round,3,Borges N.,Atmane T.,50,53,Completed,1.67,2.2,,,1.75,2.2,1.71,2.08,file
2026-06-08,Rosmalen Grass Court Championships,ATP250,Outdoor,Grass,1st Round,3,Cilic M.,Shapovalov D.,47,42,Completed,1.62,2.3,,,1.62,2.33,1.61,2.26,file
2026-06-08,Rosmalen Grass Court Championships,ATP250,Outdoor,Grass,1st Round,3,Humbert U.,Ymer E.,33,184,Completed,1.17,5,,,1.19,5,1.17,4.72,file
2026-06-08,Stuttgart Open,ATP250,Outdoor,Grass,1st Round,3,Bellucci M.,Davidovich Fokina A.,78,22,Completed,3,1.4,,,3,1.4,2.96,1.38,file
2026-06-08,Stuttgart Open,ATP250,Outdoor,Grass,1st Round,3,Landaluce M.,Herbert P.,58,232,Completed,1.73,2.1,,,1.77,2.2,1.7,2.09,file
2026-06-08,Stuttgart Open,ATP250,Outdoor,Grass,1st Round,3,Onclin G.,Marozsan F.,186,61,Completed,2.38,1.57,,,2.4,1.6,2.34,1.57,file
2026-06-09,Rosmalen Grass Court Championships,ATP250,Outdoor,Grass,1st Round,3,Damm M.,Munar J.,114,44,Completed,1.73,2.1,,,1.85,2.11,1.75,2.04,file
2026-06-09,Rosmalen Grass Court Championships,ATP250,Outdoor,Grass,1st Round,3,Mannarino A.,Diallo G.,46,54,Completed,1.73,2.1,,,1.73,2.25,1.66,2.18,file
2026-06-09,Rosmalen Grass Court Championships,ATP250,Outdoor,Grass,1st Round,3,Zhang Zh.,Brooksby J.,214,73,Completed,2.1,1.73,,,2.3,1.73,2.21,1.63,file
2026-06-09,Stuttgart Open,ATP250,Outdoor,Grass,1st Round,3,Duckworth J.,Dedura D.,79,262,Completed,1.36,3.2,,,1.36,3.5,1.32,3.26,file
2026-06-09,Stuttgart Open,ATP250,Outdoor,Grass,1st Round,3,Giron M.,Bautista Agut R.,88,116,Completed,1.67,2.2,,,1.68,2.25,1.65,2.17,file
2026-06-09,Stuttgart Open,ATP250,Outdoor,Grass,1st Round,3,Hanfmann Y.,Kovacevic A.,59,69,Completed,1.53,2.5,,,1.57,2.55,1.53,2.44,file
2026-06-09,Stuttgart Open,ATP250,Outdoor,Grass,1st Round,3,Hijikata R.,Gentzsch T.,106,229,Completed,1.22,4.33,,,1.22,4.33,1.22,4.14,file
2026-06-09,Stuttgart Open,ATP250,Outdoor,Grass,1st Round,3,Kyrgios N.,Moutet C.,N/A,36,Completed,2.75,1.44,,,2.8,1.5,2.71,1.44,file
2026-06-09,Stuttgart Open,ATP250,Outdoor,Grass,1st Round,3,Mpetshi G.,Safiullin R.,93,135,Completed,,,,,11,1.07,8.92,1.05,file
2026-06-09,Stuttgart Open,ATP250,Outdoor,Grass,1st Round,3,Shimabukuro S.,Halys Q.,104,92,Completed,2.38,1.57,,,2.38,1.67,2.26,1.61,file
2026-06-09,Stuttgart Open,ATP250,Outdoor,Grass,1st Round,3,Struff J.L.,Galarneau A.,77,187,Completed,1.44,2.75,,,1.5,2.8,1.46,2.68,file
2026-06-09,Stuttgart Open,ATP250,Outdoor,Grass,1st Round,3,Tiafoe F.,Altmaier D.,26,85,Completed,1.29,3.75,,,1.3,4,1.26,3.7,file
2026-06-10,Rosmalen Grass Court Championships,ATP250,Outdoor,Grass,1st Round,3,Boogaard T.,Wu Y.,779,101,Completed,5,1.17,,,5,1.22,4.53,1.19,file
2026-06-10,Rosmalen Grass Court Championships,ATP250,Outdoor,Grass,2nd Round,3,De Minaur A.,Damm M.,6,114,Completed,1.25,4,,,1.25,4.2,1.23,3.95,file
2026-06-10,Rosmalen Grass Court Championships,ATP250,Outdoor,Grass,1st Round,3,Fucsovics M.,Hurkacz H.,75,96,Completed,3.2,1.36,,,3.2,1.4,2.94,1.39,file
2026-06-10,Rosmalen Grass Court Championships,ATP250,Outdoor,Grass,1st Round,3,Griekspoor T.,Van De Zandschulp B.,41,55,Completed,1.53,2.5,,,1.55,2.6,1.5,2.54,file
2026-06-10,Rosmalen Grass Court Championships,ATP250,Outdoor,Grass,1st Round,3,Majchrzak K.,Virtanen O.,76,158,Completed,2,1.8,,,2.06,1.85,1.99,1.78,file
2026-06-10,Rosmalen Grass Court Championships,ATP250,Outdoor,Grass,1st Round,3,McCabe J.,Bergs Z.,233,40,Completed,2.75,1.44,,,2.8,1.5,2.73,1.43,file
2026-06-10,Stuttgart Open,ATP250,Outdoor,Grass,2nd Round,3,Bellucci M.,Hanfmann Y.,78,59,Completed,2.2,1.67,,,2.2,1.87,2.07,1.73,file
2026-06-10,Stuttgart Open,ATP250,Outdoor,Grass,2nd Round,3,Bublik A.,Struff J.L.,11,77,Completed,1.36,3.2,,,1.42,3.2,1.38,2.94,file
2026-06-10,Stuttgart Open,ATP250,Outdoor,Grass,2nd Round,3,Mpetshi G.,Onclin G.,93,186,Completed,1.53,2.5,,,1.55,2.5,1.52,2.46,file
2026-06-11,Rosmalen Grass Court Championships,ATP250,Outdoor,Grass,2nd Round,3,Auger-Aliassime F.,Fucsovics M.,4,75,Completed,1.4,3,,,1.44,3,1.39,2.88,file
2026-06-11,Rosmalen Grass Court Championships,ATP250,Outdoor,Grass,2nd Round,3,Bonzi B.,Humbert U.,99,33,Completed,3,1.4,,,3,1.44,2.79,1.42,file
2026-06-11,Rosmalen Grass Court Championships,ATP250,Outdoor,Grass,2nd Round,3,Majchrzak K.,McCabe J.,76,233,Completed,1.33,3.4,,,1.36,3.5,1.33,3.23,file
2026-06-11,Rosmalen Grass Court Championships,ATP250,Outdoor,Grass,2nd Round,3,Mannarino A.,Rinderknech A.,46,24,Completed,2,1.8,,,2.1,1.8,2.02,1.75,file
2026-06-11,Rosmalen Grass Court Championships,ATP250,Outdoor,Grass,2nd Round,3,Zhang Zh.,Griekspoor T.,214,41,Completed,3.2,1.36,,,3.2,1.42,2.95,1.38,file
2026-06-11,Stuttgart Open,ATP250,Outdoor,Grass,2nd Round,3,Fritz T.,Landaluce M.,9,58,Completed,1.36,3.2,,,1.42,3.2,1.39,2.93,file
2026-06-11,Stuttgart Open,ATP250,Outdoor,Grass,2nd Round,3,Lehecka J.,Duckworth J.,12,79,Completed,1.29,3.75,,,1.3,3.75,1.28,3.53,file
2026-06-11,Stuttgart Open,ATP250,Outdoor,Grass,2nd Round,3,Shimabukuro S.,Kyrgios N.,104,N/A,Completed,2.38,1.57,,,2.38,1.6,2.31,1.58,file
2026-06-11,Stuttgart Open,ATP250,Outdoor,Grass,2nd Round,3,Tiafoe F.,Hijikata R.,26,106,Completed,1.4,3,,,1.44,3.15,1.39,2.92,file
2026-06-12,Rosmalen Grass Court Championships,ATP250,Outdoor,Grass,2nd Round,3,Cilic M.,Borges N.,47,50,Completed,1.91,1.91,,,1.95,1.92,1.87,1.88,file
2026-06-12,Rosmalen Grass Court Championships,ATP250,Outdoor,Grass,Quarterfinals,3,De Minaur A.,Bonzi B.,6,99,Completed,1.22,4.33,,,1.22,4.5,1.21,4.25,file
2026-06-12,Rosmalen Grass Court Championships,ATP250,Outdoor,Grass,Quarterfinals,3,Majchrzak K.,Auger-Aliassime F.,76,4,Completed,3.4,1.33,,,3.5,1.35,3.24,1.33,file
2026-06-12,Rosmalen Grass Court Championships,ATP250,Outdoor,Grass,Quarterfinals,3,Mannarino A.,Zhang Zh.,46,214,Completed,1.62,2.3,,,1.67,2.35,1.6,2.27,file
2026-06-12,Rosmalen Grass Court Championships,ATP250,Outdoor,Grass,2nd Round,3,Medvedev D.,Boogaard T.,8,779,Completed,1.08,8,,,1.09,8,1.08,7.48,file
2026-06-12,Stuttgart Open,ATP250,Outdoor,Grass,Quarterfinals,3,Bublik A.,Mpetshi G.,11,93,Completed,1.53,2.5,,,1.54,2.63,1.5,2.52,file
2026-06-12,Stuttgart Open,ATP250,Outdoor,Grass,Quarterfinals,3,Fritz T.,Bellucci M.,9,78,Completed,1.29,3.75,,,1.33,3.8,1.29,3.51,file
2026-06-12,Stuttgart Open,ATP250,Outdoor,Grass,Quarterfinals,3,Lehecka J.,Tiafoe F.,12,26,Completed,1.73,2.1,,,1.85,2.11,1.75,2.02,file
2026-06-12,Stuttgart Open,ATP250,Outdoor,Grass,2nd Round,3,Shelton B.,Giron M.,5,88,Completed,1.36,3.2,,,1.38,3.25,1.35,3.11,file
2026-06-13,Rosmalen Grass Court Championships,ATP250,Outdoor,Grass,Semifinals,3,De Minaur A.,Mannarino A.,6,46,Completed,1.2,4.5,,,1.22,4.5,1.21,4.3,file
2026-06-13,Rosmalen Grass Court Championships,ATP250,Outdoor,Grass,Semifinals,3,Majchrzak K.,Medvedev D.,76,8,Completed,3,1.4,,,3.1,1.45,2.91,1.39,file
2026-06-13,Rosmalen Grass Court Championships,ATP250,Outdoor,Grass,Quarterfinals,3,Medvedev D.,Cilic M.,8,47,Completed,1.44,2.75,,,1.53,2.8,1.46,2.66,file
2026-06-13,Stuttgart Open,ATP250,Outdoor,Grass,Semifinals,3,Fritz T.,Bublik A.,9,11,Completed,2.1,1.73,,,2.2,1.8,2.09,1.71,file
2026-06-13,Stuttgart Open,ATP250,Outdoor,Grass,Quarterfinals,3,Shelton B.,Shimabukuro S.,5,104,Completed,1.29,3.75,,,1.33,3.9,1.3,3.42,file
2026-06-13,Stuttgart Open,ATP250,Outdoor,Grass,Semifinals,3,Shelton B.,Lehecka J.,5,12,Completed,1.91,1.91,,,1.95,1.91,1.89,1.87,file
2026-06-14,Rosmalen Grass Court Championships,ATP250,Outdoor,Grass,The Final,3,Majchrzak K.,De Minaur A.,76,6,Completed,3.75,1.29,,,3.75,1.36,3.5,1.29,file
2026-06-14,Stuttgart Open,ATP250,Outdoor,Grass,The Final,3,Shelton B.,Fritz T.,5,9,Completed,2,1.8,,,2.02,1.91,1.96,1.81,file
2026-06-15,Halle Open,ATP500,Outdoor,Grass,1st Round,3,Altmaier D.,Basilashvili N.,81,118,Completed,2.3,1.62,,,2.33,1.67,2.25,1.61,file
2026-06-15,Halle Open,ATP500,Outdoor,Grass,1st Round,3,Atmane T.,Landaluce M.,53,55,Completed,2.5,1.53,,,2.63,1.53,2.54,1.49,file
2026-06-15,Halle Open,ATP500,Outdoor,Grass,1st Round,3,Auger-Aliassime F.,Borges N.,4,54,Completed,1.4,3,,,1.4,3.25,1.35,3.11,file
2026-06-15,Halle Open,ATP500,Outdoor,Grass,1st Round,3,Tiafoe F.,Cobolli F.,26,10,Completed,1.73,2.1,,,1.73,2.2,1.68,2.13,file
2026-06-15,Halle Open,ATP500,Outdoor,Grass,1st Round,3,Tien L.,Schoenhaus M.,19,336,Completed,1.17,5,,,1.18,5,1.17,4.81,file
2026-06-15,Queen's Club Championships,ATP500,Outdoor,Grass,1st Round,3,Paul T.,Svajda Z.,28,69,Completed,1.4,3,,,1.4,3.25,1.37,2.99,file
2026-06-15,Queen's Club Championships,ATP500,Outdoor,Grass,1st Round,3,Shapovalov D.,Pinnington Jones J.,41,147,Completed,1.62,2.3,,,1.67,2.3,1.63,2.21,file
2026-06-15,Queen's Club Championships,ATP500,Outdoor,Grass,1st Round,3,Van De Zandschulp B.,Wendelken H.,56,224,Completed,1.44,2.75,,,1.5,2.9,1.45,2.68,file
2026-06-16,Halle Open,ATP500,Outdoor,Grass,1st Round,3,Bellucci M.,Bublik A.,74,11,Completed,3.4,1.33,,,3.4,1.37,3.16,1.34,file
2026-06-16,Halle Open,ATP500,Outdoor,Grass,1st Round,3,Collignon R.,Popyrin A.,51,90,Completed,1.57,2.38,,,1.57,2.43,1.56,2.37,file
2026-06-16,Halle Open,ATP500,Outdoor,Grass,1st Round,3,Hanfmann Y.,Fonseca J.,59,25,Completed,3.4,1.33,,,3.4,1.38,3.09,1.35,file
2026-06-16,Halle Open,ATP500,Outdoor,Grass,1st Round,3,Hurkacz H.,Rublev A.,103,13,Completed,1.91,1.91,,,1.92,1.95,1.87,1.89,file
2026-06-16,Halle Open,ATP500,Outdoor,Grass,1st Round,3,Marozsan F.,Kecmanovic M.,61,50,Completed,2.38,1.57,,,2.45,1.6,2.34,1.56,file
2026-06-16,Halle Open,ATP500,Outdoor,Grass,1st Round,3,Medvedev D.,Etcheverry T.,7,30,Completed,1.2,4.5,,,1.22,4.6,1.2,4.4,file
2026-06-16,Halle Open,ATP500,Outdoor,Grass,1st Round,3,Quinn E.,Khachanov K.,66,18,Completed,3,1.4,,,3,1.44,2.85,1.4,file
2026-06-16,Halle Open,ATP500,Outdoor,Grass,1st Round,3,Shimabukuro S.,Griekspoor T.,97,40,Completed,2.2,1.67,,,2.25,1.71,2.18,1.66,file
2026-06-16,Halle Open,ATP500,Outdoor,Grass,1st Round,3,Zverev A.,Kopriva V.,3,64,Completed,1.05,11,,,1.06,13,1.05,9.88,file
2026-06-16,Queen's Club Championships,ATP500,Outdoor,Grass,1st Round,3,Brooksby J.,Damm M.,73,108,Completed,2.2,1.67,,,2.31,1.67,2.2,1.64,file
2026-06-16,Queen's Club Championships,ATP500,Outdoor,Grass,1st Round,3,Buse I.,Giron M.,35,86,Completed,3.2,1.36,,,3.3,1.37,3.11,1.35,file
2026-06-16,Queen's Club Championships,ATP500,Outdoor,Grass,1st Round,3,Cerundolo F.,Kovacevic A.,27,68,Completed,1.53,2.5,,,1.57,2.5,1.53,2.44,file
2026-06-16,Queen's Club Championships,ATP500,Outdoor,Grass,1st Round,3,Davidovich Fokina A.,Norrie C.,22,29,Completed,1.73,2.1,,,1.73,2.2,1.68,2.15,file
2026-06-16,Queen's Club Championships,ATP500,Outdoor,Grass,1st Round,3,De Minaur A.,Diallo G.,6,84,Completed,1.2,4.5,,,1.2,5.5,1.17,4.74,file
2026-06-16,Queen's Club Championships,ATP500,Outdoor,Grass,1st Round,3,Fery A.,Samuel T.,140,144,Completed,1.67,2.2,,,1.73,2.23,1.67,2.15,file
2026-06-16,Queen's Club Championships,ATP500,Outdoor,Grass,1st Round,3,Hijikata R.,Tabilo A.,104,31,Completed,1.91,1.91,,,1.95,2.25,1.8,1.92,file
2026-06-16,Queen's Club Championships,ATP500,Outdoor,Grass,1st Round,3,Humbert U.,Cilic M.,33,46,Completed,1.73,2.1,,,1.73,2.3,1.65,2.18,file
2026-06-16,Queen's Club Championships,ATP500,Outdoor,Grass,1st Round,3,Lehecka J.,Majchrzak K.,12,47,Completed,1.5,2.63,,,1.5,2.88,1.43,2.74,file
2026-06-16,Queen's Club Championships,ATP500,Outdoor,Grass,1st Round,3,Mannarino A.,Mensik J.,44,16,Completed,2.63,1.5,,,2.63,1.5,2.6,1.48,file
2026-06-16,Queen's Club Championships,ATP500,Outdoor,Grass,1st Round,3,Medjedovic H.,Rinderknech A.,67,24,Completed,2.1,1.73,,,2.1,1.91,2.04,1.74,file
2026-06-16,Queen's Club Championships,ATP500,Outdoor,Grass,1st Round,3,Moutet C.,Mpetshi G.,36,87,Completed,2.5,1.53,,,2.63,1.83,2.41,1.56,file
2026-06-16,Queen's Club Championships,ATP500,Outdoor,Grass,1st Round,3,Nakashima B.,Fucsovics M.,32,76,Completed,1.53,2.5,,,1.56,2.6,1.51,2.5,file
2026-06-17,Halle Open,ATP500,Outdoor,Grass,2nd Round,3,Altmaier D.,Hurkacz H.,81,103,Completed,4,1.25,,,4,1.26,3.83,1.25,file
2026-06-17,Halle Open,ATP500,Outdoor,Grass,2nd Round,3,Auger-Aliassime F.,Tien L.,4,19,Completed,1.73,2.1,,,1.73,2.2,1.69,2.13,file
2026-06-17,Halle Open,ATP500,Outdoor,Grass,1st Round,3,Fritz T.,Bergs Z.,9,48,Completed,1.22,4.33,,,1.25,4.33,1.23,4.03,file
2026-06-17,Halle Open,ATP500,Outdoor,Grass,2nd Round,3,Medvedev D.,Atmane T.,7,53,Completed,1.17,5,,,1.2,6,1.17,4.8,file
2026-06-17,Halle Open,ATP500,Outdoor,Grass,1st Round,3,Shelton B.,Sonego L.,5,65,Completed,1.2,4.5,,,1.25,4.5,1.22,4.07,file
2026-06-17,Halle Open,ATP500,Outdoor,Grass,2nd Round,3,Tiafoe F.,Shimabukuro S.,26,97,Completed,1.4,3,,,1.4,3,1.39,2.9,file
2026-06-17,Queen's Club Championships,ATP500,Outdoor,Grass,2nd Round,3,Cerundolo F.,Brooksby J.,27,73,Completed,1.53,2.5,,,1.57,2.63,1.51,2.51,file
2026-06-17,Queen's Club Championships,ATP500,Outdoor,Grass,2nd Round,3,De Minaur A.,Shapovalov D.,6,41,Completed,1.25,4,,,1.26,4,1.24,3.88,file
2026-06-17,Queen's Club Championships,ATP500,Outdoor,Grass,2nd Round,3,Fery A.,Mannarino A.,140,44,Completed,2.1,1.73,,,2.1,1.85,2.03,1.75,file
2026-06-17,Queen's Club Championships,ATP500,Outdoor,Grass,2nd Round,3,Nakashima B.,Buse I.,32,35,Completed,1.29,3.75,,,1.3,3.75,1.28,3.58,file
2026-06-18,Halle Open,ATP500,Outdoor,Grass,2nd Round,3,Collignon R.,Bellucci M.,51,74,Completed,1.8,2,,,1.8,2.1,1.78,2,file
2026-06-18,Halle Open,ATP500,Outdoor,Grass,2nd Round,3,Fritz T.,Marozsan F.,9,61,Completed,1.2,4.5,,,1.22,4.6,1.2,4.35,file
2026-06-18,Halle Open,ATP500,Outdoor,Grass,2nd Round,3,Shelton B.,Quinn E.,5,66,Completed,1.25,4,,,1.29,4,1.26,3.77,file
2026-06-18,Halle Open,ATP500,Outdoor,Grass,2nd Round,3,Zverev A.,Hanfmann Y.,3,59,Completed,1.11,6.5,,,1.13,7,1.11,6.22,file
2026-06-18,Queen's Club Championships,ATP500,Outdoor,Grass,2nd Round,3,Davidovich Fokina A.,Moutet C.,22,36,Completed,1.5,2.63,,,1.55,2.63,1.52,2.47,file
2026-06-18,Queen's Club Championships,ATP500,Outdoor,Grass,2nd Round,3,Hijikata R.,Lehecka J.,104,12,Completed,3.5,1.3,,,3.5,1.3,3.44,1.3,file
2026-06-18,Queen's Club Championships,ATP500,Outdoor,Grass,2nd Round,3,Paul T.,Van De Zandschulp B.,28,56,Completed,1.25,4,,,1.28,4,1.26,3.73,file
2026-06-19,Halle Open,ATP500,Outdoor,Grass,Quarterfinals,3,Altmaier D.,Medvedev D.,81,7,Completed,5.5,1.14,,,5.5,1.17,5.15,1.15,file
2026-06-19,Halle Open,ATP500,Outdoor,Grass,Quarterfinals,3,Fritz T.,Shelton B.,9,5,Completed,1.73,2.1,,,1.83,2.12,1.74,2.05,file
2026-06-19,Halle Open,ATP500,Outdoor,Grass,Quarterfinals,3,Tiafoe F.,Auger-Aliassime F.,26,4,Completed,2.3,1.62,,,2.33,1.63,2.26,1.61,file
2026-06-19,Halle Open,ATP500,Outdoor,Grass,Quarterfinals,3,Zverev A.,Collignon R.,3,51,Completed,1.17,5,,,1.17,5.5,1.16,4.91,file
2026-06-19,Queen's Club Championships,ATP500,Outdoor,Grass,Quarterfinals,3,Cerundolo F.,Fery A.,27,140,Completed,1.62,2.3,,,1.63,2.63,1.56,2.35,file
2026-06-19,Queen's Club Championships,ATP500,Outdoor,Grass,2nd Round,3,Humbert U.,Medjedovic H.,33,67,Completed,1.67,2.2,,,1.67,2.4,1.62,2.3,file
2026-06-19,Queen's Club Championships,ATP500,Outdoor,Grass,Quarterfinals,3,Humbert U.,Hijikata R.,33,104,Completed,1.44,2.75,,,1.55,2.75,1.48,2.57,file
2026-06-19,Queen's Club Championships,ATP500,Outdoor,Grass,Quarterfinals,3,Nakashima B.,De Minaur A.,32,6,Completed,3.2,1.36,,,3.2,1.4,3.01,1.36,file
2026-06-19,Queen's Club Championships,ATP500,Outdoor,Grass,Quarterfinals,3,Paul T.,Davidovich Fokina A.,28,22,Completed,1.4,3,,,1.4,3.1,1.37,2.99,file
2026-06-20,Halle Open,ATP500,Outdoor,Grass,Semifinals,3,Fritz T.,Zverev A.,9,3,Completed,2.3,1.62,,,2.5,1.67,2.27,1.61,file
2026-06-20,Halle Open,ATP500,Outdoor,Grass,Semifinals,3,Tiafoe F.,Altmaier D.,26,81,Completed,1.33,3.4,,,1.36,3.5,1.33,3.2,file
2026-06-20,Queen's Club Championships,ATP500,Outdoor,Grass,Semifinals,3,Cerundolo F.,Nakashima B.,27,32,Completed,2.38,1.57,,,2.55,1.58,2.41,1.54,file
2026-06-20,Queen's Club Championships,ATP500,Outdoor,Grass,Semifinals,3,Paul T.,Humbert U.,28,33,Completed,1.57,2.38,,,1.57,2.63,1.53,2.45,file
2026-06-21,Halle Open,ATP500,Outdoor,Grass,The Final,3,Tiafoe F.,Fritz T.,26,9,Completed,3,1.4,,,3,1.45,2.81,1.41,file
2026-06-21,Mallorca Championships,ATP250,Outdoor,Grass,1st Round,3,Borges N.,Mannarino A.,53,40,Completed,1.73,2.1,,,1.8,2.1,1.75,2.04,file
2026-06-21,Mallorca Championships,ATP250,Outdoor,Grass,1st Round,3,Hanfmann Y.,Vallejo D.,55,73,Completed,1.29,3.75,,,1.3,4.2,1.26,3.75,file
2026-06-21,Mallorca Championships,ATP250,Outdoor,Grass,1st Round,3,Sonego L.,Navone M.,72,38,Completed,1.57,2.38,,,1.62,2.5,1.56,2.35,file
2026-06-21,Queen's Club Championships,ATP500,Outdoor,Grass,The Final,3,Cerundolo F.,Paul T.,27,28,Completed,3,1.4,,,3,1.45,2.76,1.43,file
2026-06-22,Eastbourne International,ATP250,Outdoor,Grass,1st Round,3,Bergs Z.,Munar J.,48,44,Completed,1.67,2.2,,,1.73,2.25,1.69,2.13,file
2026-06-22,Eastbourne International,ATP250,Outdoor,Grass,1st Round,3,Cerundolo J.M.,Collignon R.,45,43,Completed,5,1.17,,,5,1.22,4.4,1.2,file
2026-06-22,Eastbourne International,ATP250,Outdoor,Grass,1st Round,3,Choinski J.,Popyrin A.,106,100,Completed,3,1.4,,,3,1.47,2.78,1.42,file
2026-06-22,Eastbourne International,ATP250,Outdoor,Grass,1st Round,3,Diallo G.,Atmane T.,91,50,Completed,1.73,2.1,,,1.75,2.1,1.73,2.07,file
2026-06-22,Eastbourne International,ATP250,Outdoor,Grass,1st Round,3,Draper J.,Giron M.,160,86,Completed,1.36,3.2,,,1.4,3.25,1.36,3.03,file
2026-06-22,Eastbourne International,ATP250,Outdoor,Grass,1st Round,3,Pinnington Jones J.,Trungelliti M.,145,94,Completed,,,,,1.4,2.88,1.38,2.82,file
2026-06-22,Mallorca Championships,ATP250,Outdoor,Grass,1st Round,3,Kecmanovic M.,Ghibaudo A.,51,303,Completed,1.14,5.5,,,1.15,7.5,1.1,6.67,file
2026-06-22,Mallorca Championships,ATP250,Outdoor,Grass,1st Round,3,Marozsan F.,Molcan A.,62,102,Completed,1.73,2.1,,,1.8,2.13,1.72,2.08,file
2026-06-22,Mallorca Championships,ATP250,Outdoor,Grass,1st Round,3,Quinn E.,Royer V.,63,75,Completed,1.4,3,,,1.44,3,1.41,2.81,file
2026-06-22,Mallorca Championships,ATP250,Outdoor,Grass,1st Round,3,Shelbayh A.,Moutet C.,299,36,Completed,,,,,4.33,1.2,4.33,1.2,file
2026-06-22,Mallorca Championships,ATP250,Outdoor,Grass,1st Round,3,Struff J.L.,Landaluce M.,77,58,Completed,2.3,1.62,,,2.3,1.73,2.23,1.62,file
2026-06-22,Mallorca Championships,ATP250,Outdoor,Grass,1st Round,3,Walton A.,Kyrgios N.,92,900,Completed,2.3,1.62,,,2.3,1.67,2.23,1.62,file
2026-06-23,Eastbourne International,ATP250,Outdoor,Grass,1st Round,3,Altmaier D.,Kovacevic A.,59,70,Completed,1.91,1.91,,,1.91,1.95,1.84,1.91,file
2026-06-23,Eastbourne International,ATP250,Outdoor,Grass,1st Round,3,Brooksby J.,Vukic A.,67,103,Completed,1.62,2.3,,,1.67,2.3,1.62,2.23,file
2026-06-23,Eastbourne International,ATP250,Outdoor,Grass,1st Round,3,Fery A.,Burruchaga R.,118,66,Completed,1.22,4.33,,,1.25,4.33,1.23,3.98,file
2026-06-23,Eastbourne International,ATP250,Outdoor,Grass,1st Round,3,Humbert U.,Bellucci M.,30,65,Completed,1.53,2.5,,,1.57,2.5,1.53,2.44,file
2026-06-23,Eastbourne International,ATP250,Outdoor,Grass,1st Round,3,Hussey G.,Arnaldi M.,293,35,Completed,3.5,1.3,,,3.75,1.3,3.59,1.27,file
2026-06-23,Eastbourne International,ATP250,Outdoor,Grass,1st Round,3,Tirante T. A.,Stewart H.,54,305,Completed,,,,,1.62,2.3,1.62,2.3,file
2026-06-23,Mallorca Championships,ATP250,Outdoor,Grass,2nd Round,3,Borges N.,Struff J.L.,53,77,Completed,1.57,2.38,,,1.58,2.42,1.56,2.38,file
2026-06-23,Mallorca Championships,ATP250,Outdoor,Grass,1st Round,3,Buse I.,Tsitsipas S.,34,88,Completed,2.3,1.62,,,2.3,1.63,2.27,1.6,file
2026-06-23,Mallorca Championships,ATP250,Outdoor,Grass,2nd Round,3,Darderi L.,Hanfmann Y.,16,55,Completed,2.38,1.57,,,2.5,1.62,2.33,1.58,file
2026-06-23,Mallorca Championships,ATP250,Outdoor,Grass,1st Round,3,Dimitrov G.,Polmans M.,164,366,Completed,1.14,5.5,,,1.2,5.5,1.16,4.86,file
2026-06-23,Mallorca Championships,ATP250,Outdoor,Grass,2nd Round,3,Kecmanovic M.,Sonego L.,51,72,Completed,1.73,2.1,,,1.8,2.1,1.74,2.04,file
2026-06-23,Mallorca Championships,ATP250,Outdoor,Grass,1st Round,3,Kopriva V.,Dzumhur D.,68,104,Completed,1.91,1.91,,,1.91,1.98,1.84,1.93,file
2026-06-23,Mallorca Championships,ATP250,Outdoor,Grass,2nd Round,3,Marozsan F.,Tabilo A.,62,33,Completed,2.3,1.62,,,2.3,1.66,2.24,1.62,file
2026-06-24,Eastbourne International,ATP250,Outdoor,Grass,2nd Round,3,Bergs Z.,Altmaier D.,48,59,Retired,1.53,2.5,,,1.57,2.6,1.52,2.46,file
2026-06-24,Eastbourne International,ATP250,Outdoor,Grass,2nd Round,3,Cerundolo J.M.,Fery A.,45,118,Completed,3,1.4,,,3.25,1.4,3.04,1.35,file
2026-06-24,Eastbourne International,ATP250,Outdoor,Grass,2nd Round,3,Choinski J.,Gill F.,106,220,Completed,1.5,2.63,,,1.62,2.75,1.5,2.57,file
2026-06-24,Eastbourne International,ATP250,Outdoor,Grass,2nd Round,3,Diallo G.,Etcheverry T.,91,32,Completed,1.67,2.2,,,1.71,2.31,1.64,2.2,file
2026-06-24,Eastbourne International,ATP250,Outdoor,Grass,2nd Round,3,Draper J.,Pinnington Jones J.,160,145,Completed,1.17,5,,,1.2,5,1.18,4.58,file
2026-06-24,Eastbourne International,ATP250,Outdoor,Grass,2nd Round,3,Halys Q.,Hussey G.,101,293,Completed,1.62,2.3,,,1.62,2.5,1.56,2.34,file
2026-06-24,Eastbourne International,ATP250,Outdoor,Grass,2nd Round,3,Humbert U.,Brooksby J.,30,67,Completed,1.44,2.75,,,1.5,2.75,1.45,2.67,file
2026-06-24,Eastbourne International,ATP250,Outdoor,Grass,2nd Round,3,Samuel T.,Tirante T. A.,142,54,Completed,1.62,2.3,,,1.67,2.3,1.6,2.26,file
2026-06-24,Mallorca Championships,ATP250,Outdoor,Grass,2nd Round,3,Davidovich Fokina A.,Walton A.,25,92,Completed,1.4,3,,,1.42,3.05,1.38,2.9,file
2026-06-24,Mallorca Championships,ATP250,Outdoor,Grass,2nd Round,3,Dimitrov G.,Shelbayh A.,164,299,Completed,1.2,4.5,,,1.2,5,1.18,4.59,file
2026-06-24,Mallorca Championships,ATP250,Outdoor,Grass,2nd Round,3,Kopriva V.,Buse I.,68,34,Completed,2.2,1.67,,,2.25,1.73,2.18,1.66,file
2026-06-24,Mallorca Championships,ATP250,Outdoor,Grass,2nd Round,3,Quinn E.,Cassone M.,63,291,Completed,1.22,4.33,,,1.22,4.5,1.2,4.36,file
2026-06-25,Eastbourne International,ATP250,Outdoor,Grass,Quarterfinals,3,Bergs Z.,Choinski J.,48,106,Completed,1.3,3.5,,,1.33,3.5,1.31,3.29,file
2026-06-25,Eastbourne International,ATP250,Outdoor,Grass,Quarterfinals,3,Draper J.,Diallo G.,160,91,Completed,1.4,3,,,1.4,3.1,1.37,2.98,file
2026-06-25,Eastbourne International,ATP250,Outdoor,Grass,Quarterfinals,3,Humbert U.,Halys Q.,30,101,Completed,1.36,3.2,,,1.44,3.2,1.38,2.95,file
2026-06-25,Eastbourne International,ATP250,Outdoor,Grass,Quarterfinals,3,Samuel T.,Cerundolo J.M.,142,45,Completed,1.91,1.91,,,1.91,1.95,1.86,1.89,file
2026-06-25,Mallorca Championships,ATP250,Outdoor,Grass,Quarterfinals,3,Borges N.,Darderi L.,53,16,Completed,1.57,2.38,,,1.58,2.54,1.53,2.42,file
2026-06-25,Mallorca Championships,ATP250,Outdoor,Grass,Quarterfinals,3,Davidovich Fokina A.,Dimitrov G.,25,164,Completed,1.5,2.63,,,1.54,2.63,1.51,2.5,file
2026-06-25,Mallorca Championships,ATP250,Outdoor,Grass,Quarterfinals,3,Marozsan F.,Kecmanovic M.,62,51,Completed,2,1.8,,,2.05,1.81,2.01,1.76,file
2026-06-25,Mallorca Championships,ATP250,Outdoor,Grass,Quarterfinals,3,Quinn E.,Kopriva V.,63,68,Completed,1.53,2.5,,,1.53,2.63,1.5,2.53,file
2026-06-26,Eastbourne International,ATP250,Outdoor,Grass,Semifinals,3,Bergs Z.,Samuel T.,48,142,Completed,1.57,2.38,,,1.62,2.5,1.55,2.39,file
2026-06-26,Eastbourne International,ATP250,Outdoor,Grass,Semifinals,3,Humbert U.,Draper J.,30,160,Completed,2.63,1.5,,,2.75,1.5,2.61,1.47,file
2026-06-26,Mallorca Championships,ATP250,Outdoor,Grass,Semifinals,3,Davidovich Fokina A.,Marozsan F.,25,62,Completed,1.4,3,,,1.4,3.05,1.38,2.93,file
2026-06-26,Mallorca Championships,ATP250,Outdoor,Grass,Semifinals,3,Quinn E.,Borges N.,63,53,Completed,2.2,1.67,,,2.2,1.7,2.16,1.66,file
2026-06-27,Mallorca Championships,ATP250,Outdoor,Grass,The Final,3,Davidovich Fokina A.,Quinn E.,25,63,Completed,1.57,2.38,,,1.6,2.4,1.56,2.35,file
2026-06-28,Eastbourne International,ATP250,Outdoor,Grass,The Final,3,Bergs Z.,Humbert U.,48,30,Completed,3.2,1.36,,,3.25,1.37,3.11,1.35,file
2026-06-29,Wimbledon,Grand Slam,Outdoor,Grass,1st Round,5,Auger-Aliassime F.,Shevchenko A.,4,99,Completed,1.02,17,,,1.04,17,1.03,13.41,file
2026-06-29,Wimbledon,Grand Slam,Outdoor,Grass,1st Round,5,Borges N.,Boyer T.,48,191,Completed,1.3,3.5,,,1.44,3.6,1.32,3.28,file
2026-06-29,Wimbledon,Grand Slam,Outdoor,Grass,1st Round,5,Brooksby J.,Vukic A.,81,104,Completed,1.44,2.75,,,1.45,2.88,1.43,2.74,file
2026-06-29,Wimbledon,Grand Slam,Outdoor,Grass,1st Round,5,Buse I.,Nava E.,34,86,Completed,1.62,2.3,,,1.67,2.38,1.62,2.25,file
2026-06-29,Wimbledon,Grand Slam,Outdoor,Grass,1st Round,5,Carreno Busta P.,Shapovalov D.,71,41,Retired,3.2,1.36,,,3.25,1.4,3.02,1.37,file
2026-06-29,Wimbledon,Grand Slam,Outdoor,Grass,1st Round,5,Damm M.,Trungelliti M.,106,94,Completed,1.25,4,,,1.25,8.5,1.22,4.32,file
2026-06-29,Wimbledon,Grand Slam,Outdoor,Grass,1st Round,5,Davidovich Fokina A.,Cerundolo J.M.,23,42,Completed,1.22,4.33,,,1.25,4.5,1.22,4.14,file
2026-06-29,Wimbledon,Grand Slam,Outdoor,Grass,1st Round,5,Djokovic N.,Wu Y.,8,102,Completed,1.05,11,,,1.07,13,1.05,9.58,file
2026-06-29,Wimbledon,Grand Slam,Outdoor,Grass,1st Round,5,Fonseca J.,Bautista Agut R.,27,183,Completed,1.29,3.75,,,1.29,4.5,1.22,4.21,file
2026-06-29,Wimbledon,Grand Slam,Outdoor,Grass,1st Round,5,Fucsovics M.,Van Assche L.,76,80,Retired,1.44,2.75,,,1.5,2.83,1.45,2.68,file
2026-06-29,Wimbledon,Grand Slam,Outdoor,Grass,1st Round,5,Hurkacz H.,Ruud C.,96,12,Completed,1.44,2.75,,,1.47,2.83,1.45,2.71,file
2026-06-29,Wimbledon,Grand Slam,Outdoor,Grass,1st Round,5,Jodar R.,Gill F.,26,220,Completed,1.14,5.5,,,1.16,6,1.14,5.43,file
2026-06-29,Wimbledon,Grand Slam,Outdoor,Grass,1st Round,5,Kwon S.,Landaluce M.,200,60,Completed,2.3,1.62,,,2.5,1.66,2.34,1.57,file
2026-06-29,Wimbledon,Grand Slam,Outdoor,Grass,1st Round,5,Marozsan F.,Tirante T.A.,53,55,Completed,1.44,2.75,,,1.5,2.8,1.45,2.69,file
2026-06-29,Wimbledon,Grand Slam,Outdoor,Grass,1st Round,5,Medvedev D.,Cilic M.,9,62,Completed,1.33,3.4,,,1.4,3.45,1.33,3.22,file
2026-06-29,Wimbledon,Grand Slam,Outdoor,Grass,1st Round,5,Mejia N.,Vallejo D.,165,72,Completed,2.2,1.67,,,2.2,1.75,2.15,1.68,file
2026-06-29,Wimbledon,Grand Slam,Outdoor,Grass,1st Round,5,Merida Aguilar D.,Ugo Carabelli C.,84,59,Retired,1.73,2.1,,,1.75,2.15,1.71,2.08,file
2026-06-29,Wimbledon,Grand Slam,Outdoor,Grass,1st Round,5,Mochizuki S.,Basing M.,151,329,Completed,1.4,3,,,1.48,3,1.41,2.82,file
2026-06-29,Wimbledon,Grand Slam,Outdoor,Grass,1st Round,5,Ofner S.,Medjedovic H.,110,68,Completed,2.75,1.44,,,2.83,1.45,2.73,1.44,file
2026-06-29,Wimbledon,Grand Slam,Outdoor,Grass,1st Round,5,Paul T.,Muller A.,25,126,Completed,1.03,15,,,1.03,19,1.02,14.34,file
2026-06-29,Wimbledon,Grand Slam,Outdoor,Grass,1st Round,5,Prizmic D.,Walton A.,89,85,Completed,1.73,2.1,,,1.8,2.2,1.7,2.11,file
2026-06-29,Wimbledon,Grand Slam,Outdoor,Grass,1st Round,5,Quinn E.,Darderi L.,47,16,Completed,1.5,2.63,,,1.57,2.63,1.52,2.47,file
2026-06-29,Wimbledon,Grand Slam,Outdoor,Grass,1st Round,5,Rinderknech A.,Tarvet O.,28,348,Completed,1.67,2.2,,,1.7,2.24,1.66,2.18,file
2026-06-29,Wimbledon,Grand Slam,Outdoor,Grass,1st Round,5,Safiullin R.,Rublev A.,132,13,Completed,2.75,1.44,,,2.83,1.45,2.72,1.44,file
2026-06-29,Wimbledon,Grand Slam,Outdoor,Grass,1st Round,5,Sinner J.,Kecmanovic M.,1,50,Completed,1.01,21,,,1.02,26,1.01,18.66,file
2026-06-29,Wimbledon,Grand Slam,Outdoor,Grass,1st Round,5,Struff J.L.,Baez S.,74,57,Completed,1.36,3.2,,,1.38,3.2,1.35,3.06,file
2026-06-29,Wimbledon,Grand Slam,Outdoor,Grass,1st Round,5,Tien L.,Svrcina D.,17,112,Completed,1.1,7,,,1.11,7.5,1.1,6.66,file
2026-06-29,Wimbledon,Grand Slam,Outdoor,Grass,1st Round,5,Tsitsipas S.,Gaston H.,87,118,Completed,1.44,2.75,,,1.5,2.85,1.44,2.71,file
2026-06-29,Wimbledon,Grand Slam,Outdoor,Grass,1st Round,5,Van De Zandschulp B.,Kovacevic A.,54,70,Completed,1.53,2.5,,,1.55,2.55,1.52,2.48,file
2026-06-29,Wimbledon,Grand Slam,Outdoor,Grass,1st Round,5,Zheng M.,Norrie C.,144,29,Completed,2.38,1.57,,,2.45,1.62,2.36,1.56,file
2026-06-30,Wimbledon,Grand Slam,Outdoor,Grass,1st Round,5,Bergs Z.,Humbert U.,37,30,Completed,2.63,1.5,,,2.88,1.5,2.7,1.45,file
2026-06-30,Wimbledon,Grand Slam,Outdoor,Grass,1st Round,5,Berrettini M.,Wawrinka S.,51,109,Completed,1.22,4.33,,,1.25,4.5,1.22,4.19,file
2026-06-30,Wimbledon,Grand Slam,Outdoor,Grass,1st Round,5,Bublik A.,Kokkinakis T.,11,491,Completed,1.36,3.2,,,1.44,3.25,1.39,2.94,file
2026-06-30,Wimbledon,Grand Slam,Outdoor,Grass,1st Round,5,Choinski J.,Kopriva V.,100,64,Completed,2.3,1.62,,,2.33,1.67,2.23,1.62,file
2026-06-30,Wimbledon,Grand Slam,Outdoor,Grass,1st Round,5,De Jong J.,Hijikata R.,73,82,Completed,3.4,1.33,,,5,1.34,3.46,1.31,file
2026-06-30,Wimbledon,Grand Slam,Outdoor,Grass,1st Round,5,De Minaur A.,Burruchaga R.,6,65,Completed,1.03,15,,,1.04,15,1.03,12.41,file
2026-06-30,Wimbledon,Grand Slam,Outdoor,Grass,1st Round,5,Diallo G.,Bonzi B.,88,93,Retired,1.91,1.91,,,2,1.93,1.92,1.85,file
2026-06-30,Wimbledon,Grand Slam,Outdoor,Grass,1st Round,5,Dimitrov G.,Sweeny D.,146,127,Completed,1.25,4,,,1.29,4,1.25,3.78,file
2026-06-30,Wimbledon,Grand Slam,Outdoor,Grass,1st Round,5,Duckworth J.,Griekspoor T.,79,58,Completed,2.75,1.44,,,2.8,1.47,2.72,1.44,file
2026-06-30,Wimbledon,Grand Slam,Outdoor,Grass,1st Round,5,Faria J.,Shimabukuro S.,98,90,Completed,2,1.8,,,2,1.86,1.96,1.82,file
2026-06-30,Wimbledon,Grand Slam,Outdoor,Grass,1st Round,5,Fearnley J.,Michelsen A.,159,46,Completed,2.3,1.62,,,2.38,1.64,2.27,1.61,file
2026-06-30,Wimbledon,Grand Slam,Outdoor,Grass,1st Round,5,Fery A.,Dzumhur D.,114,105,Completed,1.22,4.33,,,1.24,4.5,1.21,4.2,file
2026-06-30,Wimbledon,Grand Slam,Outdoor,Grass,1st Round,5,Fils A.,Collignon R.,24,43,Completed,1.67,2.2,,,1.73,2.24,1.67,2.17,file
2026-06-30,Wimbledon,Grand Slam,Outdoor,Grass,1st Round,5,Fritz T.,Lajovic D.,7,153,Completed,1.05,11,,,1.05,16,1.04,10.88,file
2026-06-30,Wimbledon,Grand Slam,Outdoor,Grass,1st Round,5,Giron M.,Moutet C.,92,39,Completed,1.73,2.1,,,1.76,2.15,1.73,2.08,file
2026-06-30,Wimbledon,Grand Slam,Outdoor,Grass,1st Round,5,Halys Q.,Arnaldi M.,95,35,Completed,1.67,2.2,,,1.75,2.25,1.67,2.16,file
2026-06-30,Wimbledon,Grand Slam,Outdoor,Grass,1st Round,5,Hanfmann Y.,Mpetshi G.,56,83,Completed,2.3,1.62,,,2.35,1.67,2.24,1.62,file
2026-06-30,Wimbledon,Grand Slam,Outdoor,Grass,1st Round,5,Jacquet K.,Gaubas V.,139,129,Completed,1.36,3.2,,,1.41,3.2,1.37,3.02,file
2026-06-30,Wimbledon,Grand Slam,Outdoor,Grass,1st Round,5,Khachanov K.,Harris B.,22,155,Completed,1.29,3.75,,,1.33,3.75,1.29,3.49,file
2026-06-30,Wimbledon,Grand Slam,Outdoor,Grass,1st Round,5,Kypson P.,McDonald M.,113,145,Completed,3.4,1.33,,,3.4,1.36,3.21,1.33,file
2026-06-30,Wimbledon,Grand Slam,Outdoor,Grass,1st Round,5,Lehecka J.,Popyrin A.,14,103,Completed,1.25,4,,,1.27,4,1.25,3.82,file
2026-06-30,Wimbledon,Grand Slam,Outdoor,Grass,1st Round,5,Majchrzak K.,Tabilo A.,45,33,Completed,1.44,2.75,,,1.45,2.9,1.43,2.76,file
2026-06-30,Wimbledon,Grand Slam,Outdoor,Grass,1st Round,5,Mannarino A.,Droguet T.,40,116,Completed,1.53,2.5,,,1.57,2.5,1.54,2.44,file
2026-06-30,Wimbledon,Grand Slam,Outdoor,Grass,1st Round,5,Mensik J.,Samuel T.,18,123,Completed,1.4,3,,,1.4,3.05,1.39,2.96,file
2026-06-30,Wimbledon,Grand Slam,Outdoor,Grass,1st Round,5,Munar J.,Cerundolo F.,44,21,Completed,3.75,1.29,,,4,1.29,3.68,1.27,file
2026-06-30,Wimbledon,Grand Slam,Outdoor,Grass,1st Round,5,Nakashima B.,Pinnington Jones J.,31,138,Completed,1.22,4.33,,,1.26,4.4,1.23,3.97,file
2026-06-30,Wimbledon,Grand Slam,Outdoor,Grass,1st Round,5,Royer V.,Wendelken H.,75,202,Completed,1.73,2.1,,,1.8,2.13,1.74,2.05,file
2026-06-30,Wimbledon,Grand Slam,Outdoor,Grass,1st Round,5,Sonego L.,Etcheverry T.,69,32,Completed,1.8,2,,,1.8,2.1,1.74,2.04,file
2026-06-30,Wimbledon,Grand Slam,Outdoor,Grass,1st Round,5,Svajda Z.,Llamas Ruiz P.,66,119,Completed,1.36,3.2,,,1.37,3.4,1.34,3.2,file
2026-06-30,Wimbledon,Grand Slam,Outdoor,Grass,1st Round,5,Virtanen O.,Shelton B.,140,5,Completed,4.5,1.2,,,4.5,1.22,4.25,1.21,file
2026-06-30,Wimbledon,Grand Slam,Outdoor,Grass,1st Round,5,Zverev A.,Blockx A.,3,36,Completed,1.1,7,,,1.1,8,1.09,7.02,file
2026-07-01,Wimbledon,Grand Slam,Outdoor,Grass,2nd Round,5,Auger-Aliassime F.,Prizmic D.,4,89,Completed,1.17,5,,,1.2,5.6,1.17,4.93,file
2026-07-01,Wimbledon,Grand Slam,Outdoor,Grass,2nd Round,5,Brooksby J.,Buse I.,81,34,Completed,1.62,2.3,,,1.65,2.38,1.63,2.25,file
2026-07-01,Wimbledon,Grand Slam,Outdoor,Grass,1st Round,5,Cobolli F.,Navone M.,10,38,Completed,1.25,4,,,1.26,4.1,1.24,3.89,file
2026-07-01,Wimbledon,Grand Slam,Outdoor,Grass,2nd Round,5,Davidovich Fokina A.,Marozsan F.,23,53,Completed,1.44,2.75,,,1.45,2.9,1.42,2.77,file
2026-07-01,Wimbledon,Grand Slam,Outdoor,Grass,2nd Round,5,Djokovic N.,Tsitsipas S.,8,87,Completed,1.17,5,,,1.17,5.25,1.16,5.02,file
2026-07-01,Wimbledon,Grand Slam,Outdoor,Grass,2nd Round,5,Fonseca J.,De Jong J.,27,73,Completed,1.13,6,,,1.18,6.5,1.14,5.48,file
2026-07-01,Wimbledon,Grand Slam,Outdoor,Grass,2nd Round,5,Fucsovics M.,Tien L.,76,17,Completed,3.5,1.3,,,3.5,1.34,3.34,1.32,file
2026-07-01,Wimbledon,Grand Slam,Outdoor,Grass,2nd Round,5,Hurkacz H.,Ofner S.,96,110,Completed,1.25,4,,,1.29,4,1.26,3.81,file
2026-07-01,Wimbledon,Grand Slam,Outdoor,Grass,2nd Round,5,Medvedev D.,Merida Aguilar D.,9,84,Completed,1.03,15,,,1.03,18,1.02,14.66,file
2026-07-01,Wimbledon,Grand Slam,Outdoor,Grass,2nd Round,5,Mochizuki S.,Quinn E.,151,47,Completed,3.4,1.33,,,3.5,1.35,3.29,1.33,file
2026-07-01,Wimbledon,Grand Slam,Outdoor,Grass,1st Round,5,Molcan A.,Altmaier D.,101,61,Completed,2,1.8,,,2.08,1.81,2.01,1.77,file
2026-07-01,Wimbledon,Grand Slam,Outdoor,Grass,2nd Round,5,Paul T.,Kwon S.,25,200,Completed,1.11,6.5,,,1.12,6.5,1.11,6.14,file
2026-07-01,Wimbledon,Grand Slam,Outdoor,Grass,2nd Round,5,Rinderknech A.,Damm M.,28,106,Completed,1.73,2.1,,,1.73,2.21,1.71,2.11,file
2026-07-01,Wimbledon,Grand Slam,Outdoor,Grass,2nd Round,5,Safiullin R.,Van De Zandschulp B.,132,54,Completed,1.57,2.38,,,1.62,2.4,1.59,2.29,file
2026-07-01,Wimbledon,Grand Slam,Outdoor,Grass,2nd Round,5,Sinner J.,Borges N.,1,48,Completed,1.02,17,,,1.03,23,1.02,15.28,file
2026-07-01,Wimbledon,Grand Slam,Outdoor,Grass,1st Round,5,Tiafoe F.,Atmane T.,19,52,Completed,1.2,4.5,,,1.25,4.7,1.22,4.25,file
2026-07-01,Wimbledon,Grand Slam,Outdoor,Grass,2nd Round,5,Zheng M.,Mejia N.,144,165,Completed,1.2,4.5,,,1.21,4.7,1.2,4.44,file
2026-07-02,Wimbledon,Grand Slam,Outdoor,Grass,2nd Round,5,Bergs Z.,Faria J.,37,98,Completed,1.44,2.75,,,1.45,2.88,1.43,2.74,file
2026-07-02,Wimbledon,Grand Slam,Outdoor,Grass,2nd Round,5,Berrettini M.,Fils A.,51,24,Completed,2.75,1.44,,,2.75,1.48,2.69,1.45,file
2026-07-02,Wimbledon,Grand Slam,Outdoor,Grass,2nd Round,5,Bublik A.,Jacquet K.,11,139,Completed,1.25,4,,,1.27,4,1.25,3.85,file
2026-07-02,Wimbledon,Grand Slam,Outdoor,Grass,2nd Round,5,Cobolli F.,Duckworth J.,10,79,Completed,1.4,3,,,1.44,3.2,1.37,3.03,file
2026-07-02,Wimbledon,Grand Slam,Outdoor,Grass,2nd Round,5,De Minaur A.,Mannarino A.,6,40,Completed,1.13,6,,,1.13,6.5,1.12,6.11,file
2026-07-02,Wimbledon,Grand Slam,Outdoor,Grass,2nd Round,5,Dimitrov G.,Mensik J.,146,18,Completed,2.5,1.53,,,2.55,1.54,2.48,1.52,file
2026-07-02,Wimbledon,Grand Slam,Outdoor,Grass,2nd Round,5,Fery A.,Virtanen O.,114,140,Completed,2.1,1.73,,,2.18,1.76,2.12,1.7,file
2026-07-02,Wimbledon,Grand Slam,Outdoor,Grass,2nd Round,5,Fritz T.,Kypson P.,7,113,Completed,1.04,13,,,1.05,15,1.04,11,file
2026-07-02,Wimbledon,Grand Slam,Outdoor,Grass,2nd Round,5,Giron M.,Halys Q.,92,95,Completed,1.8,2,,,1.84,2.02,1.79,1.98,file
2026-07-02,Wimbledon,Grand Slam,Outdoor,Grass,2nd Round,5,Jodar R.,Carreno Busta P.,26,71,Completed,1.25,4,,,1.25,4.5,1.22,4.09,file
2026-07-02,Wimbledon,Grand Slam,Outdoor,Grass,2nd Round,5,Khachanov K.,Hanfmann Y.,22,56,Completed,1.57,2.38,,,1.62,2.4,1.57,2.35,file
2026-07-02,Wimbledon,Grand Slam,Outdoor,Grass,2nd Round,5,Lehecka J.,Molcan A.,14,101,Completed,1.14,5.5,,,1.2,5.5,1.17,4.94,file
2026-07-02,Wimbledon,Grand Slam,Outdoor,Grass,2nd Round,5,Munar J.,Fearnley J.,44,159,Completed,1.67,2.2,,,1.7,2.25,1.66,2.18,file
2026-07-02,Wimbledon,Grand Slam,Outdoor,Grass,2nd Round,5,Sonego L.,Diallo G.,69,88,Completed,2,1.8,,,2,1.91,1.93,1.84,file
2026-07-02,Wimbledon,Grand Slam,Outdoor,Grass,2nd Round,5,Struff J.L.,Nakashima B.,74,31,Completed,3.75,1.29,,,3.8,1.29,3.69,1.27,file
2026-07-02,Wimbledon,Grand Slam,Outdoor,Grass,2nd Round,5,Svajda Z.,Majchrzak K.,66,45,Completed,2.2,1.67,,,2.38,1.67,2.28,1.61,file
2026-07-02,Wimbledon,Grand Slam,Outdoor,Grass,2nd Round,5,Tiafoe F.,Choinski J.,19,100,Completed,1.13,6,,,1.13,7,1.12,6.09,file
2026-07-02,Wimbledon,Grand Slam,Outdoor,Grass,2nd Round,5,Zverev A.,Royer V.,3,75,Completed,1.03,15,,,1.05,17,1.04,11.41,file
2026-07-03,Wimbledon,Grand Slam,Outdoor,Grass,3rd Round,5,Auger-Aliassime F.,Zheng M.,4,144,Completed,1.17,5,,,1.18,5.5,1.17,4.92,file
2026-07-03,Wimbledon,Grand Slam,Outdoor,Grass,3rd Round,5,Davidovich Fokina A.,Fucsovics M.,23,76,Completed,1.29,3.75,,,1.3,3.95,1.27,3.73,file
2026-07-03,Wimbledon,Grand Slam,Outdoor,Grass,3rd Round,5,Djokovic N.,Rinderknech A.,8,28,Completed,1.13,6,,,1.14,7,1.11,6.37,file
2026-07-03,Wimbledon,Grand Slam,Outdoor,Grass,3rd Round,5,Hurkacz H.,Paul T.,96,25,Completed,2.5,1.53,,,2.55,1.57,2.42,1.55,file
2026-07-03,Wimbledon,Grand Slam,Outdoor,Grass,3rd Round,5,Mochizuki S.,Jodar R.,151,26,Completed,3.5,1.3,,,3.6,1.33,3.47,1.3,file
2026-07-03,Wimbledon,Grand Slam,Outdoor,Grass,3rd Round,5,Safiullin R.,Fonseca J.,132,27,Completed,4,1.25,,,4,1.28,3.84,1.26,file
2026-07-03,Wimbledon,Grand Slam,Outdoor,Grass,3rd Round,5,Sinner J.,Brooksby J.,1,81,Completed,1.02,17,,,1.06,17,1.03,13.77,file
2026-07-03,Wimbledon,Grand Slam,Outdoor,Grass,3rd Round,5,Struff J.L.,Medvedev D.,74,9,Completed,5,1.17,,,5,1.2,4.64,1.18,file
2026-07-04,Wimbledon,Grand Slam,Outdoor,Grass,3rd Round,5,Bublik A.,Tiafoe F.,11,19,Completed,2,1.8,,,2.02,1.88,1.96,1.82,file
2026-07-04,Wimbledon,Grand Slam,Outdoor,Grass,3rd Round,5,Cobolli F.,Khachanov K.,10,22,Completed,2.3,1.62,,,2.38,1.65,2.27,1.6,file
2026-07-04,Wimbledon,Grand Slam,Outdoor,Grass,3rd Round,5,De Minaur A.,Svajda Z.,6,66,Completed,1.17,5,,,1.17,5.5,1.15,5.19,file
2026-07-04,Wimbledon,Grand Slam,Outdoor,Grass,3rd Round,3,Dimitrov G.,Berrettini M.,146,51,Completed,2.38,1.57,,,2.38,1.66,2.29,1.6,file
2026-07-04,Wimbledon,Grand Slam,Outdoor,Grass,3rd Round,5,Fery A.,Bergs Z.,114,37,Completed,2.1,1.73,,,2.15,1.8,2.08,1.72,file
2026-07-04,Wimbledon,Grand Slam,Outdoor,Grass,3rd Round,5,Fritz T.,Sonego L.,7,69,Completed,1.11,6.5,,,1.12,7,1.11,6.39,file
2026-07-04,Wimbledon,Grand Slam,Outdoor,Grass,3rd Round,5,Lehecka J.,Munar J.,14,44,Completed,1.22,4.33,,,1.29,4.33,1.26,3.75,file
2026-07-04,Wimbledon,Grand Slam,Outdoor,Grass,3rd Round,5,Zverev A.,Giron M.,3,92,Completed,1.06,10,,,1.07,11,1.06,9.11,file
2026-07-05,Wimbledon,Grand Slam,Outdoor,Grass,4th Round,5,Auger-Aliassime F.,Davidovich Fokina A.,4,23,Completed,1.57,2.38,,,1.6,2.43,1.57,2.37,file
2026-07-05,Wimbledon,Grand Slam,Outdoor,Grass,4th Round,5,Djokovic N.,Safiullin R.,8,132,Completed,1.17,5,,,1.21,5.5,1.16,5,file
2026-07-05,Wimbledon,Grand Slam,Outdoor,Grass,4th Round,5,Sinner J.,Mochizuki S.,1,151,Completed,1.02,19,,,1.03,23,1.02,16.63,file
2026-07-05,Wimbledon,Grand Slam,Outdoor,Grass,4th Round,5,Struff J.L.,Hurkacz H.,74,96,Retired,4,1.25,,,4,1.3,3.74,1.26,file
2026-07-06,Wimbledon,Grand Slam,Outdoor,Grass,4th Round,5,Cobolli F.,De Minaur A.,10,6,Completed,4,1.25,,,4.1,1.28,3.8,1.26,file
2026-07-06,Wimbledon,Grand Slam,Outdoor,Grass,4th Round,5,Fery A.,Dimitrov G.,114,146,Completed,3,1.4,,,3.2,1.42,2.98,1.38,file
2026-07-06,Wimbledon,Grand Slam,Outdoor,Grass,4th Round,5,Fritz T.,Bublik A.,7,11,Completed,1.44,2.75,,,1.46,3,1.41,2.83,file
2026-07-07,Wimbledon,Grand Slam,Outdoor,Grass,Quarterfinals,5,Djokovic N.,Auger-Aliassime F.,8,4,Completed,1.57,2.38,,,1.62,2.4,1.6,2.31,file
2026-07-07,Wimbledon,Grand Slam,Outdoor,Grass,Quarterfinals,5,Sinner J.,Struff J.L.,1,74,Completed,1.04,13,,,1.06,17,1.05,11.02,file
2026-07-07,Wimbledon,Grand Slam,Outdoor,Grass,4th Round,5,Zverev A.,Lehecka J.,3,14,Completed,1.33,3.4,,,1.33,3.6,1.31,3.35,file
2026-07-08,Wimbledon,Grand Slam,Outdoor,Grass,Quarterfinals,5,Fery A.,Cobolli F.,114,10,Completed,3,1.4,,,3.3,1.4,3.08,1.36,file
2026-07-08,Wimbledon,Grand Slam,Outdoor,Grass,Quarterfinals,5,Zverev A.,Fritz T.,3,7,Completed,2,1.8,,,2.1,1.8,2.02,1.78,file
2026-07-10,Wimbledon,Grand Slam,Outdoor,Grass,Semifinals,5,Sinner J.,Djokovic N.,1,8,Completed,1.18,5,,,1.22,5,1.19,4.71,file
2026-07-10,Wimbledon,Grand Slam,Outdoor,Grass,Semifinals,5,Zverev A.,Fery A.,3,114,Completed,6,1.13,,,6.5,1.14,5.86,1.13,file
2026-07-12,Wimbledon,Grand Slam,Outdoor,Grass,The Final,5,Sinner J.,Zverev A.,1,3,Completed,1.2,4.5,,,1.22,5,1.19,4.53,file
2026-07-13,Croatia Open,ATP250,Outdoor,Clay,1st Round,3,Dzumhur D.,Rocha H.,108,124,Completed,2.2,1.67,,,2.2,1.75,2.14,1.68,file
2026-07-13,Croatia Open,ATP250,Outdoor,Clay,1st Round,3,Prizmic D.,Kopriva V.,84,64,Completed,1.3,3.5,,,1.33,3.8,1.29,3.42,file
2026-07-13,Croatia Open,ATP250,Outdoor,Clay,1st Round,3,Trungelliti M.,Jacquet K.,99,130,Completed,1.67,2.2,,,1.81,2.2,1.75,2.03,file
2026-07-13,Croatia Open,ATP250,Outdoor,Clay,1st Round,3,Van Assche L.,Lajovic D.,86,152,Completed,1.73,2.1,,,1.74,2.2,1.7,2.11,file
2026-07-13,Nordea Open,ATP250,Outdoor,Clay,1st Round,3,De Jong J.,Gaubas V.,73,128,Completed,1.4,3,,,1.44,3.1,1.4,2.87,file
2026-07-13,Suisse Open Gstaad,ATP250,Outdoor,Clay,1st Round,3,Collignon R.,Skatov T.,42,163,Completed,1.2,4.5,,,1.21,5.8,1.16,4.99,file
2026-07-13,Suisse Open Gstaad,ATP250,Outdoor,Clay,1st Round,3,Kecmanovic M.,Feldbausch K.,59,262,Completed,1.36,3.2,,,1.4,3.2,1.36,3.03,file
2026-07-13,Suisse Open Gstaad,ATP250,Outdoor,Clay,1st Round,3,Sonego L.,Schwaerzler J.J.,83,171,Completed,1.4,3,,,1.44,3,1.41,2.83,file
2026-07-13,Suisse Open Gstaad,ATP250,Outdoor,Clay,1st Round,3,Stricker D.,Munar J.,360,44,Completed,4,1.25,,,4.1,1.28,3.85,1.24,file
2026-07-13,Suisse Open Gstaad,ATP250,Outdoor,Clay,1st Round,3,Tabur C.,Rodionov J.,178,143,Completed,1.62,2.3,,,1.67,2.38,1.61,2.25,file
2026-07-14,Croatia Open,ATP250,Outdoor,Clay,1st Round,3,Burruchaga R.,Cecchinato M.,67,175,Completed,1.8,2,,,1.8,2.25,1.72,2.07,file
2026-07-14,Croatia Open,ATP250,Outdoor,Clay,1st Round,3,Carreno Busta P.,Dodig M.,65,254,Completed,1.4,3,,,1.4,3.1,1.36,3,file
2026-07-14,Croatia Open,ATP250,Outdoor,Clay,1st Round,3,Droguet T.,Blockx A.,119,37,Completed,2.63,1.5,,,2.63,1.54,2.53,1.49,file
2026-07-14,Croatia Open,ATP250,Outdoor,Clay,1st Round,3,Gomez F.A.,McDonald N.,209,505,Completed,1.62,2.3,,,1.67,2.3,1.63,2.23,file
2026-07-14,Croatia Open,ATP250,Outdoor,Clay,1st Round,3,Merida Aguilar D.,Sesko Z.,82,957,Completed,1.14,5.5,,,1.17,6.5,1.13,5.86,file
2026-07-14,Croatia Open,ATP250,Outdoor,Clay,1st Round,3,Molcan A.,Royer V.,101,77,Completed,1.62,2.3,,,1.62,2.38,1.59,2.29,file
2026-07-14,Croatia Open,ATP250,Outdoor,Clay,1st Round,3,Prado Angelo J.C.,Neumayer L.,173,162,Completed,3,1.4,,,3,1.44,2.8,1.42,file
2026-07-14,Croatia Open,ATP250,Outdoor,Clay,1st Round,3,Ugo Carabelli C.,Topo M.,58,374,Completed,1.36,3.2,,,1.4,3.2,1.36,3.01,file
2026-07-14,Nordea Open,ATP250,Outdoor,Clay,1st Round,3,Altmaier D.,Gaston H.,60,107,Completed,1.57,2.38,,,1.58,2.6,1.53,2.46,file
2026-07-14,Nordea Open,ATP250,Outdoor,Clay,1st Round,3,Baez S.,Dahlin M.,56,1360,Completed,1.02,19,,,1.02,21,1.02,15.18,file
2026-07-14,Nordea Open,ATP250,Outdoor,Clay,1st Round,3,Basilashvili N.,Choinski J.,135,75,Completed,2.38,1.57,,,2.5,1.57,2.42,1.54,file
2026-07-14,Nordea Open,ATP250,Outdoor,Clay,1st Round,3,Borges N.,Kouame M.,52,211,Completed,1.29,3.75,,,1.3,3.8,1.29,3.55,file
2026-07-14,Nordea Open,ATP250,Outdoor,Clay,1st Round,3,Dimitrov G.,Svrcina D.,146,114,Completed,1.53,2.5,,,1.57,2.5,1.55,2.38,file
2026-07-14,Nordea Open,ATP250,Outdoor,Clay,1st Round,3,Midon L.,Diaz Acosta F.,213,110,Completed,4,1.25,,,4.1,1.29,3.94,1.23,file
2026-07-14,Nordea Open,ATP250,Outdoor,Clay,1st Round,3,Pellegrino A.,Budkov Kjaer N.,138,118,Completed,1.8,2,,,1.85,2,1.8,1.96,file
2026-07-14,Nordea Open,ATP250,Outdoor,Clay,1st Round,3,Tirante T.A.,Ofner S.,61,125,Completed,1.62,2.3,,,1.66,2.3,1.62,2.25,file
2026-07-14,Nordea Open,ATP250,Outdoor,Clay,1st Round,3,Travaglia S.,Krumich M.,150,278,Completed,2.2,1.67,,,2.2,1.73,2.13,1.69,file
2026-07-14,Nordea Open,ATP250,Outdoor,Clay,1st Round,3,Vallejo D.,Damas M.,71,300,Completed,1.2,4.5,,,1.2,5,1.18,4.61,file
2026-07-14,Nordea Open,ATP250,Outdoor,Clay,1st Round,3,Van De Zandschulp B.,Daniel T.,55,194,Completed,1.57,2.38,,,1.6,2.4,1.56,2.38,file
2026-07-14,Suisse Open Gstaad,ATP250,Outdoor,Clay,1st Round,3,Cerundolo J.M.,Kolar Z.,45,153,Completed,1.17,5,,,1.2,5,1.18,4.55,file
2026-07-14,Suisse Open Gstaad,ATP250,Outdoor,Clay,1st Round,3,Faria J.,Wawrinka S.,92,117,Completed,1.44,2.75,,,1.48,2.75,1.45,2.68,file
2026-07-14,Suisse Open Gstaad,ATP250,Outdoor,Clay,1st Round,3,Halys Q.,Cina F.,90,184,Completed,1.8,2,,,1.8,2.1,1.75,2.02,file
2026-07-14,Suisse Open Gstaad,ATP250,Outdoor,Clay,1st Round,3,Hanfmann Y.,Martinez P.,51,157,Completed,1.3,3.5,,,1.3,3.65,1.29,3.5,file
2026-07-14,Suisse Open Gstaad,ATP250,Outdoor,Clay,1st Round,3,Kym J.,Dietrich D.,186,618,Completed,1.62,2.3,,,1.62,2.55,1.54,2.42,file
2026-07-14,Suisse Open Gstaad,ATP250,Outdoor,Clay,1st Round,3,Shevchenko A.,Muller A.,100,132,Completed,1.53,2.5,,,1.57,2.63,1.51,2.48,file
2026-07-14,Suisse Open Gstaad,ATP250,Outdoor,Clay,1st Round,3,Tsitsipas S.,Buse I.,85,33,Completed,2.2,1.67,,,2.2,1.8,2.07,1.73,file
2026-07-15,Croatia Open,ATP250,Outdoor,Clay,2nd Round,3,Arnaldi M.,Gomez F.A.,34,209,Completed,1.29,3.75,,,1.29,4,1.26,3.74,file
2026-07-15,Croatia Open,ATP250,Outdoor,Clay,2nd Round,3,Burruchaga R.,Cobolli F.,67,9,Completed,3.2,1.36,,,3.2,1.47,2.83,1.41,file
2026-07-15,Croatia Open,ATP250,Outdoor,Clay,2nd Round,3,Davidovich Fokina A.,Trungelliti M.,20,99,Completed,1.3,3.5,,,1.4,3.5,1.34,3.15,file
2026-07-15,Croatia Open,ATP250,Outdoor,Clay,2nd Round,3,Droguet T.,Van Assche L.,119,86,Completed,1.67,2.2,,,1.67,2.5,1.61,2.26,file
2026-07-15,Croatia Open,ATP250,Outdoor,Clay,2nd Round,3,Dzumhur D.,Prado Angelo J.C.,108,173,Completed,1.44,2.75,,,1.5,2.75,1.46,2.65,file
2026-07-15,Croatia Open,ATP250,Outdoor,Clay,2nd Round,3,Merida Aguilar D.,Etcheverry T.,82,30,Completed,2.63,1.5,,,2.63,1.58,2.42,1.53,file
2026-07-15,Croatia Open,ATP250,Outdoor,Clay,2nd Round,3,Molcan A.,Prizmic D.,101,84,Retired,3.4,1.33,,,3.75,1.33,3.42,1.31,file
2026-07-15,Croatia Open,ATP250,Outdoor,Clay,2nd Round,3,Ugo Carabelli C.,Carreno Busta P.,58,65,Completed,2.38,1.57,,,2.38,1.73,2.21,1.63,file
2026-07-15,Nordea Open,ATP250,Outdoor,Clay,2nd Round,3,Borges N.,Dimitrov G.,52,146,Completed,1.5,2.63,,,1.5,2.75,1.47,2.63,file
2026-07-15,Nordea Open,ATP250,Outdoor,Clay,2nd Round,3,Darderi L.,Altmaier D.,18,60,Completed,1.53,2.5,,,1.55,2.63,1.51,2.49,file
2026-07-15,Nordea Open,ATP250,Outdoor,Clay,2nd Round,3,Travaglia S.,Navone M.,150,48,Completed,5,1.17,,,5.25,1.18,4.92,1.16,file
2026-07-15,Nordea Open,ATP250,Outdoor,Clay,2nd Round,3,Vallejo D.,Van De Zandschulp B.,71,55,Completed,1.8,2,,,1.95,2.07,1.84,1.92,file
2026-07-15,Suisse Open Gstaad,ATP250,Outdoor,Clay,2nd Round,3,Collignon R.,Sonego L.,42,83,Completed,1.4,3,,,1.5,3,1.45,2.68,file
2026-07-15,Suisse Open Gstaad,ATP250,Outdoor,Clay,2nd Round,3,Rinderknech A.,Tabur C.,28,178,Completed,1.44,2.75,,,1.5,2.8,1.45,2.7,file
2026-07-15,Suisse Open Gstaad,ATP250,Outdoor,Clay,2nd Round,3,Vacherot V.,Hanfmann Y.,21,51,Completed,2.5,1.53,,,2.53,1.57,2.4,1.54,file
2026-07-16,Croatia Open,ATP250,Outdoor,Clay,Quarterfinals,3,Burruchaga R.,Ugo Carabelli C.,67,58,Completed,1.67,2.2,,,1.73,2.23,1.66,2.17,file
2026-07-16,Croatia Open,ATP250,Outdoor,Clay,Quarterfinals,3,Dzumhur D.,Arnaldi M.,108,34,Completed,2.75,1.44,,,2.75,1.45,2.71,1.44,file
2026-07-16,Croatia Open,ATP250,Outdoor,Clay,Quarterfinals,3,Merida Aguilar D.,Droguet T.,82,119,Completed,1.62,2.3,,,1.67,2.3,1.63,2.23,file
2026-07-16,Croatia Open,ATP250,Outdoor,Clay,Quarterfinals,3,Molcan A.,Davidovich Fokina A.,101,20,Completed,2.3,1.62,,,2.3,1.67,2.24,1.62,file
2026-07-16,Nordea Open,ATP250,Outdoor,Clay,2nd Round,3,Baez S.,De Jong J.,56,73,Completed,2,1.8,,,2.1,1.95,1.94,1.82,file
2026-07-16,Nordea Open,ATP250,Outdoor,Clay,2nd Round,3,Rublev A.,Pellegrino A.,16,138,Completed,1.33,3.4,,,1.35,3.4,1.33,3.22,file
2026-07-16,Nordea Open,ATP250,Outdoor,Clay,2nd Round,3,Tabilo A.,Midon L.,31,213,Completed,1.3,3.5,,,1.3,3.6,1.29,3.51,file
2026-07-16,Nordea Open,ATP250,Outdoor,Clay,2nd Round,3,Tirante T.A.,Basilashvili N.,61,135,Completed,1.4,3,,,1.4,3,1.38,2.93,file
2026-07-16,Suisse Open Gstaad,ATP250,Outdoor,Clay,2nd Round,3,Cerundolo J.M.,Kecmanovic M.,45,59,Completed,1.67,2.2,,,1.77,2.2,1.7,2.12,file
2026-07-16,Suisse Open Gstaad,ATP250,Outdoor,Clay,2nd Round,3,Ruud C.,Faria J.,13,92,Completed,1.2,4.5,,,1.25,4.7,1.23,4.01,file
2026-07-16,Suisse Open Gstaad,ATP250,Outdoor,Clay,2nd Round,3,Tsitsipas S.,Kym J.,85,186,Completed,1.3,3.5,,,1.33,3.5,1.31,3.37,file
2026-07-17,Croatia Open,ATP250,Outdoor,Clay,Semifinals,3,Dzumhur D.,Molcan A.,108,101,Completed,3.2,1.36,,,3.2,1.47,2.93,1.39,file
2026-07-17,Croatia Open,ATP250,Outdoor,Clay,Semifinals,3,Merida Aguilar D.,Burruchaga R.,82,67,Completed,1.57,2.38,,,1.67,2.5,1.59,2.3,file
2026-07-17,Nordea Open,ATP250,Outdoor,Clay,Quarterfinals,3,Darderi L.,Borges N.,18,52,Completed,1.67,2.2,,,1.73,2.21,1.67,2.17,file
2026-07-17,Nordea Open,ATP250,Outdoor,Clay,Quarterfinals,3,Rublev A.,Baez S.,16,56,Completed,1.57,2.38,,,1.58,2.54,1.54,2.42,file
2026-07-17,Nordea Open,ATP250,Outdoor,Clay,Quarterfinals,3,Tabilo A.,Tirante T.A.,31,61,Walkover,1.73,2.1,,,1.75,2.15,1.7,2.1,file
2026-07-17,Nordea Open,ATP250,Outdoor,Clay,Quarterfinals,3,Vallejo D.,Travaglia S.,71,150,Completed,1.36,3.2,,,1.38,3.25,1.35,3.06,file
2026-07-17,Suisse Open Gstaad,ATP250,Outdoor,Clay,Quarterfinals,3,Cerundolo J.M.,Ruud C.,45,13,Completed,3.5,1.3,,,3.5,1.33,3.36,1.31,file
2026-07-17,Suisse Open Gstaad,ATP250,Outdoor,Clay,Quarterfinals,3,Collignon R.,Vacherot V.,42,21,Completed,1.67,2.2,,,1.68,2.25,1.66,2.17,file
2026-07-17,Suisse Open Gstaad,ATP250,Outdoor,Clay,2nd Round,3,Halys Q.,Bublik A.,90,11,Completed,3.2,1.36,,,3.2,1.45,2.83,1.41,file
2026-07-17,Suisse Open Gstaad,ATP250,Outdoor,Clay,2nd Round,3,Shevchenko A.,Stricker D.,100,360,Completed,2,1.8,,,2,1.95,1.9,1.86,file
2026-07-17,Suisse Open Gstaad,ATP250,Outdoor,Clay,Quarterfinals,3,Shevchenko A.,Halys Q.,100,90,Completed,2.3,1.62,,,2.3,1.67,2.23,1.62,file
2026-07-17,Suisse Open Gstaad,ATP250,Outdoor,Clay,Quarterfinals,3,Tsitsipas S.,Rinderknech A.,85,28,Completed,1.62,2.3,,,1.62,2.5,1.54,2.4,file
2026-07-18,Croatia Open,ATP250,Outdoor,Clay,The Final,3,Merida Aguilar D.,Dzumhur D.,82,108,Completed,1.44,2.75,,,1.44,2.95,1.41,2.82,file
2026-07-18,Nordea Open,ATP250,Outdoor,Clay,Semifinals,3,Darderi L.,Vallejo D.,18,71,Completed,1.4,3,,,3,3,1.5,2.85,file
2026-07-18,Nordea Open,ATP250,Outdoor,Clay,Semifinals,3,Rublev A.,Tabilo A.,16,31,Completed,1.44,2.75,,,1.5,2.88,1.44,2.69,file
2026-07-18,Suisse Open Gstaad,ATP250,Outdoor,Clay,Semifinals,3,Collignon R.,Cerundolo J.M.,42,45,Completed,1.73,2.1,,,1.78,2.17,1.71,2.09,file
2026-07-18,Suisse Open Gstaad,ATP250,Outdoor,Clay,Semifinals,3,Tsitsipas S.,Shevchenko A.,85,100,Completed,1.25,4,,,1.29,4,1.26,3.72,file
2026-07-19,Nordea Open,ATP250,Outdoor,Clay,The Final,3,Rublev A.,Darderi L.,16,18,Completed,1.67,2.2,,,1.73,2.2,1.67,2.14,file
2026-07-19,Suisse Open Gstaad,ATP250,Outdoor,Clay,The Final,3,Tsitsipas S.,Collignon R.,85,42,Completed,1.67,2.2,,,1.73,2.33,1.65,2.19,file
2026-07-20,Estoril Open,ATP250,Outdoor,Clay,1st Round,3,Droguet T.,Ugo Carabelli C.,114,69,Completed,2.1,1.73,,,2.1,1.79,2.06,1.73,file
2026-07-20,Estoril Open,ATP250,Outdoor,Clay,1st Round,3,Martinez P.,Rocha H.,159,123,Completed,2.1,1.73,,,2.2,1.78,2.09,1.72,file
2026-07-20,Estoril Open,ATP250,Outdoor,Clay,1st Round,3,Torres T.,Basilashvili N.,427,130,Completed,3.75,1.29,,,3.75,1.32,3.44,1.3,file
2026-07-20,Estoril Open,ATP250,Outdoor,Clay,1st Round,3,Van Assche L.,Ferreira Silva F.,78,235,Completed,1.2,4.5,,,1.24,4.5,1.21,4.23,file
2026-07-20,Generali Open,ATP250,Outdoor,Clay,1st Round,3,Buse I.,Kopriva V.,35,68,Completed,1.5,2.63,,,1.53,2.63,1.5,2.54,file
2026-07-20,Generali Open,ATP250,Outdoor,Clay,1st Round,3,Diaz Acosta F.,Cina F.,108,184,Completed,1.57,2.38,,,1.63,2.55,1.54,2.43,file
2026-07-20,Generali Open,ATP250,Outdoor,Clay,1st Round,3,Hanfmann Y.,Neumayer L.,52,172,Completed,1.3,3.5,,,1.34,3.5,1.31,3.35,file
2026-07-20,Generali Open,ATP250,Outdoor,Clay,1st Round,3,Navone M.,Muller A.,47,133,Completed,1.17,5,,,1.2,5,1.17,4.79,file
2026-07-20,Generali Open,ATP250,Outdoor,Clay,1st Round,3,Rodionov J.,Schwaerzler J.J.,145,185,Completed,1.57,2.38,,,1.63,2.4,1.58,2.31,file
2026-07-21,Estoril Open,ATP250,Outdoor,Clay,1st Round,3,Borges N.,Luz O.,48,1072,Completed,1.04,13,,,1.05,13,1.03,11.5,file
2026-07-21,Estoril Open,ATP250,Outdoor,Clay,1st Round,3,Bueno G.,Pereira T.,180,371,Completed,1.3,3.5,,,1.33,3.5,1.31,3.33,file
2026-07-21,Estoril Open,ATP250,Outdoor,Clay,1st Round,3,Burruchaga R.,Wawrinka S.,60,118,Completed,1.44,2.75,,,1.5,2.8,1.44,2.7,file
2026-07-21,Estoril Open,ATP250,Outdoor,Clay,1st Round,3,Carreno Busta P.,Gaubas V.,65,128,Completed,1.36,3.2,,,1.41,3.2,1.38,2.95,file
2026-07-21,Estoril Open,ATP250,Outdoor,Clay,1st Round,3,Faria J.,Van De Zandschulp B.,88,55,Completed,1.62,2.3,,,1.62,2.5,1.55,2.4,file
2026-07-21,Estoril Open,ATP250,Outdoor,Clay,1st Round,3,Gaston H.,Dzumhur D.,109,87,Retired,1.8,2,,,1.91,2,1.85,1.92,file
2026-07-21,Estoril Open,ATP250,Outdoor,Clay,1st Round,3,Jacquet K.,Merida Aguilar D.,134,59,Completed,3,1.4,,,3,1.44,2.84,1.4,file
2026-07-21,Estoril Open,ATP250,Outdoor,Clay,1st Round,3,Skatov T.,De Jong J.,163,98,Completed,,,,,6,1.14,5.5,1.14,file
2026-07-21,Generali Open,ATP250,Outdoor,Clay,1st Round,3,Altmaier D.,Collignon R.,61,37,Completed,2.38,1.57,,,2.4,1.62,2.29,1.59,file
2026-07-21,Generali Open,ATP250,Outdoor,Clay,1st Round,3,Baez S.,Kecmanovic M.,56,58,Completed,2.2,1.67,,,2.21,1.7,2.18,1.66,file
2026-07-21,Generali Open,ATP250,Outdoor,Clay,1st Round,3,Feldbausch K.,Vallejo D.,284,63,Completed,2.5,1.53,,,2.5,1.57,2.43,1.54,file
2026-07-21,Generali Open,ATP250,Outdoor,Clay,1st Round,3,Halys Q.,Djere L.,83,221,Completed,2.38,1.57,,,2.38,1.62,2.28,1.59,file
2026-07-21,Generali Open,ATP250,Outdoor,Clay,1st Round,3,Molcan A.,Ofner S.,81,124,Completed,1.67,2.2,,,1.73,2.2,1.67,2.15,file
2026-07-21,Generali Open,ATP250,Outdoor,Clay,1st Round,3,Struff J.L.,Shevchenko A.,41,84,Completed,1.67,2.2,,,1.68,2.21,1.65,2.19,file
2026-07-21,Generali Open,ATP250,Outdoor,Clay,1st Round,3,Trungelliti M.,Cerundolo J.M.,95,50,Completed,3.5,1.3,,,3.5,1.36,3.2,1.33,file
2026-07-22,Estoril Open,ATP250,Outdoor,Clay,2nd Round,3,Blockx A.,Jacquet K.,38,134,Completed,1.36,3.2,,,1.4,3.2,1.37,2.98,file
2026-07-22,Estoril Open,ATP250,Outdoor,Clay,2nd Round,3,Burruchaga R.,Borges N.,60,48,Completed,3,1.4,,,3.1,1.44,2.96,1.38,file
2026-07-22,Estoril Open,ATP250,Outdoor,Clay,2nd Round,3,Gaston H.,Droguet T.,109,114,Completed,2.38,1.57,,,2.5,1.62,2.35,1.56,file
2026-07-22,Estoril Open,ATP250,Outdoor,Clay,2nd Round,3,Torres T.,Tabilo A.,427,30,Completed,7,1.1,,,7,1.13,6.55,1.1,file
2026-07-22,Generali Open,ATP250,Outdoor,Clay,2nd Round,3,Baez S.,Rinderknech A.,56,27,Completed,1.8,2,,,1.87,2,1.81,1.96,file
2026-07-22,Generali Open,ATP250,Outdoor,Clay,2nd Round,3,Bublik A.,Diaz Acosta F.,11,108,Completed,1.44,2.75,,,1.45,2.88,1.42,2.76,file
2026-07-22,Generali Open,ATP250,Outdoor,Clay,2nd Round,3,Buse I.,Feldbausch K.,35,284,Completed,1.4,3,,,1.44,3,1.42,2.8,file
2026-07-22,Generali Open,ATP250,Outdoor,Clay,2nd Round,3,Etcheverry T.,Rodionov J.,31,145,Completed,1.44,2.75,,,1.58,2.75,1.48,2.56,file
2026-07-22,Generali Open,ATP250,Outdoor,Clay,2nd Round,3,Halys Q.,Vacherot V.,83,19,Completed,2.5,1.53,,,2.5,1.55,2.45,1.53,file
2026-07-22,Generali Open,ATP250,Outdoor,Clay,2nd Round,3,Hanfmann Y.,Trungelliti M.,52,95,Completed,1.44,2.75,,,1.5,2.75,1.45,2.67,file
2026-07-22,Generali Open,ATP250,Outdoor,Clay,2nd Round,3,Molcan A.,Altmaier D.,81,61,Completed,1.67,2.2,,,1.71,2.2,1.67,2.16,file
2026-07-22,Generali Open,ATP250,Outdoor,Clay,2nd Round,3,Navone M.,Struff J.L.,47,41,Completed,1.44,2.75,,,1.45,2.9,1.42,2.76,file
2026-07-23,Estoril Open,ATP250,Outdoor,Clay,2nd Round,3,Darderi L.,Martinez P.,21,159,Completed,1.3,3.5,,,1.33,3.6,1.3,3.41,file
2026-07-23,Estoril Open,ATP250,Outdoor,Clay,2nd Round,3,Faria J.,Bueno G.,88,180,Completed,1.17,5,,,1.19,5,1.17,4.76,file
2026-07-23,Estoril Open,ATP250,Outdoor,Clay,2nd Round,3,Rublev A.,Skatov T.,14,163,Completed,1.06,10,,,1.06,11,1.05,9.8,file
2026-07-23,Estoril Open,ATP250,Outdoor,Clay,2nd Round,3,Van Assche L.,Carreno Busta P.,78,65,Completed,3,1.4,,,3,1.44,2.83,1.41,file
2026-07-23,Generali Open,ATP250,Outdoor,Clay,Quarterfinals,3,Bublik A.,Molcan A.,11,81,Completed,1.57,2.38,,,1.67,2.38,1.61,2.25,file
2026-07-23,Generali Open,ATP250,Outdoor,Clay,Quarterfinals,3,Etcheverry T.,Buse I.,31,35,Completed,1.91,1.91,,,2.02,1.91,1.94,1.82,file
2026-07-23,Generali Open,ATP250,Outdoor,Clay,Quarterfinals,3,Halys Q.,Navone M.,83,47,Completed,3,1.4,,,3,1.44,2.8,1.41,file
2026-07-23,Generali Open,ATP250,Outdoor,Clay,Quarterfinals,3,Hanfmann Y.,Baez S.,52,56,Completed,1.73,2.1,,,1.78,2.23,1.7,2.11,file
2026-07-24,Estoril Open,ATP250,Outdoor,Clay,Quarterfinals,3,Blockx A.,Burruchaga R.,38,60,Completed,1.91,1.91,,,2,1.91,1.92,1.83,file
2026-07-24,Estoril Open,ATP250,Outdoor,Clay,Quarterfinals,3,Darderi L.,Faria J.,21,88,Completed,1.5,2.63,,,1.53,2.63,1.51,2.52,file
2026-07-24,Estoril Open,ATP250,Outdoor,Clay,Quarterfinals,3,Gaston H.,Torres T.,109,427,Completed,1.4,3,,,1.44,3.15,1.38,2.93,file
2026-07-24,Estoril Open,ATP250,Outdoor,Clay,Quarterfinals,3,Van Assche L.,Rublev A.,78,14,Completed,4.5,1.2,,,4.5,1.23,4.32,1.2,file
2026-07-24,Generali Open,ATP250,Outdoor,Clay,Semifinals,3,Bublik A.,Etcheverry T.,11,31,Completed,1.53,2.5,,,1.57,2.65,1.53,2.46,file
2026-07-24,Generali Open,ATP250,Outdoor,Clay,Semifinals,3,Halys Q.,Hanfmann Y.,83,52,Completed,2.2,1.67,,,2.25,1.67,2.18,1.65,file
2026-07-25,Estoril Open,ATP250,Outdoor,Clay,Semifinals,3,Blockx A.,Darderi L.,38,21,Completed,2.5,1.53,,,2.5,1.6,2.41,1.55,file
2026-07-25,Estoril Open,ATP250,Outdoor,Clay,Semifinals,3,Van Assche L.,Gaston H.,78,109,Completed,1.57,2.38,,,1.63,2.45,1.56,2.35,file
2026-07-25,Generali Open,ATP250,Outdoor,Clay,The Final,3,Halys Q.,Bublik A.,83,11,Completed,2.75,1.44,,,2.9,1.46,2.75,1.42,file
2026-07-26,Estoril Open,ATP250,Outdoor,Clay,The Final,3,Van Assche L.,Blockx A.,78,38,Completed,2.3,1.62,,,2.31,1.63,2.26,1.6,file
